type,param,seed,P0_sim,W_sim,L_sim,throughput_sim,time,P0_th,W_th,L_th,thr_th
lambda,0.06,1,0.9901602867307103,0.1683447198542516,0.010107821007376915,0.0600424,0.11,0.99,0.16835016835016836,0.010101010101010102,0.06
lambda,0.06,2,0.9899249203195221,0.1684096106849532,0.010102825181146068,0.0599896,0.11,0.99,0.16835016835016836,0.010101010101010102,0.06
lambda,0.06,3,0.9900049134319906,0.16805861293442678,0.010090155091276518,0.0600395,0.10,0.99,0.16835016835016836,0.010101010101010102,0.06
lambda,0.06,4,0.9900597649124389,0.16842872838851813,0.010091929390456068,0.0599181,0.10,0.99,0.16835016835016836,0.010101010101010102,0.06
lambda,0.06,5,0.9900200864081972,0.16838581648789044,0.010109985453422834,0.0600406,0.10,0.99,0.16835016835016836,0.010101010101010102,0.06
lambda,0.06,6,0.9899059107519138,0.16801932974508277,0.010078740306356637,0.0599856,0.10,0.99,0.16835016835016836,0.010101010101010102,0.06
lambda,0.06,7,0.989950117738159,0.16843127346566494,0.010092587180463457,0.0599211,0.11,0.99,0.16835016835016836,0.010101010101010102,0.06
lambda,0.06,8,0.9900845780995469,0.16845505973322816,0.010123862716365466,0.0600983,0.11,0.99,0.16835016835016836,0.010101010101010102,0.06
lambda,0.06,9,0.9900989603825046,0.16831804150362045,0.010096322074336568,0.0599836,0.11,0.99,0.16835016835016836,0.010101010101010102,0.06
lambda,0.06,10,0.9901779290520634,0.16851593633325315,0.010095098830386229,0.0599059,0.11,0.99,0.16835016835016836,0.010101010101010102,0.06
lambda,0.06,11,0.9897831672181624,0.16848847272699904,0.010112442249212664,0.0600186,0.10,0.99,0.16835016835016836,0.010101010101010102,0.06
lambda,0.06,12,0.9902122052681415,0.1681973445087589,0.01007177472732564,0.0598807,0.10,0.99,0.16835016835016836,0.010101010101010102,0.06
lambda,0.06,13,0.9902084391629123,0.16854229430770082,0.01011953216367582,0.0600415,0.10,0.99,0.16835016835016836,0.010101010101010102,0.06
lambda,0.06,14,0.9899432684377577,0.16836482951814394,0.010105172885264241,0.0600195,0.10,0.99,0.16835016835016836,0.010101010101010102,0.06
lambda,0.06,15,0.9898791055241064,0.168559174303574,0.010120983917801227,0.0600441,0.11,0.99,0.16835016835016836,0.010101010101010102,0.06
lambda,0.06,16,0.9900797130131118,0.1682021963720183,0.010071493372826252,0.0598773,0.10,0.99,0.16835016835016836,0.010101010101010102,0.06
lambda,0.06,17,0.9901039353884472,0.16833936090320065,0.010083948566503976,0.0599026,0.10,0.99,0.16835016835016836,0.010101010101010102,0.06
lambda,0.06,18,0.9900225297714838,0.1685123042850706,0.010104857177684688,0.0599651,0.10,0.99,0.16835016835016836,0.010101010101010102,0.06
lambda,0.06,19,0.990099999001009,0.168059286230929,0.010093741566601335,0.0600606,0.11,0.99,0.16835016835016836,0.010101010101010102,0.06
lambda,0.06,20,0.9899901433214343,0.16829209437624723,0.01010775782191291,0.0600608,0.11,0.99,0.16835016835016836,0.010101010101010102,0.06
lambda,0.06,21,0.9899920762280182,0.16870536630471863,0.010134536246803579,0.0600724,0.10,0.99,0.16835016835016836,0.010101010101010102,0.06
lambda,0.06,22,0.9901164031040828,0.16855236623530181,0.010112872290332132,0.0599984,0.10,0.99,0.16835016835016836,0.010101010101010102,0.06
lambda,0.06,23,0.9900361487788318,0.16844618752128535,0.010097793069482237,0.0599467,0.12,0.99,0.16835016835016836,0.010101010101010102,0.06
lambda,0.06,24,0.9899763402196216,0.16833541624923504,0.010074605325850718,0.0598484,0.11,0.99,0.16835016835016836,0.010101010101010102,0.06
lambda,0.06,25,0.9900578735710692,0.1685715460107766,0.010118911621007292,0.0600274,0.11,0.99,0.16835016835016836,0.010101010101010102,0.06
lambda,0.06,26,0.9900794047309766,0.16810131746561527,0.010093946189594307,0.0600468,0.10,0.99,0.16835016835016836,0.010101010101010102,0.06
lambda,0.06,27,0.9900411589863787,0.16822079324010483,0.010091043902014846,0.0599869,0.11,0.99,0.16835016835016836,0.010101010101010102,0.06
lambda,0.06,28,0.9900568914965777,0.16824758356373182,0.01010523588972979,0.0600617,0.10,0.99,0.16835016835016836,0.010101010101010102,0.06
lambda,0.06,29,0.9901330824483968,0.16795116905295093,0.010068303092152491,0.0599478,0.11,0.99,0.16835016835016836,0.010101010101010102,0.06
lambda,0.06,30,0.989955126796759,0.1681562773998364,0.010102896408693132,0.0600804,0.10,0.99,0.16835016835016836,0.010101010101010102,0.06
lambda,0.06,31,0.989780527441578,0.1684986891124287,0.010098901532477769,0.0599346,0.10,0.99,0.16835016835016836,0.010101010101010102,0.06
lambda,0.06,32,0.9900615034016779,0.16862442564422625,0.010122389371882387,0.0600292,0.10,0.99,0.16835016835016836,0.010101010101010102,0.06
lambda,0.06,33,0.9899646654888496,0.1685827507881062,0.010114627881784796,0.059998,0.10,0.99,0.16835016835016836,0.010101010101010102,0.06
lambda,0.06,34,0.9900149200425905,0.1682273135955521,0.010080079694257324,0.0599194,0.10,0.99,0.16835016835016836,0.010101010101010102,0.06
lambda,0.06,35,0.9899486013706301,0.16876485948903722,0.010126161593117414,0.0600016,0.11,0.99,0.16835016835016836,0.010101010101010102,0.06
lambda,0.06,36,0.9900358728562054,0.1683559175743235,0.010108998413117284,0.0600454,0.10,0.99,0.16835016835016836,0.010101010101010102,0.06
lambda,0.06,37,0.9902527845617168,0.1681361454102406,0.010092775654998677,0.0600274,0.10,0.99,0.16835016835016836,0.010101010101010102,0.06
lambda,0.06,38,0.9901073219809342,0.16809588739761858,0.010091518932794852,0.0600343,0.11,0.99,0.16835016835016836,0.010101010101010102,0.06
lambda,0.06,39,0.9898362629464665,0.1682087435228393,0.01008715875245198,0.0599681,0.11,0.99,0.16835016835016836,0.010101010101010102,0.06
lambda,0.06,40,0.9900333111259161,0.16834849185320047,0.010107643450866156,0.06004,0.11,0.99,0.16835016835016836,0.010101010101010102,0.06
lambda,0.06,41,0.9899831888014115,0.1686161933754181,0.010130275420182406,0.060079,0.11,0.99,0.16835016835016836,0.010101010101010102,0.06
lambda,0.06,42,0.9898381526939879,0.16848809386484737,0.010124028340104016,0.0600875,0.11,0.99,0.16835016835016836,0.010101010101010102,0.06
lambda,0.06,43,0.9900089526706582,0.16851576878235253,0.010126752906052935,0.0600938,0.11,0.99,0.16835016835016836,0.010101010101010102,0.06
lambda,0.06,44,0.9901776199822897,0.16817870076374816,0.010084852609168235,0.0599651,0.11,0.99,0.16835016835016836,0.010101010101010102,0.06
lambda,0.06,45,0.9898752567506638,0.16827047870632517,0.01007654107637087,0.059883,0.10,0.99,0.16835016835016836,0.010101010101010102,0.06
lambda,0.06,46,0.9901255132550992,0.1685499014272627,0.010118640507333576,0.0600335,0.11,0.99,0.16835016835016836,0.010101010101010102,0.06
lambda,0.06,47,0.9902439187148933,0.1682813899306885,0.010087139903364323,0.0599421,0.12,0.99,0.16835016835016836,0.010101010101010102,0.06
lambda,0.06,48,0.9899896565336229,0.16874580193926308,0.010131143582249282,0.0600379,0.10,0.99,0.16835016835016836,0.010101010101010102,0.06
lambda,0.06,49,0.990119996409085,0.1679710989178173,0.010103763947884764,0.0601518,0.12,0.99,0.16835016835016836,0.010101010101010102,0.06
lambda,0.06,50,0.9901345650664816,0.16858127127242864,0.010102468694780068,0.0599264,0.11,0.99,0.16835016835016836,0.010101010101010102,0.06
lambda,0.06,51,0.9900442865656294,0.1681600870462288,0.01007368046253045,0.0599053,0.10,0.99,0.16835016835016836,0.010101010101010102,0.06
lambda,0.06,52,0.9900841175980678,0.168342417695254,0.010106437046334573,0.060035,0.11,0.99,0.16835016835016836,0.010101010101010102,0.06
lambda,0.06,53,0.9899160195321992,0.16861678397320992,0.010131406911743907,0.0600854,0.10,0.99,0.16835016835016836,0.010101010101010102,0.06
lambda,0.06,54,0.9901418104979461,0.1684327450862397,0.01009927792519446,0.0599603,0.11,0.99,0.16835016835016836,0.010101010101010102,0.06
lambda,0.06,55,0.9899801300036944,0.16863037488056418,0.01013310040479803,0.0600906,0.10,0.99,0.16835016835016836,0.010101010101010102,0.06
lambda,0.06,56,0.9899430869770397,0.16832984515315888,0.010094521985036239,0.0599687,0.10,0.99,0.16835016835016836,0.010101010101010102,0.06
lambda,0.06,57,0.9900436029566069,0.16857357901026526,0.010121461116218545,0.0600418,0.10,0.99,0.16835016835016836,0.010101010101010102,0.06
lambda,0.06,58,0.9899712274298502,0.16827291521755913,0.010106000123803993,0.0600572,0.10,0.99,0.16835016835016836,0.010101010101010102,0.06
lambda,0.06,59,0.990006219019529,0.1685909710546864,0.010111631248238242,0.0599773,0.11,0.99,0.16835016835016836,0.010101010101010102,0.06
lambda,0.06,60,0.9897923777304013,0.1682953929746478,0.010088534650022452,0.0599454,0.10,0.99,0.16835016835016836,0.010101010101010102,0.06
lambda,0.06,61,0.9900802089286427,0.16841767662944682,0.010137531525820967,0.0601928,0.10,0.99,0.16835016835016836,0.010101010101010102,0.06
lambda,0.06,62,0.9898772449456984,0.16877592234188007,0.01013713759084364,0.0600627,0.10,0.99,0.16835016835016836,0.010101010101010102,0.06
lambda,0.06,63,0.9900281083527906,0.1686070126521392,0.010131409922553127,0.0600889,0.10,0.99,0.16835016835016836,0.010101010101010102,0.06
lambda,0.06,64,0.9898285255874586,0.168262998669293,0.010067848262378477,0.059834,0.10,0.99,0.16835016835016836,0.010101010101010102,0.06
lambda,0.06,65,0.9898571838141657,0.16845076139896964,0.010105900218760667,0.0599932,0.10,0.99,0.16835016835016836,0.010101010101010102,0.06
lambda,0.06,66,0.9900613685077219,0.1682063016963111,0.010092075330435612,0.0599982,0.10,0.99,0.16835016835016836,0.010101010101010102,0.06
lambda,0.06,67,0.9898327745849298,0.1682262149065153,0.010116182497674353,0.0601344,0.10,0.99,0.16835016835016836,0.010101010101010102,0.06
lambda,0.06,68,0.9899680947051888,0.1680780428960486,0.010077740950591309,0.0599587,0.10,0.99,0.16835016835016836,0.010101010101010102,0.06
lambda,0.06,69,0.9901146546872555,0.16835722267937997,0.010111299094011811,0.0600586,0.10,0.99,0.16835016835016836,0.010101010101010102,0.06
lambda,0.06,70,0.9898916979546651,0.16847454423359437,0.010105170552948683,0.0599804,0.11,0.99,0.16835016835016836,0.010101010101010102,0.06
lambda,0.06,71,0.9900605315962913,0.1684171193751926,0.010088623335084413,0.0599026,0.12,0.99,0.16835016835016836,0.010101010101010102,0.06
lambda,0.06,72,0.9900139947182834,0.16828226974751634,0.01011277154643422,0.0600941,0.10,0.99,0.16835016835016836,0.010101010101010102,0.06
lambda,0.06,73,0.9899819745446616,0.16824139827550297,0.010108229218769287,0.0600817,0.10,0.99,0.16835016835016836,0.010101010101010102,0.06
lambda,0.06,74,0.9898022965668176,0.16875547531898963,0.010124299110739931,0.0599939,0.10,0.99,0.16835016835016836,0.010101010101010102,0.06
lambda,0.06,75,0.9901391753522736,0.16811698914469214,0.010082765988856168,0.0599747,0.10,0.99,0.16835016835016836,0.010101010101010102,0.06
lambda,0.06,76,0.9899614771894794,0.16828309998195315,0.010130322881023614,0.0601981,0.11,0.99,0.16835016835016836,0.010101010101010102,0.06
lambda,0.06,77,0.9900581273478025,0.16853445989579477,0.010130505263660286,0.0601094,0.10,0.99,0.16835016835016836,0.010101010101010102,0.06
lambda,0.06,78,0.9900324629263367,0.16809718855487962,0.010071459003671334,0.0599145,0.11,0.99,0.16835016835016836,0.010101010101010102,0.06
lambda,0.06,79,0.9899193514799445,0.16886598899113905,0.010136332968583213,0.0600259,0.11,0.99,0.16835016835016836,0.010101010101010102,0.06
lambda,0.06,80,0.9899900501499155,0.16843175601582203,0.010089129558050147,0.0599004,0.10,0.99,0.16835016835016836,0.010101010101010102,0.06
lambda,0.06,81,0.9900028029524433,0.16871496416863435,0.010112235064382604,0.0599368,0.10,0.99,0.16835016835016836,0.010101010101010102,0.06
lambda,0.06,82,0.9898643346789677,0.1682883765704837,0.01008003620679289,0.0598974,0.11,0.99,0.16835016835016836,0.010101010101010102,0.06
lambda,0.06,83,0.9896957433427696,0.16865185123812163,0.010110020739505562,0.0599461,0.10,0.99,0.16835016835016836,0.010101010101010102,0.06
lambda,0.06,84,0.9898286625890284,0.16795309783867046,0.010085768273619783,0.0600511,0.10,0.99,0.16835016835016836,0.010101010101010102,0.06
lambda,0.06,85,0.9899754422476587,0.1687882696741374,0.010137845447302878,0.0600625,0.10,0.99,0.16835016835016836,0.010101010101010102,0.06
lambda,0.06,86,0.9900072849686813,0.16842135251080387,0.01012613171408907,0.0601238,0.10,0.99,0.16835016835016836,0.010101010101010102,0.06
lambda,0.06,87,0.9900593212583095,0.1682071442662265,0.01010866064539528,0.0600965,0.10,0.99,0.16835016835016836,0.010101010101010102,0.06
lambda,0.06,88,0.990022648587706,0.16834454439371072,0.010123601190569065,0.0601362,0.10,0.99,0.16835016835016836,0.010101010101010102,0.06
lambda,0.06,89,0.9900904616936393,0.16810407529633764,0.010066357805672702,0.0598817,0.10,0.99,0.16835016835016836,0.010101010101010102,0.06
lambda,0.06,90,0.989904404091004,0.1682647863181992,0.010076957390631153,0.0598875,0.10,0.99,0.16835016835016836,0.010101010101010102,0.06
lambda,0.06,91,0.9901367286816795,0.16796641871006315,0.01007464259087146,0.0599801,0.11,0.99,0.16835016835016836,0.010101010101010102,0.06
lambda,0.06,92,0.9901026943499751,0.16810342221236518,0.010073664817444868,0.0599254,0.10,0.99,0.16835016835016836,0.010101010101010102,0.06
lambda,0.06,93,0.9898754101859509,0.16848288114186566,0.01010439013414488,0.0599728,0.11,0.99,0.16835016835016836,0.010101010101010102,0.06
lambda,0.06,94,0.9900041017364017,0.16809874292377142,0.010081654867356021,0.0599746,0.10,0.99,0.16835016835016836,0.010101010101010102,0.06
lambda,0.06,95,0.9901206165028716,0.16854712183374834,0.010110046282514643,0.0599835,0.10,0.99,0.16835016835016836,0.010101010101010102,0.06
lambda,0.06,96,0.9902059821111996,0.1679467766242211,0.010041806489204778,0.0597916,0.10,0.99,0.16835016835016836,0.010101010101010102,0.06
lambda,0.06,97,0.9898850888782629,0.1682076292404007,0.01009587236929762,0.0600203,0.10,0.99,0.16835016835016836,0.010101010101010102,0.06
lambda,0.06,98,0.9901364022306111,0.16834820072710427,0.01009208743272823,0.0599477,0.10,0.99,0.16835016835016836,0.010101010101010102,0.06
lambda,0.06,99,0.9898875637025177,0.16832581835349175,0.010103774079250177,0.0600251,0.10,0.99,0.16835016835016836,0.010101010101010102,0.06
lambda,0.06,100,0.9899681783612857,0.16797306848507765,0.010071530807910468,0.0599592,0.10,0.99,0.16835016835016836,0.010101010101010102,0.06
lambda,0.5,1,0.9167740650635133,0.1817758782032515,0.09081877337996941,0.4996195,0.46,0.9166666666666666,0.18181818181818182,0.09090909090909091,0.5
lambda,0.5,2,0.9167081476355847,0.18188086310222476,0.0909456151557108,0.5000285,0.45,0.9166666666666666,0.18181818181818182,0.09090909090909091,0.5
lambda,0.5,3,0.916700140108358,0.18172250712697602,0.09084286324576676,0.4998988,0.45,0.9166666666666666,0.18181818181818182,0.09090909090909091,0.5
lambda,0.5,4,0.9166599493672304,0.18184293632517012,0.09091290336028414,0.4999529,0.46,0.9166666666666666,0.18181818181818182,0.09090909090909091,0.5
lambda,0.5,5,0.9167197265511662,0.1816862975681712,0.09079769087243404,0.4997498,0.46,0.9166666666666666,0.18181818181818182,0.09090909090909091,0.5
lambda,0.5,6,0.91693172603016,0.18163598993080762,0.09078052346068108,0.4997937,0.46,0.9166666666666666,0.18181818181818182,0.09090909090909091,0.5
lambda,0.5,7,0.9167239880222202,0.18171877442369905,0.0908519549139756,0.4999591,0.46,0.9166666666666666,0.18181818181818182,0.09090909090909091,0.5
lambda,0.5,8,0.9165503173236638,0.1818706243490678,0.09092279947557869,0.4999312,0.46,0.9166666666666666,0.18181818181818182,0.09090909090909091,0.5
lambda,0.5,9,0.9165938339622385,0.1818999867137474,0.09092996616833653,0.4998899,0.44,0.9166666666666666,0.18181818181818182,0.09090909090909091,0.5
lambda,0.5,10,0.9169832396874222,0.18174197207896836,0.09091700310681458,0.5002532,0.47,0.9166666666666666,0.18181818181818182,0.09090909090909091,0.5
lambda,0.5,11,0.9165526768760741,0.1819633755467401,0.09102974430085195,0.5002641,0.47,0.9166666666666666,0.18181818181818182,0.09090909090909091,0.5
lambda,0.5,12,0.916807088085,0.18180919401698134,0.09085836293045214,0.4997457,0.47,0.9166666666666666,0.18181818181818182,0.09090909090909091,0.5
lambda,0.5,13,0.9166862560727159,0.1818871294956756,0.09099274702765343,0.5002704,0.45,0.9166666666666666,0.18181818181818182,0.09090909090909091,0.5
lambda,0.5,14,0.9166875611588785,0.18182437991676748,0.09093615441165677,0.5001318,0.45,0.9166666666666666,0.18181818181818182,0.09090909090909091,0.5
lambda,0.5,15,0.9167060104811922,0.18183372421038804,0.0908926418531292,0.4998668,0.45,0.9166666666666666,0.18181818181818182,0.09090909090909091,0.5
lambda,0.5,16,0.9167255277443215,0.18175128165508264,0.09085851985680941,0.4999059,0.46,0.9166666666666666,0.18181818181818182,0.09090909090909091,0.5
lambda,0.5,17,0.9167476834467568,0.18189552431272482,0.09094763482949539,0.4999993,0.47,0.9166666666666666,0.18181818181818182,0.09090909090909091,0.5
lambda,0.5,18,0.9166694671080162,0.1816990120434133,0.09083518813955763,0.4999212,0.47,0.9166666666666666,0.18181818181818182,0.09090909090909091,0.5
lambda,0.5,19,0.9166116437489468,0.18185523133823092,0.09097237024154779,0.5002461,0.45,0.9166666666666666,0.18181818181818182,0.09090909090909091,0.5
lambda,0.5,20,0.9167707354147083,0.18173266473483055,0.09086451504076792,0.49999,0.47,0.9166666666666666,0.18181818181818182,0.09090909090909091,0.5
lambda,0.5,21,0.9167288471567242,0.18183152673034714,0.09096865815629943,0.5002909,0.46,0.9166666666666666,0.18181818181818182,0.09090909090909091,0.5
lambda,0.5,22,0.9166674828800084,0.1816906415888639,0.09089577628560118,0.5002777,0.45,0.9166666666666666,0.18181818181818182,0.09090909090909091,0.5
lambda,0.5,23,0.9168688048513164,0.18168263464762066,0.09083913713219456,0.499988,0.46,0.9166666666666666,0.18181818181818182,0.09090909090909091,0.5
lambda,0.5,24,0.916494467364367,0.18185812719548666,0.09096463504742276,0.5001956,0.49,0.9166666666666666,0.18181818181818182,0.09090909090909091,0.5
lambda,0.5,25,0.916718624779532,0.18182484223570006,0.09095655000706064,0.5002427,0.46,0.9166666666666666,0.18181818181818182,0.09090909090909091,0.5
lambda,0.5,26,0.9166936450419482,0.1819737635293454,0.09094739345798683,0.499783,0.45,0.9166666666666666,0.18181818181818182,0.09090909090909091,0.5
lambda,0.5,27,0.9167159079577857,0.1818825149728202,0.09101890313205199,0.5004269,0.48,0.9166666666666666,0.18181818181818182,0.09090909090909091,0.5
lambda,0.5,28,0.9168238503561953,0.18172055615819419,0.09087934056543809,0.5001049,0.44,0.9166666666666666,0.18181818181818182,0.09090909090909091,0.5
lambda,0.5,29,0.9168690160814745,0.18157493146973608,0.09072042827016942,0.4996308,0.45,0.9166666666666666,0.18181818181818182,0.09090909090909091,0.5
lambda,0.5,30,0.9166401838169601,0.18178587798948,0.09095180126203299,0.5003238,0.47,0.9166666666666666,0.18181818181818182,0.09090909090909091,0.5
lambda,0.5,31,0.9166619477660725,0.181727979869136,0.09082097492173298,0.4997633,0.45,0.9166666666666666,0.18181818181818182,0.09090909090909091,0.5
lambda,0.5,32,0.9166198703563949,0.18188447477286093,0.09098179725969356,0.5002175,0.46,0.9166666666666666,0.18181818181818182,0.09090909090909091,0.5
lambda,0.5,33,0.9168747342673783,0.18173882725704893,0.09083261151600491,0.4997975,0.46,0.9166666666666666,0.18181818181818182,0.09090909090909091,0.5
lambda,0.5,34,0.9166016955461296,0.18195390003305817,0.09092403782239948,0.4997092,0.45,0.9166666666666666,0.18181818181818182,0.09090909090909091,0.5
lambda,0.5,35,0.9163674340796495,0.18195085437073746,0.09096045263005402,0.4999177,0.45,0.9166666666666666,0.18181818181818182,0.09090909090909091,0.5
lambda,0.5,36,0.9165679664176568,0.18192588735659318,0.09099343445701755,0.5001676,0.45,0.9166666666666666,0.18181818181818182,0.09090909090909091,0.5
lambda,0.5,37,0.9166605519774905,0.1818398736870288,0.0909493403510896,0.5001617,0.46,0.9166666666666666,0.18181818181818182,0.09090909090909091,0.5
lambda,0.5,38,0.9167185032824525,0.18195191535894137,0.09099944767174353,0.5001291,0.45,0.9166666666666666,0.18181818181818182,0.09090909090909091,0.5
lambda,0.5,39,0.9166103096596544,0.18181719412251068,0.0908435246874789,0.4996421,0.46,0.9166666666666666,0.18181818181818182,0.09090909090909091,0.5
lambda,0.5,40,0.9166133006772799,0.1818773285963262,0.09096821936406,0.5001625,0.45,0.9166666666666666,0.18181818181818182,0.09090909090909091,0.5
lambda,0.5,41,0.9166753681319935,0.18166507622991288,0.09081724191553789,0.4999158,0.45,0.9166666666666666,0.18181818181818182,0.09090909090909091,0.5
lambda,0.5,42,0.9167133568973247,0.18181323912690908,0.09095809089145136,0.5002831,0.45,0.9166666666666666,0.18181818181818182,0.09090909090909091,0.5
lambda,0.5,43,0.9165488988963192,0.18181889933151094,0.09101152279584018,0.5005614,0.45,0.9166666666666666,0.18181818181818182,0.09090909090909091,0.5
lambda,0.5,44,0.9168005153231622,0.18184130427745213,0.09089892210286492,0.4998805,0.47,0.9166666666666666,0.18181818181818182,0.09090909090909091,0.5
lambda,0.5,45,0.9167006090422488,0.18191235755351187,0.09093194805072981,0.4998668,0.47,0.9166666666666666,0.18181818181818182,0.09090909090909091,0.5
lambda,0.5,46,0.9166674998370319,0.18181835727876244,0.0909269604747231,0.5000978,0.47,0.9166666666666666,0.18181818181818182,0.09090909090909091,0.5
lambda,0.5,47,0.9167316840057346,0.18201557031356902,0.09103017307193309,0.500123,0.47,0.9166666666666666,0.18181818181818182,0.09090909090909091,0.5
lambda,0.5,48,0.9166829687076822,0.1820142132287768,0.09099571252464028,0.4999374,0.46,0.9166666666666666,0.18181818181818182,0.09090909090909091,0.5
lambda,0.5,49,0.9165313021863063,0.18190431049667652,0.09097598703410965,0.5001312,0.46,0.9166666666666666,0.18181818181818182,0.09090909090909091,0.5
lambda,0.5,50,0.9165914520307952,0.18191994997710978,0.09096243090787959,0.5000135,0.46,0.9166666666666666,0.18181818181818182,0.09090909090909091,0.5
lambda,0.5,51,0.9167750582594394,0.18168821706114552,0.09083718620950272,0.4999619,0.45,0.9166666666666666,0.18181818181818182,0.09090909090909091,0.5
lambda,0.5,52,0.916746964501789,0.18176563022987596,0.09086640167852822,0.4999097,0.46,0.9166666666666666,0.18181818181818182,0.09090909090909091,0.5
lambda,0.5,53,0.916519828014896,0.18180120707293246,0.09095919806550583,0.5003224,0.46,0.9166666666666666,0.18181818181818182,0.09090909090909091,0.5
lambda,0.5,54,0.9165392661007589,0.1820152687672464,0.09103104154718668,0.5001286,0.45,0.9166666666666666,0.18181818181818182,0.09090909090909091,0.5
lambda,0.5,55,0.9167083905515654,0.18179699512402406,0.0908827721219338,0.4999135,0.46,0.9166666666666666,0.18181818181818182,0.09090909090909091,0.5
lambda,0.5,56,0.9165152708360949,0.18179516363265305,0.09093010497110042,0.5001789,0.46,0.9166666666666666,0.18181818181818182,0.09090909090909091,0.5
lambda,0.5,57,0.9167418170123582,0.18188933465560503,0.0909442489823328,0.4999977,0.45,0.9166666666666666,0.18181818181818182,0.09090909090909091,0.5
lambda,0.5,58,0.9166469995751908,0.18186538091508542,0.09093072631142882,0.4999892,0.46,0.9166666666666666,0.18181818181818182,0.09090909090909091,0.5
lambda,0.5,59,0.916523665308437,0.181924085416034,0.09098238182076651,0.5001118,0.46,0.9166666666666666,0.18181818181818182,0.09090909090909091,0.5
lambda,0.5,60,0.9167063794541842,0.18178835235686497,0.09086490825370304,0.499839,0.46,0.9166666666666666,0.18181818181818182,0.09090909090909091,0.5
lambda,0.5,61,0.9163501427280636,0.18192452612547616,0.09102722831101748,0.5003571,0.46,0.9166666666666666,0.18181818181818182,0.09090909090909091,0.5
lambda,0.5,62,0.9164191015209339,0.18193948994995085,0.09101317393122649,0.5002387,0.45,0.9166666666666666,0.18181818181818182,0.09090909090909091,0.5
lambda,0.5,63,0.9165917462602272,0.18181258013973672,0.09094219805444595,0.5001975,0.46,0.9166666666666666,0.18181818181818182,0.09090909090909091,0.5
lambda,0.5,64,0.9165275185378099,0.18181625620268207,0.09093112785775068,0.5001265,0.46,0.9166666666666666,0.18181818181818182,0.09090909090909091,0.5
lambda,0.5,65,0.917029081556605,0.18161420814311263,0.09077412293135753,0.4998185,0.45,0.9166666666666666,0.18181818181818182,0.09090909090909091,0.5
lambda,0.5,66,0.9167349600708783,0.1818110757153573,0.09082557734657903,0.4995602,0.46,0.9166666666666666,0.18181818181818182,0.09090909090909091,0.5
lambda,0.5,67,0.9165983791679025,0.181773283973097,0.09094764510064987,0.5003356,0.47,0.9166666666666666,0.18181818181818182,0.09090909090909091,0.5
lambda,0.5,68,0.9165732229647722,0.18176578346767094,0.09088901724073833,0.5000337,0.46,0.9166666666666666,0.18181818181818182,0.09090909090909091,0.5
lambda,0.5,69,0.9168073140508187,0.18179397982222975,0.09085559542190935,0.4997723,0.46,0.9166666666666666,0.18181818181818182,0.09090909090909091,0.5
lambda,0.5,70,0.9164336533817777,0.18202492977173723,0.09105935450777781,0.5002576,0.45,0.9166666666666666,0.18181818181818182,0.09090909090909091,0.5
lambda,0.5,71,0.9166438447899155,0.18185356752373763,0.09097242900731728,0.500251,0.46,0.9166666666666666,0.18181818181818182,0.09090909090909091,0.5
lambda,0.5,72,0.9165338439908702,0.18177039908601908,0.09091530072109819,0.5001656,0.45,0.9166666666666666,0.18181818181818182,0.09090909090909091,0.5
lambda,0.5,73,0.9165473653548991,0.18178313297612794,0.09086517157715583,0.4998548,0.46,0.9166666666666666,0.18181818181818182,0.09090909090909091,0.5
lambda,0.5,74,0.9166307413231297,0.18188247677588762,0.09096146371936129,0.5001112,0.45,0.9166666666666666,0.18181818181818182,0.09090909090909091,0.5
lambda,0.5,75,0.9166367904259529,0.1818395003548122,0.09094131634214818,0.5001187,0.47,0.9166666666666666,0.18181818181818182,0.09090909090909091,0.5
lambda,0.5,76,0.9166189519327165,0.18175647219002838,0.09097714796718001,0.5005442,0.46,0.9166666666666666,0.18181818181818182,0.09090909090909091,0.5
lambda,0.5,77,0.9165644100643687,0.18200296096732857,0.09104010151198155,0.5002122,0.45,0.9166666666666666,0.18181818181818182,0.09090909090909091,0.5
lambda,0.5,78,0.916761681864093,0.18182464669224982,0.09081804726681497,0.4994815,0.46,0.9166666666666666,0.18181818181818182,0.09090909090909091,0.5
lambda,0.5,79,0.916619609748406,0.18198879647111676,0.09094879184316272,0.4997494,0.47,0.9166666666666666,0.18181818181818182,0.09090909090909091,0.5
lambda,0.5,80,0.9165132677409656,0.18178970773795125,0.09093499303644416,0.5002208,0.47,0.9166666666666666,0.18181818181818182,0.09090909090909091,0.5
lambda,0.5,81,0.9165422492391492,0.18204694185218703,0.09104730087078197,0.5001309,0.46,0.9166666666666666,0.18181818181818182,0.09090909090909091,0.5
lambda,0.5,82,0.9169216170803204,0.18180574686272064,0.09085518578395822,0.4997377,0.45,0.9166666666666666,0.18181818181818182,0.09090909090909091,0.5
lambda,0.5,83,0.9164749923510249,0.1819886214543395,0.09100650396480718,0.500067,0.46,0.9166666666666666,0.18181818181818182,0.09090909090909091,0.5
lambda,0.5,84,0.9166093408544799,0.1817949650192081,0.09090940825930932,0.5000656,0.44,0.9166666666666666,0.18181818181818182,0.09090909090909091,0.5
lambda,0.5,85,0.9168458143258784,0.18172691141419306,0.0908477363292592,0.4999135,0.46,0.9166666666666666,0.18181818181818182,0.09090909090909091,0.5
lambda,0.5,86,0.9168801290711901,0.18167238385822634,0.09085928248910155,0.5001271,0.46,0.9166666666666666,0.18181818181818182,0.09090909090909091,0.5
lambda,0.5,87,0.9168220801945798,0.18176792845700399,0.09093453206619873,0.5002782,0.46,0.9166666666666666,0.18181818181818182,0.09090909090909091,0.5
lambda,0.5,88,0.9165948097520726,0.18189715330251896,0.09100310941781957,0.5002998,0.45,0.9166666666666666,0.18181818181818182,0.09090909090909091,0.5
lambda,0.5,89,0.9166477132360957,0.18159833348999038,0.09078273209581435,0.4999095,0.46,0.9166666666666666,0.18181818181818182,0.09090909090909091,0.5
lambda,0.5,90,0.9166035881385977,0.1818605186807016,0.09096121200063026,0.5001702,0.45,0.9166666666666666,0.18181818181818182,0.09090909090909091,0.5
lambda,0.5,91,0.9168705272181106,0.18160494388730786,0.09073838355895611,0.4996471,0.46,0.9166666666666666,0.18181818181818182,0.09090909090909091,0.5
lambda,0.5,92,0.9169788767876283,0.18165358390354552,0.0908189990130233,0.4999571,0.45,0.9166666666666666,0.18181818181818182,0.09090909090909091,0.5
lambda,0.5,93,0.9166999075254305,0.18186126653863718,0.09095563919346765,0.5001375,0.46,0.9166666666666666,0.18181818181818182,0.09090909090909091,0.5
lambda,0.5,94,0.9166119691331972,0.18164795324672967,0.09085574685038768,0.5001749,0.46,0.9166666666666666,0.18181818181818182,0.09090909090909091,0.5
lambda,0.5,95,0.9167107172854628,0.18193120624566272,0.09092990822016597,0.4998038,0.47,0.9166666666666666,0.18181818181818182,0.09090909090909091,0.5
lambda,0.5,96,0.916902528630906,0.18165420068635504,0.0908353292784686,0.5000453,0.46,0.9166666666666666,0.18181818181818182,0.09090909090909091,0.5
lambda,0.5,97,0.9163609842975619,0.18189414861998232,0.09095727857172875,0.5000561,0.46,0.9166666666666666,0.18181818181818182,0.09090909090909091,0.5
lambda,0.5,98,0.9166192089110752,0.18188219928234983,0.0908623628371056,0.4995671,0.47,0.9166666666666666,0.18181818181818182,0.09090909090909091,0.5
lambda,0.5,99,0.9165721651701457,0.18182088359265122,0.09089296880941236,0.4999039,0.46,0.9166666666666666,0.18181818181818182,0.09090909090909091,0.5
lambda,0.5,100,0.9166002404339727,0.1818197089741877,0.09094238203302933,0.5001789,0.47,0.9166666666666666,0.18181818181818182,0.09090909090909091,0.5
lambda,1.0,1,0.8335669172039095,0.19989014051227288,0.19988968076494973,0.9999977,0.89,0.8333333333333334,0.2,0.19999999999999998,1.0
lambda,1.0,2,0.8331993184136499,0.200065750969434,0.2000932199970421,1.0001374,0.88,0.8333333333333334,0.2,0.19999999999999998,1.0
lambda,1.0,3,0.8335185124620103,0.19989909492985475,0.1998676508022223,0.9998427,0.87,0.8333333333333334,0.2,0.19999999999999998,1.0
lambda,1.0,4,0.8333581235211536,0.1999713547281204,0.19991606264853806,0.9997235,0.87,0.8333333333333334,0.2,0.19999999999999998,1.0
lambda,1.0,5,0.8335556506883569,0.1998584672584952,0.19981289952796027,0.999772,0.86,0.8333333333333334,0.2,0.19999999999999998,1.0
lambda,1.0,6,0.833554910690038,0.1998874012689695,0.19983265210976192,0.9997261,0.88,0.8333333333333334,0.2,0.19999999999999998,1.0
lambda,1.0,7,0.833236551327524,0.2000665991851496,0.20000043716079907,0.9996693,0.88,0.8333333333333334,0.2,0.19999999999999998,1.0
lambda,1.0,8,0.8332778580716506,0.19992807562364592,0.19995716515864917,1.0001455,0.87,0.8333333333333334,0.2,0.19999999999999998,1.0
lambda,1.0,9,0.8332320829899423,0.20003631130771163,0.20000270520741195,0.999832,0.87,0.8333333333333334,0.2,0.19999999999999998,1.0
lambda,1.0,10,0.8332927681934652,0.20004244350887415,0.20013216254478788,1.0004485,0.89,0.8333333333333334,0.2,0.19999999999999998,1.0
lambda,1.0,11,0.8335237992744358,0.20007609382841368,0.20004182079354088,0.9998288,0.87,0.8333333333333334,0.2,0.19999999999999998,1.0
lambda,1.0,12,0.8333748687532421,0.19991356403440624,0.19982330306024473,0.9995485,0.87,0.8333333333333334,0.2,0.19999999999999998,1.0
lambda,1.0,13,0.833260483328877,0.2000718410919385,0.20016337395923808,1.0004575,0.89,0.8333333333333334,0.2,0.19999999999999998,1.0
lambda,1.0,14,0.8334099933765723,0.1999005635449049,0.1999178349535952,1.0000864,0.86,0.8333333333333334,0.2,0.19999999999999998,1.0
lambda,1.0,15,0.8333190182398954,0.19999146958426467,0.20001344864677198,1.0001099,0.86,0.8333333333333334,0.2,0.19999999999999998,1.0
lambda,1.0,16,0.8332802285963908,0.19995371828145664,0.1999358824097859,0.9999108,0.87,0.8333333333333334,0.2,0.19999999999999998,1.0
lambda,1.0,17,0.8332555321257666,0.20001144163907067,0.2000511639113802,1.0001987,0.87,0.8333333333333334,0.2,0.19999999999999998,1.0
lambda,1.0,18,0.8333286670940941,0.19990345725394387,0.19992176841062834,1.0000916,0.88,0.8333333333333334,0.2,0.19999999999999998,1.0
lambda,1.0,19,0.8333440651105589,0.2000227528615531,0.20005175616071802,1.000145,0.86,0.8333333333333334,0.2,0.19999999999999998,1.0
lambda,1.0,20,0.8333432343412559,0.19997451962737414,0.19995414222382413,0.9998982,0.89,0.8333333333333334,0.2,0.19999999999999998,1.0
lambda,1.0,21,0.8331181906026695,0.2000516101023151,0.2001978478292999,1.000731,0.86,0.8333333333333334,0.2,0.19999999999999998,1.0
lambda,1.0,22,0.8332841389029555,0.19980751889848625,0.19996552668443118,1.0007908,0.87,0.8333333333333334,0.2,0.19999999999999998,1.0
lambda,1.0,23,0.8333837190760421,0.19993602082818399,0.19986032505069842,0.9996214,0.87,0.8333333333333334,0.2,0.19999999999999998,1.0
lambda,1.0,24,0.8334202195773558,0.19999450658403678,0.19998780676806624,0.9999665,0.88,0.8333333333333334,0.2,0.19999999999999998,1.0
lambda,1.0,25,0.8333930119595967,0.1999796906161283,0.19993961468612884,0.9997996,0.88,0.8333333333333334,0.2,0.19999999999999998,1.0
lambda,1.0,26,0.8332737477422829,0.20005562730139576,0.19999208963416484,0.9996824,0.88,0.8333333333333334,0.2,0.19999999999999998,1.0
lambda,1.0,27,0.8332475636614893,0.20015066919989613,0.2002214424765252,1.0003536,0.87,0.8333333333333334,0.2,0.19999999999999998,1.0
lambda,1.0,28,0.8335824762347476,0.19988548604914555,0.19986441811891598,0.9998947,0.88,0.8333333333333334,0.2,0.19999999999999998,1.0
lambda,1.0,29,0.8333428360225944,0.1999615695651883,0.19990498044100133,0.999717,0.87,0.8333333333333334,0.2,0.19999999999999998,1.0
lambda,1.0,30,0.8331887567059717,0.19991482494611543,0.20001628171977556,1.0005075,0.88,0.8333333333333334,0.2,0.19999999999999998,1.0
lambda,1.0,31,0.833288804755272,0.1999053763481872,0.19985190166001407,0.9997325,0.88,0.8333333333333334,0.2,0.19999999999999998,1.0
lambda,1.0,32,0.8334204885949305,0.1999862148721114,0.1999358783418281,0.9997484,0.88,0.8333333333333334,0.2,0.19999999999999998,1.0
lambda,1.0,33,0.8334585775980015,0.19993369598861283,0.19983642824551437,0.9995135,0.87,0.8333333333333334,0.2,0.19999999999999998,1.0
lambda,1.0,34,0.8333208135129239,0.20005810873652644,0.20000771409893572,0.9997481,0.87,0.8333333333333334,0.2,0.19999999999999998,1.0
lambda,1.0,35,0.8332667313980795,0.20011523590123617,0.20005934371584896,0.9997207,0.87,0.8333333333333334,0.2,0.19999999999999998,1.0
lambda,1.0,36,0.8333216883208922,0.20008069457450273,0.200166389135989,1.0004283,0.88,0.8333333333333334,0.2,0.19999999999999998,1.0
lambda,1.0,37,0.8332946435087571,0.19996600703884346,0.20001859809869468,1.000263,0.87,0.8333333333333334,0.2,0.19999999999999998,1.0
lambda,1.0,38,0.8332766757618909,0.20008988341461734,0.20000428496249256,0.9995722,0.88,0.8333333333333334,0.2,0.19999999999999998,1.0
lambda,1.0,39,0.8333858635055073,0.20002118866397195,0.19996976321636642,0.9997429,0.87,0.8333333333333334,0.2,0.19999999999999998,1.0
lambda,1.0,40,0.8334573458573651,0.19999741882886687,0.20003097839574638,1.0001678,0.86,0.8333333333333334,0.2,0.19999999999999998,1.0
lambda,1.0,41,0.8333824425756927,0.19986215841080002,0.1998245443525871,0.9998118,0.87,0.8333333333333334,0.2,0.19999999999999998,1.0
lambda,1.0,42,0.8333744744760351,0.1999715460050075,0.20009560835214898,1.0006204,0.88,0.8333333333333334,0.2,0.19999999999999998,1.0
lambda,1.0,43,0.8334399800548472,0.19995057220245477,0.20001921523389188,1.0003433,0.88,0.8333333333333334,0.2,0.19999999999999998,1.0
lambda,1.0,44,0.833383100388183,0.20000585961756678,0.20000429957186178,0.9999922,0.88,0.8333333333333334,0.2,0.19999999999999998,1.0
lambda,1.0,45,0.8332968811644292,0.20017735998225644,0.2001654494293375,0.9999405,0.88,0.8333333333333334,0.2,0.19999999999999998,1.0
lambda,1.0,46,0.8333189701023516,0.19999012953632692,0.20003794717629905,1.0002392,0.86,0.8333333333333334,0.2,0.19999999999999998,1.0
lambda,1.0,47,0.8332899368310914,0.20010940126082244,0.20012553007856407,1.0000806,0.88,0.8333333333333334,0.2,0.19999999999999998,1.0
lambda,1.0,48,0.8334375136267824,0.20012070126412249,0.200094505464327,0.9998692,0.89,0.8333333333333334,0.2,0.19999999999999998,1.0
lambda,1.0,49,0.8332291724674987,0.20008807986543772,0.2001312188554567,1.0002157,0.88,0.8333333333333334,0.2,0.19999999999999998,1.0
lambda,1.0,50,0.8334082030927793,0.19996518505903507,0.20000143874708629,1.0001813,0.87,0.8333333333333334,0.2,0.19999999999999998,1.0
lambda,1.0,51,0.8334856692823897,0.19987388778185514,0.19978298513769197,0.9995452,0.88,0.8333333333333334,0.2,0.19999999999999998,1.0
lambda,1.0,52,0.8334218612987228,0.19993156988584712,0.1999813328535917,1.0002489,0.88,0.8333333333333334,0.2,0.19999999999999998,1.0
lambda,1.0,53,0.8333343997434217,0.20001271046505406,0.20006083352319196,1.0002406,0.88,0.8333333333333334,0.2,0.19999999999999998,1.0
lambda,1.0,54,0.833124638191211,0.20023394169263337,0.20027058450396312,1.000183,0.88,0.8333333333333334,0.2,0.19999999999999998,1.0
lambda,1.0,55,0.833354772678259,0.199939505051595,0.19988344201437855,0.9997196,0.88,0.8333333333333334,0.2,0.19999999999999998,1.0
lambda,1.0,56,0.8333212481110798,0.19999247858091967,0.19996121975651748,0.9998437,0.89,0.8333333333333334,0.2,0.19999999999999998,1.0
lambda,1.0,57,0.8333333166621971,0.20011257340639058,0.20005892322546032,0.9997319,0.89,0.8333333333333334,0.2,0.19999999999999998,1.0
lambda,1.0,58,0.8332764305109533,0.2000950660540685,0.2000851413387922,0.9999504,0.88,0.8333333333333334,0.2,0.19999999999999998,1.0
lambda,1.0,59,0.8332784865650742,0.20007620866516831,0.20014879631367205,1.0003628,0.87,0.8333333333333334,0.2,0.19999999999999998,1.0
lambda,1.0,60,0.8333826579165956,0.19995375900752926,0.19992166642920856,0.9998395,0.87,0.8333333333333334,0.2,0.19999999999999998,1.0
lambda,1.0,61,0.833040688931226,0.20008653697826656,0.200215692837886,1.0006456,0.87,0.8333333333333334,0.2,0.19999999999999998,1.0
lambda,1.0,62,0.8329345352111325,0.2000838658187956,0.20020187528285552,1.0005898,0.87,0.8333333333333334,0.2,0.19999999999999998,1.0
lambda,1.0,63,0.833556938947619,0.20001502756652945,0.2000547305495014,1.0001985,0.87,0.8333333333333334,0.2,0.19999999999999998,1.0
lambda,1.0,64,0.8334259908478577,0.1999985169310725,0.1999822970513494,0.9999189,0.89,0.8333333333333334,0.2,0.19999999999999998,1.0
lambda,1.0,65,0.833353296933591,0.19994689566063445,0.1999776075038079,1.0001536,0.89,0.8333333333333334,0.2,0.19999999999999998,1.0
lambda,1.0,66,0.833315332300074,0.19997113268385466,0.19995963434372535,0.9999426,0.88,0.8333333333333334,0.2,0.19999999999999998,1.0
lambda,1.0,67,0.833231299031947,0.1999228044791734,0.1999862199927542,1.0003172,0.86,0.8333333333333334,0.2,0.19999999999999998,1.0
lambda,1.0,68,0.8333983371159471,0.19991366244549852,0.20000454319644623,1.0004546,0.88,0.8333333333333334,0.2,0.19999999999999998,1.0
lambda,1.0,69,0.8332557184029619,0.19996309396429507,0.19988166899243281,0.9995929,0.87,0.8333333333333334,0.2,0.19999999999999998,1.0
lambda,1.0,70,0.8330596519500223,0.20013525644246155,0.20029512448530779,1.0007988,0.89,0.8333333333333334,0.2,0.19999999999999998,1.0
lambda,1.0,71,0.8332061565874472,0.2001024113661512,0.20016522351307903,1.0003139,0.87,0.8333333333333334,0.2,0.19999999999999998,1.0
lambda,1.0,72,0.8330665776592789,0.20013501156432248,0.20026830148202432,1.000666,0.87,0.8333333333333334,0.2,0.19999999999999998,1.0
lambda,1.0,73,0.8334317187719417,0.19992873098402522,0.19989058458215347,0.9998092,0.87,0.8333333333333334,0.2,0.19999999999999998,1.0
lambda,1.0,74,0.8334501501051351,0.19996314058624756,0.19996296061942104,0.9999991,0.87,0.8333333333333334,0.2,0.19999999999999998,1.0
lambda,1.0,75,0.8333319338525407,0.20010218983781974,0.20017642775024957,1.000371,0.89,0.8333333333333334,0.2,0.19999999999999998,1.0
lambda,1.0,76,0.8334515330034006,0.19986371086805518,0.19992061206653933,1.0002848,0.88,0.8333333333333334,0.2,0.19999999999999998,1.0
lambda,1.0,77,0.8330932443294097,0.2001788426705637,0.20018801086155802,1.0000458,0.86,0.8333333333333334,0.2,0.19999999999999998,1.0
lambda,1.0,78,0.8333024961692037,0.2000445572213394,0.1999115876041544,0.9993353,0.87,0.8333333333333334,0.2,0.19999999999999998,1.0
lambda,1.0,79,0.8332878296566363,0.20004519117184202,0.20002902752039534,0.9999192,0.88,0.8333333333333334,0.2,0.19999999999999998,1.0
lambda,1.0,80,0.8333842424399976,0.19991047503339537,0.19994014174789032,1.0001485,0.87,0.8333333333333334,0.2,0.19999999999999998,1.0
lambda,1.0,81,0.8333233015469015,0.20010962706616647,0.2001404839706601,1.0001542,0.88,0.8333333333333334,0.2,0.19999999999999998,1.0
lambda,1.0,82,0.8335785320543192,0.19996496621060575,0.1999252331718197,0.9998013,0.87,0.8333333333333334,0.2,0.19999999999999998,1.0
lambda,1.0,83,0.8331877644569288,0.2000586508435178,0.20012429356687356,1.0003283,0.87,0.8333333333333334,0.2,0.19999999999999998,1.0
lambda,1.0,84,0.8333003270471436,0.20005249708200132,0.2001154135923336,1.0003145,0.87,0.8333333333333334,0.2,0.19999999999999998,1.0
lambda,1.0,85,0.8333942853874176,0.19989208383775198,0.1998853139336479,0.9999663,0.88,0.8333333333333334,0.2,0.19999999999999998,1.0
lambda,1.0,86,0.833547437970078,0.1998810428413674,0.1998611546776047,0.9999005,0.88,0.8333333333333334,0.2,0.19999999999999998,1.0
lambda,1.0,87,0.8334095990390521,0.20004500033424794,0.20004752090125213,1.0000126,0.87,0.8333333333333334,0.2,0.19999999999999998,1.0
lambda,1.0,88,0.8331473493762365,0.20012790751229748,0.20019897293225508,1.0003551,0.87,0.8333333333333334,0.2,0.19999999999999998,1.0
lambda,1.0,89,0.8331413533156521,0.19994977698049535,0.19998794739292092,1.0001909,0.88,0.8333333333333334,0.2,0.19999999999999998,1.0
lambda,1.0,90,0.8331772552236658,0.20009809843089565,0.20006206076336824,0.9998199,0.88,0.8333333333333334,0.2,0.19999999999999998,1.0
lambda,1.0,91,0.8334247589510149,0.19991014172809052,0.1998176832875413,0.9995375,0.87,0.8333333333333334,0.2,0.19999999999999998,1.0
lambda,1.0,92,0.833598412684442,0.1998924904845528,0.19985778914820468,0.9998264,0.87,0.8333333333333334,0.2,0.19999999999999998,1.0
lambda,1.0,93,0.8332257736252,0.20002363899598172,0.20009856785114963,1.0003746,0.87,0.8333333333333334,0.2,0.19999999999999998,1.0
lambda,1.0,94,0.8333839280107732,0.1998268210814827,0.19984784286306045,1.0001052,0.86,0.8333333333333334,0.2,0.19999999999999998,1.0
lambda,1.0,95,0.8333322165387937,0.2000123535698492,0.1999894321541301,0.9998855,0.89,0.8333333333333334,0.2,0.19999999999999998,1.0
lambda,1.0,96,0.8333940136243748,0.19990632717471923,0.19997123675915288,1.0003248,0.87,0.8333333333333334,0.2,0.19999999999999998,1.0
lambda,1.0,97,0.8332287507073579,0.20010193535883444,0.20007137979330514,0.9998474,0.87,0.8333333333333334,0.2,0.19999999999999998,1.0
lambda,1.0,98,0.8333557582680734,0.20004708553544884,0.19997332817501193,0.9996313,0.87,0.8333333333333334,0.2,0.19999999999999998,1.0
lambda,1.0,99,0.8332303299452404,0.20006614730833922,0.20002717442284354,0.9998053,0.87,0.8333333333333334,0.2,0.19999999999999998,1.0
lambda,1.0,100,0.8333896965731716,0.19997056022361398,0.2000418497283337,1.0003565,0.86,0.8333333333333334,0.2,0.19999999999999998,1.0
lambda,2.0,1,0.6666627336835654,0.2500240732786499,0.5000926758447507,2.0001781,1.76,0.6666666666666667,0.25,0.49999999999999994,2.0
lambda,2.0,2,0.6665765188465786,0.2501140649708737,0.5001477370556434,1.9996786,1.76,0.6666666666666667,0.25,0.49999999999999994,2.0
lambda,2.0,3,0.6668999929697097,0.24979210955957679,0.49956358629090397,1.9999174,1.75,0.6666666666666667,0.25,0.49999999999999994,2.0
lambda,2.0,4,0.6667267811181808,0.2499388830077068,0.4997575704065752,1.9995192,1.76,0.6666666666666667,0.25,0.49999999999999994,2.0
lambda,2.0,5,0.6669500606511812,0.24987788820068432,0.4995606467584727,1.9992191,1.76,0.6666666666666667,0.25,0.49999999999999994,2.0
lambda,2.0,6,0.6667807305919448,0.24989951931704985,0.499664992531938,1.9994636,1.76,0.6666666666666667,0.25,0.49999999999999994,2.0
lambda,2.0,7,0.6666691839126775,0.25008653044244816,0.5000578976656676,1.9995397,1.75,0.6666666666666667,0.25,0.49999999999999994,2.0
lambda,2.0,8,0.6667185103572896,0.2500803146867538,0.5002214680695636,2.0002434,1.76,0.6666666666666667,0.25,0.49999999999999994,2.0
lambda,2.0,9,0.6666816357029318,0.2500251880752509,0.4999711931734384,1.9996834,1.74,0.6666666666666667,0.25,0.49999999999999994,2.0
lambda,2.0,10,0.6665420081841743,0.25003568947205423,0.5002379277168658,2.0006661,1.76,0.6666666666666667,0.25,0.49999999999999994,2.0
lambda,2.0,11,0.6667067577034927,0.2501122956276972,0.5001284731001847,1.9996157,1.76,0.6666666666666667,0.25,0.49999999999999994,2.0
lambda,2.0,12,0.6667614090384223,0.24987711343186156,0.4997065012648469,1.9998092,1.78,0.6666666666666667,0.25,0.49999999999999994,2.0
lambda,2.0,13,0.6667447572801749,0.24996686241034768,0.49999381685441874,2.0002404,1.76,0.6666666666666667,0.25,0.49999999999999994,2.0
lambda,2.0,14,0.6667194878696108,0.2499224047551376,0.49995957900085525,2.0004593,1.75,0.6666666666666667,0.25,0.49999999999999994,2.0
lambda,2.0,15,0.6666283689262333,0.250071502489123,0.5001725134155398,2.000118,1.79,0.6666666666666667,0.25,0.49999999999999994,2.0
lambda,2.0,16,0.6667170029144688,0.24986524617470318,0.49970155795389937,1.9998842,1.75,0.6666666666666667,0.25,0.49999999999999994,2.0
lambda,2.0,17,0.6665078651254019,0.250057675760881,0.5002154496093691,2.0004004,1.75,0.6666666666666667,0.25,0.49999999999999994,2.0
lambda,2.0,18,0.6667878056470193,0.24986434573178826,0.4998428794695759,2.0004571,1.75,0.6666666666666667,0.25,0.49999999999999994,2.0
lambda,2.0,19,0.6665890610587991,0.25012561322370186,0.5003225122471725,2.000285,1.76,0.6666666666666667,0.25,0.49999999999999994,2.0
lambda,2.0,20,0.6667079420341808,0.24995184730312264,0.4997982754123167,1.9995784,1.75,0.6666666666666667,0.25,0.49999999999999994,2.0
lambda,2.0,21,0.6667103812831178,0.25000385290152244,0.5000311561644469,2.0000938,1.77,0.6666666666666667,0.25,0.49999999999999994,2.0
lambda,2.0,22,0.6667293451052838,0.24982907824579853,0.49983001744243205,2.000688,1.76,0.6666666666666667,0.25,0.49999999999999994,2.0
lambda,2.0,23,0.6669662372721264,0.24982049041939997,0.4993564353002123,1.998861,1.76,0.6666666666666667,0.25,0.49999999999999994,2.0
lambda,2.0,24,0.6667687178793724,0.24997749134729938,0.4998674046374474,1.9996496,1.76,0.6666666666666667,0.25,0.49999999999999994,2.0
lambda,2.0,25,0.6665787781083585,0.250133341467018,0.5002369420797356,1.9998811,1.76,0.6666666666666667,0.25,0.49999999999999994,2.0
lambda,2.0,26,0.6663774206932843,0.25023697158375124,0.5004520724561861,1.9999126,1.74,0.6666666666666667,0.25,0.49999999999999994,2.0
lambda,2.0,27,0.6663217036885327,0.25023942426621654,0.5005809211935912,2.0004079,1.76,0.6666666666666667,0.25,0.49999999999999994,2.0
lambda,2.0,28,0.6669816983805646,0.24995356471811306,0.49996259413223704,2.0002219,1.79,0.6666666666666667,0.25,0.49999999999999994,2.0
lambda,2.0,29,0.6667689768871259,0.24998991757320216,0.49984844044572785,1.9994744,1.78,0.6666666666666667,0.25,0.49999999999999994,2.0
lambda,2.0,30,0.6665834163337653,0.2500315042306789,0.5002612334379118,2.0007928,1.77,0.6666666666666667,0.25,0.49999999999999994,2.0
lambda,2.0,31,0.6666289661935257,0.24995779668496138,0.49990931942922595,1.9999749,1.74,0.6666666666666667,0.25,0.49999999999999994,2.0
lambda,2.0,32,0.6664952191908886,0.2501201914854276,0.5001504897740353,1.9996406,1.76,0.6666666666666667,0.25,0.49999999999999994,2.0
lambda,2.0,33,0.6668846112969272,0.24990040863155732,0.4996602482832594,1.9994375,1.77,0.6666666666666667,0.25,0.49999999999999994,2.0
lambda,2.0,34,0.6666858035479778,0.25003136176869434,0.49996998690530864,1.9996292,1.74,0.6666666666666667,0.25,0.49999999999999994,2.0
lambda,2.0,35,0.666755727038729,0.2499468344049403,0.4997419010920299,1.9993928,1.80,0.6666666666666667,0.25,0.49999999999999994,2.0
lambda,2.0,36,0.6666756651544707,0.25008033756673287,0.500244727134922,2.0003361,1.75,0.6666666666666667,0.25,0.49999999999999994,2.0
lambda,2.0,37,0.6667114844918741,0.24997549060560847,0.4999380324808036,1.9999483,1.75,0.6666666666666667,0.25,0.49999999999999994,2.0
lambda,2.0,38,0.6665780929052417,0.25013852559893257,0.5002369790060642,1.9998398,1.74,0.6666666666666667,0.25,0.49999999999999994,2.0
lambda,2.0,39,0.6666046418896513,0.2500268941688958,0.5001227707578928,2.0002759,1.77,0.6666666666666667,0.25,0.49999999999999994,2.0
lambda,2.0,40,0.6667326803380981,0.24992431803211748,0.499745117411706,1.9995858,1.75,0.6666666666666667,0.25,0.49999999999999994,2.0
lambda,2.0,41,0.6668325491675733,0.24983182507241283,0.4995155498389227,1.9994072,1.77,0.6666666666666667,0.25,0.49999999999999994,2.0
lambda,2.0,42,0.6664601803264054,0.25003122364853125,0.5002165915464418,2.0006166,1.74,0.6666666666666667,0.25,0.49999999999999994,2.0
lambda,2.0,43,0.6670040553634754,0.2496570801940389,0.49938021965149715,2.0002646,1.76,0.6666666666666667,0.25,0.49999999999999994,2.0
lambda,2.0,44,0.6667335536520294,0.2499105853249375,0.49979385542289906,1.9998908,1.76,0.6666666666666667,0.25,0.49999999999999994,2.0
lambda,2.0,45,0.6663717783977403,0.2503021213652735,0.500652450919122,2.0001926,1.75,0.6666666666666667,0.25,0.49999999999999994,2.0
lambda,2.0,46,0.6665865644478352,0.24991294431078404,0.4998120302889092,1.9999446,1.76,0.6666666666666667,0.25,0.49999999999999994,2.0
lambda,2.0,47,0.6665488047900879,0.2500875405147355,0.5002661379029724,2.0003641,1.77,0.6666666666666667,0.25,0.49999999999999994,2.0
lambda,2.0,48,0.6667461139403955,0.25000454356110174,0.4998164586213896,1.9992295,1.77,0.6666666666666667,0.25,0.49999999999999994,2.0
lambda,2.0,49,0.6666017654497347,0.2501306388531463,0.5003804114433921,2.0004761,1.75,0.6666666666666667,0.25,0.49999999999999994,2.0
lambda,2.0,50,0.6667181713381404,0.24994557694845432,0.4998458137692502,1.9998186,1.76,0.6666666666666667,0.25,0.49999999999999994,2.0
lambda,2.0,51,0.6666931390765226,0.24997923440765843,0.49984996885499505,1.9995661,1.75,0.6666666666666667,0.25,0.49999999999999994,2.0
lambda,2.0,52,0.6666909469334024,0.2498765733651014,0.49981626555263475,2.0002526,1.75,0.6666666666666667,0.25,0.49999999999999994,2.0
lambda,2.0,53,0.6664833668816428,0.25017272213783437,0.5004824738085656,2.0005479,1.75,0.6666666666666667,0.25,0.49999999999999994,2.0
lambda,2.0,54,0.6664654425133568,0.25018155311457574,0.5005102630186935,2.0005882,1.80,0.6666666666666667,0.25,0.49999999999999994,2.0
lambda,2.0,55,0.6667023699692222,0.2499143984979982,0.4997825628322743,1.999815,1.75,0.6666666666666667,0.25,0.49999999999999994,2.0
lambda,2.0,56,0.6665785117089222,0.25000812673874834,0.4998935802619379,1.9995094,1.76,0.6666666666666667,0.25,0.49999999999999994,2.0
lambda,2.0,57,0.6667031176818274,0.2500796917736668,0.5001454291005326,1.9999443,1.77,0.6666666666666667,0.25,0.49999999999999994,2.0
lambda,2.0,58,0.666692969979569,0.2500657406478844,0.5000684897356996,1.9997481,1.77,0.6666666666666667,0.25,0.49999999999999994,2.0
lambda,2.0,59,0.6664505312642841,0.2501447477757283,0.5005162560619948,2.0009062,1.76,0.6666666666666667,0.25,0.49999999999999994,2.0
lambda,2.0,60,0.6665793034071671,0.2500485084200762,0.5001165206238092,2.000078,1.75,0.6666666666666667,0.25,0.49999999999999994,2.0
lambda,2.0,61,0.6665367352563182,0.25021047862130774,0.5004283634727827,2.0000296,1.76,0.6666666666666667,0.25,0.49999999999999994,2.0
lambda,2.0,62,0.666473618104456,0.24996956877195395,0.5000723463271065,2.0005329,1.78,0.6666666666666667,0.25,0.49999999999999994,2.0
lambda,2.0,63,0.6667084677869367,0.24992227890842067,0.49983116198269184,1.9999464,1.75,0.6666666666666667,0.25,0.49999999999999994,2.0
lambda,2.0,64,0.6667911474183303,0.24996126151501197,0.4998659567965431,1.9997737,1.76,0.6666666666666667,0.25,0.49999999999999994,2.0
lambda,2.0,65,0.6665266899216744,0.24997683895468453,0.4999176812445596,1.999856,1.77,0.6666666666666667,0.25,0.49999999999999994,2.0
lambda,2.0,66,0.6666037804625781,0.25010525686234775,0.5001876791147439,1.9999087,1.77,0.6666666666666667,0.25,0.49999999999999994,2.0
lambda,2.0,67,0.6664805999731196,0.2500936529582161,0.5003664480000463,2.0007163,1.76,0.6666666666666667,0.25,0.49999999999999994,2.0
lambda,2.0,68,0.6666944912811571,0.24992093943895238,0.4999985043306512,2.0006267,1.77,0.6666666666666667,0.25,0.49999999999999994,2.0
lambda,2.0,69,0.6666697671008824,0.24992495945940235,0.49978013487487666,1.9997199,1.76,0.6666666666666667,0.25,0.49999999999999994,2.0
lambda,2.0,70,0.6663848336311338,0.250155191649239,0.5005475804511997,2.0009483,1.79,0.6666666666666667,0.25,0.49999999999999994,2.0
lambda,2.0,71,0.6664199251676329,0.2501918237077235,0.5004346865474835,2.000204,1.75,0.6666666666666667,0.25,0.49999999999999994,2.0
lambda,2.0,72,0.6664146625886159,0.25019056681643165,0.5005385034993909,2.000629,1.75,0.6666666666666667,0.25,0.49999999999999994,2.0
lambda,2.0,73,0.6668568446989086,0.24990102335014905,0.49972837587861446,1.9997052,1.77,0.6666666666666667,0.25,0.49999999999999994,2.0
lambda,2.0,74,0.6668783048461943,0.24991000724270632,0.49972984695479944,1.9996392,1.74,0.6666666666666667,0.25,0.49999999999999994,2.0
lambda,2.0,75,0.666742204788297,0.24990542297068635,0.499889441196897,2.0003145,1.79,0.6666666666666667,0.25,0.49999999999999994,2.0
lambda,2.0,76,0.6667087096959324,0.24996393138404963,0.5000107258113531,2.0003316,1.76,0.6666666666666667,0.25,0.49999999999999994,2.0
lambda,2.0,77,0.6664533201975508,0.2501606355480804,0.5003295514131973,2.0000331,1.76,0.6666666666666667,0.25,0.49999999999999994,2.0
lambda,2.0,78,0.6668668629911282,0.24992525070076102,0.4996099983327727,1.9990377,1.75,0.6666666666666667,0.25,0.49999999999999994,2.0
lambda,2.0,79,0.6665207320126247,0.2501123106387569,0.5002200942446913,1.9999819,1.79,0.6666666666666667,0.25,0.49999999999999994,2.0
lambda,2.0,80,0.6667477021561593,0.24988335854523017,0.49954784425671056,1.9991241,1.75,0.6666666666666667,0.25,0.49999999999999994,2.0
lambda,2.0,81,0.6664732555283378,0.25008898136121616,0.50032156381553,2.0005742,1.76,0.6666666666666667,0.25,0.49999999999999994,2.0
lambda,2.0,82,0.6666685835381511,0.2500591078742516,0.5000647781171506,1.9997863,1.77,0.6666666666666667,0.25,0.49999999999999994,2.0
lambda,2.0,83,0.6666781841856297,0.24993842376658645,0.49983985664645547,1.999852,1.74,0.6666666666666667,0.25,0.49999999999999994,2.0
lambda,2.0,84,0.6665557675039554,0.2500377885268289,0.5000793526242645,2.0000151,1.75,0.6666666666666667,0.25,0.49999999999999994,2.0
lambda,2.0,85,0.6667508977004928,0.24991721566468447,0.49984807680934423,2.0000546,1.75,0.6666666666666667,0.25,0.49999999999999994,2.0
lambda,2.0,86,0.6667706969103018,0.24988892889523615,0.4997927011928487,2.0000594,1.75,0.6666666666666667,0.25,0.49999999999999994,2.0
lambda,2.0,87,0.6667707954703971,0.2499909784385546,0.5000037060922334,2.000087,1.76,0.6666666666666667,0.25,0.49999999999999994,2.0
lambda,2.0,88,0.6665095958126127,0.2501517029304077,0.5003431139398009,2.0001589,1.77,0.6666666666666667,0.25,0.49999999999999994,2.0
lambda,2.0,89,0.6667824686612206,0.2498819378477499,0.4998271957785504,2.0002534,1.76,0.6666666666666667,0.25,0.49999999999999994,2.0
lambda,2.0,90,0.6666896695397255,0.25002385482849526,0.49998522869566886,1.9997502,1.78,0.6666666666666667,0.25,0.49999999999999994,2.0
lambda,2.0,91,0.6667888769262179,0.24991092127253398,0.4997798825013863,1.9998321,1.76,0.6666666666666667,0.25,0.49999999999999994,2.0
lambda,2.0,92,0.6665813522523005,0.2501507398451744,0.5003146876494127,2.0000528,1.75,0.6666666666666667,0.25,0.49999999999999994,2.0
lambda,2.0,93,0.6664656188783873,0.25022589635355197,0.5004987601078495,2.0001878,1.74,0.6666666666666667,0.25,0.49999999999999994,2.0
lambda,2.0,94,0.6668632157730658,0.24984593851819273,0.4996517767632533,1.9998395,1.77,0.6666666666666667,0.25,0.49999999999999994,2.0
lambda,2.0,95,0.6666586128616465,0.24999088701743985,0.4997455326466482,1.9990551,1.76,0.6666666666666667,0.25,0.49999999999999994,2.0
lambda,2.0,96,0.6667679180747461,0.2499121105974463,0.4998995447050267,2.0003014,1.76,0.6666666666666667,0.25,0.49999999999999994,2.0
lambda,2.0,97,0.6665955070234568,0.2500560493409032,0.5001614597459464,2.0001974,1.76,0.6666666666666667,0.25,0.49999999999999994,2.0
lambda,2.0,98,0.6669565142566293,0.24998190882346477,0.499680473569138,1.9988666,1.76,0.6666666666666667,0.25,0.49999999999999994,2.0
lambda,2.0,99,0.6664561917914799,0.2501543029033197,0.5002890781521725,1.999922,1.75,0.6666666666666667,0.25,0.49999999999999994,2.0
lambda,2.0,100,0.6665401542282097,0.25004175099459813,0.5002319517767617,2.0005938,1.79,0.6666666666666667,0.25,0.49999999999999994,2.0
lambda,3.0,1,0.4999221888345827,0.3333451472173983,1.0001061441579198,3.0002121,2.63,0.5,0.3333333333333333,1.0,3.0
lambda,3.0,2,0.4998098104218288,0.333539732148736,1.0004986175209214,2.9996386,2.69,0.5,0.3333333333333333,1.0,3.0
lambda,3.0,3,0.500200838782759,0.33303814001551924,0.9990873107419607,2.9999186,2.66,0.5,0.3333333333333333,1.0,3.0
lambda,3.0,4,0.5000005666837806,0.3333132961122669,0.9999096901521731,2.9999094,2.64,0.5,0.3333333333333333,1.0,3.0
lambda,3.0,5,0.5003285645604274,0.3330957918144402,0.99914171265356,2.9995627,2.66,0.5,0.3333333333333333,1.0,3.0
lambda,3.0,6,0.5002018213034665,0.33316490569442975,0.9991415955997439,2.9989401,2.66,0.5,0.3333333333333333,1.0,3.0
lambda,3.0,7,0.5000873945513549,0.3333877921161342,0.9998442057789851,2.9990428,2.65,0.5,0.3333333333333333,1.0,3.0
lambda,3.0,8,0.5000755606570757,0.33352189201083576,1.0006452543559496,3.0002386,2.64,0.5,0.3333333333333333,1.0,3.0
lambda,3.0,9,0.49985454278805214,0.3333326308181518,1.000062892317473,3.000195,2.65,0.5,0.3333333333333333,1.0,3.0
lambda,3.0,10,0.49993982329613357,0.33348685369324016,1.0005707458023327,3.0003305,2.65,0.5,0.3333333333333333,1.0,3.0
lambda,3.0,11,0.4999829813404483,0.33350553068668914,1.000399605885442,2.9996487,2.64,0.5,0.3333333333333333,1.0,3.0
lambda,3.0,12,0.49997023492278847,0.33333609500309375,1.0000616854517008,3.0001602,2.69,0.5,0.3333333333333333,1.0,3.0
lambda,3.0,13,0.5000203142648434,0.3331934001835167,0.9996983842495992,3.0003547,2.64,0.5,0.3333333333333333,1.0,3.0
lambda,3.0,14,0.49990274564573456,0.33349501113735663,1.0006116274327825,3.0003798,2.63,0.5,0.3333333333333333,1.0,3.0
lambda,3.0,15,0.5000466121592708,0.33343515175746086,1.0004021169141932,3.0002901,2.65,0.5,0.3333333333333333,1.0,3.0
lambda,3.0,16,0.5001982953830828,0.3330201645359093,0.9990000372667767,2.9998177,2.63,0.5,0.3333333333333333,1.0,3.0
lambda,3.0,17,0.4999192933275096,0.3335086040153447,1.0006497104924277,3.0003715,2.65,0.5,0.3333333333333333,1.0,3.0
lambda,3.0,18,0.5002175297982154,0.33309188267141837,0.9992153250743033,2.9998189,2.71,0.5,0.3333333333333333,1.0,3.0
lambda,3.0,19,0.49983364948762277,0.3335392824957865,1.0008152693886792,3.0005919,2.64,0.5,0.3333333333333333,1.0,3.0
lambda,3.0,20,0.4999444889899053,0.33338001812909257,1.0002419686588075,3.0003057,2.65,0.5,0.3333333333333333,1.0,3.0
lambda,3.0,21,0.5002256891904479,0.3332125494101528,0.9995378843931785,2.9997006,2.63,0.5,0.3333333333333333,1.0,3.0
lambda,3.0,22,0.5001028608719476,0.3329887239271756,0.9991842540323168,3.0006551,2.65,0.5,0.3333333333333333,1.0,3.0
lambda,3.0,23,0.500237792385109,0.33298420086859787,0.9987045293761466,2.999255,2.63,0.5,0.3333333333333333,1.0,3.0
lambda,3.0,24,0.500044402086898,0.3332663526256367,0.9997520673211878,2.999859,2.65,0.5,0.3333333333333333,1.0,3.0
lambda,3.0,25,0.49990358801574203,0.3335857860604199,1.0008059350489542,3.0001457,2.63,0.5,0.3333333333333333,1.0,3.0
lambda,3.0,26,0.4997408555370534,0.3336275968441001,1.0009041760612376,3.0000641,2.63,0.5,0.3333333333333333,1.0,3.0
lambda,3.0,27,0.4997351387296105,0.3338141242585746,1.0015257929253847,3.0002499,2.64,0.5,0.3333333333333333,1.0,3.0
lambda,3.0,28,0.5001322283351023,0.33327847979018355,0.9998731736306973,3.0001134,2.65,0.5,0.3333333333333333,1.0,3.0
lambda,3.0,29,0.5002025755823986,0.3332714959535803,0.9995236751533682,2.9991275,2.65,0.5,0.3333333333333333,1.0,3.0
lambda,3.0,30,0.49995892508291717,0.3332459495306439,0.9999426948770996,3.0006147,2.65,0.5,0.3333333333333333,1.0,3.0
lambda,3.0,31,0.5000853816626988,0.3332716582097154,0.9998345043483198,3.0000587,2.64,0.5,0.3333333333333333,1.0,3.0
lambda,3.0,32,0.49984086381793286,0.3335957968613038,1.0006646026908945,2.9996321,2.64,0.5,0.3333333333333333,1.0,3.0
lambda,3.0,33,0.5000521266732504,0.3334066226424855,1.0000278590534766,2.9994241,2.65,0.5,0.3333333333333333,1.0,3.0
lambda,3.0,34,0.5000295872635082,0.333280470454207,0.9997085647914061,2.9996015,2.63,0.5,0.3333333333333333,1.0,3.0
lambda,3.0,35,0.50021820695929,0.3332652904950523,0.999534858109642,2.9992169,2.65,0.5,0.3333333333333333,1.0,3.0
lambda,3.0,36,0.4998375027734182,0.3334743358732559,1.0005426357094913,3.0003589,2.62,0.5,0.3333333333333333,1.0,3.0
lambda,3.0,37,0.5001716440210344,0.33328343607263333,0.9997880508720212,2.9998132,2.65,0.5,0.3333333333333333,1.0,3.0
lambda,3.0,38,0.5000309937048601,0.3333156392733865,0.999612268918336,2.9989961,2.64,0.5,0.3333333333333333,1.0,3.0
lambda,3.0,39,0.4999153130192118,0.33324922542665225,0.9999013708227236,3.0004612,2.66,0.5,0.3333333333333333,1.0,3.0
lambda,3.0,40,0.5000591205430036,0.3332275612873131,0.9996171380006341,2.9998033,2.66,0.5,0.3333333333333333,1.0,3.0
lambda,3.0,41,0.5000428543382875,0.3332374900871935,0.999611274858277,2.9996963,2.63,0.5,0.3333333333333333,1.0,3.0
lambda,3.0,42,0.49980527861254664,0.3336208784164508,1.0010952841476133,3.0006976,2.67,0.5,0.3333333333333333,1.0,3.0
lambda,3.0,43,0.5002589738807867,0.3329246339344288,0.9988103570507009,3.0001095,2.63,0.5,0.3333333333333333,1.0,3.0
lambda,3.0,44,0.5000180361662139,0.33333373511029973,0.9998441175461229,2.9995288,2.66,0.5,0.3333333333333333,1.0,3.0
lambda,3.0,45,0.49972626738202125,0.3336983171793284,1.0011585210674134,3.0001905,2.65,0.5,0.3333333333333333,1.0,3.0
lambda,3.0,46,0.4999554619070291,0.3332961374881063,0.9997815577226388,2.9996794,2.65,0.5,0.3333333333333333,1.0,3.0
lambda,3.0,47,0.4998322337545686,0.3336247764835315,1.0010756582078035,3.0006036,2.64,0.5,0.3333333333333333,1.0,3.0
lambda,3.0,48,0.49994036867794206,0.33338972089576085,0.9999233322915396,2.9992627,2.63,0.5,0.3333333333333333,1.0,3.0
lambda,3.0,49,0.4998646877122378,0.3336151697716905,1.0010011579943252,3.0004666,2.64,0.5,0.3333333333333333,1.0,3.0
lambda,3.0,50,0.49981671603739175,0.3334259399282306,1.0002743836536212,2.9999897,2.68,0.5,0.3333333333333333,1.0,3.0
lambda,3.0,51,0.4999685995583005,0.33333761333794637,0.9999987731665563,2.9999578,2.65,0.5,0.3333333333333333,1.0,3.0
lambda,3.0,52,0.5001946837564263,0.333133458091124,0.9991414805475471,2.999223,2.64,0.5,0.3333333333333333,1.0,3.0
lambda,3.0,53,0.4999504051413337,0.333548126188385,1.0007481102642413,3.000311,2.65,0.5,0.3333333333333333,1.0,3.0
lambda,3.0,54,0.49971619013801216,0.3335394649003098,1.0009361396021903,3.0009528,2.63,0.5,0.3333333333333333,1.0,3.0
lambda,3.0,55,0.4999598789106519,0.3332577850944926,0.999663047708698,2.9996693,2.65,0.5,0.3333333333333333,1.0,3.0
lambda,3.0,56,0.5000498061361159,0.33320768403160655,0.9994998985347997,2.9996304,2.64,0.5,0.3333333333333333,1.0,3.0
lambda,3.0,57,0.4999835653661393,0.33337127421899126,1.0000346803164788,2.9997626,2.65,0.5,0.3333333333333333,1.0,3.0
lambda,3.0,58,0.5000218340756919,0.33338935309439804,1.0001339926054036,2.999898,2.65,0.5,0.3333333333333333,1.0,3.0
lambda,3.0,59,0.4996864615162505,0.3336547901718223,1.001160726359504,3.0005886,2.63,0.5,0.3333333333333333,1.0,3.0
lambda,3.0,60,0.49985924293868744,0.3332930334226226,0.9998289396663346,2.9998495,2.63,0.5,0.3333333333333333,1.0,3.0
lambda,3.0,61,0.49987795482014785,0.3336730153551327,1.0009218804833153,2.9997088,2.66,0.5,0.3333333333333333,1.0,3.0
lambda,3.0,62,0.4998033506333016,0.333178653469068,0.9998780349307207,3.0010267,2.65,0.5,0.3333333333333333,1.0,3.0
lambda,3.0,63,0.5002782310505852,0.33297778530023003,0.9988218749381779,2.9996652,2.66,0.5,0.3333333333333333,1.0,3.0
lambda,3.0,64,0.5001390568091484,0.3333005142511735,0.9998525562267676,2.9998531,2.63,0.5,0.3333333333333333,1.0,3.0
lambda,3.0,65,0.4998139370173804,0.3333280925537374,1.0000040440171096,3.0000594,2.65,0.5,0.3333333333333333,1.0,3.0
lambda,3.0,66,0.4999289981066162,0.33332888075172806,0.9999599759447264,2.99992,2.63,0.5,0.3333333333333333,1.0,3.0
lambda,3.0,67,0.49989544286519944,0.3333700826807783,1.000360842333508,3.0007517,2.64,0.5,0.3333333333333333,1.0,3.0
lambda,3.0,68,0.4999500907794747,0.33317851127635617,1.0000184427633125,3.0014494,2.71,0.5,0.3333333333333333,1.0,3.0
lambda,3.0,69,0.4999682179750267,0.33333656104075815,1.000050816853915,3.0001235,2.64,0.5,0.3333333333333333,1.0,3.0
lambda,3.0,70,0.4997821479865245,0.33340961774164424,1.0003726527930763,3.0004313,2.72,0.5,0.3333333333333333,1.0,3.0
lambda,3.0,71,0.4999042941555631,0.3335539025120241,1.000600600461125,2.9998168,2.63,0.5,0.3333333333333333,1.0,3.0
lambda,3.0,72,0.4997095341952018,0.3336413129238563,1.001386327039973,3.001386,2.64,0.5,0.3333333333333333,1.0,3.0
lambda,3.0,73,0.5000684677719514,0.3334038728891861,0.9999519970717393,2.9992213,2.64,0.5,0.3333333333333333,1.0,3.0
lambda,3.0,74,0.5001523421636668,0.3330389090129591,0.9989495082026625,2.9994979,2.66,0.5,0.3333333333333333,1.0,3.0
lambda,3.0,75,0.49991493823549477,0.33317592209228863,0.9997811756574793,3.0007607,2.65,0.5,0.3333333333333333,1.0,3.0
lambda,3.0,76,0.49981328503395145,0.33346027532065636,1.0005685307509407,3.0005629,2.63,0.5,0.3333333333333333,1.0,3.0
lambda,3.0,77,0.49982137190642406,0.33346964726122064,1.000438253765677,3.000088,2.66,0.5,0.3333333333333333,1.0,3.0
lambda,3.0,78,0.5003326608315004,0.3331350630070158,0.9990721895732485,2.9990005,2.63,0.5,0.3333333333333333,1.0,3.0
lambda,3.0,79,0.49966761524363396,0.3337073417446506,1.0010173412408492,2.9996863,2.64,0.5,0.3333333333333333,1.0,3.0
lambda,3.0,80,0.5000026337779151,0.3332090870184508,0.9994585239736868,2.9994936,2.65,0.5,0.3333333333333333,1.0,3.0
lambda,3.0,81,0.49981006610645917,0.33348771679972544,1.000723570957232,3.0007809,2.70,0.5,0.3333333333333333,1.0,3.0
lambda,3.0,82,0.5000167160498444,0.33358294018401935,1.000785748183542,3.0001107,2.63,0.5,0.3333333333333333,1.0,3.0
lambda,3.0,83,0.5002461687149387,0.33301838464197114,0.998843898426259,2.9993657,2.63,0.5,0.3333333333333333,1.0,3.0
lambda,3.0,84,0.4998998323850799,0.3333953711289141,1.000176618785554,2.9999716,2.64,0.5,0.3333333333333333,1.0,3.0
lambda,3.0,85,0.4999553353432429,0.33331181986931113,0.9999804567036154,3.000135,2.63,0.5,0.3333333333333333,1.0,3.0
lambda,3.0,86,0.500134093725597,0.3333059824340065,0.9998404536611035,2.9997675,2.63,0.5,0.3333333333333333,1.0,3.0
lambda,3.0,87,0.5000582661422713,0.33311291828172407,0.9993477488939689,3.000027,2.63,0.5,0.3333333333333333,1.0,3.0
lambda,3.0,88,0.49987119454016815,0.33360393878610184,1.0010283827302795,3.0006492,2.64,0.5,0.3333333333333333,1.0,3.0
lambda,3.0,89,0.5001136123001673,0.33312357492954736,0.9994091047559495,3.0001153,2.64,0.5,0.3333333333333333,1.0,3.0
lambda,3.0,90,0.4998396604915485,0.33358969631555324,1.0008345726040824,3.0001963,2.63,0.5,0.3333333333333333,1.0,3.0
lambda,3.0,91,0.4999735844683207,0.3333007632989463,0.9999452190351559,3.0001289,2.65,0.5,0.3333333333333333,1.0,3.0
lambda,3.0,92,0.49997090000582,0.333621049055748,1.0008633003310392,3.0000006,2.64,0.5,0.3333333333333333,1.0,3.0
lambda,3.0,93,0.49990625681113277,0.3335392058434671,1.0005123878047448,2.9996846,2.64,0.5,0.3333333333333333,1.0,3.0
lambda,3.0,94,0.5001854176593605,0.33322508367635123,0.999759719511284,3.0002536,2.65,0.5,0.3333333333333333,1.0,3.0
lambda,3.0,95,0.5001165435018045,0.333291610481105,0.999501611497897,2.9988802,2.65,0.5,0.3333333333333333,1.0,3.0
lambda,3.0,96,0.5000350832105421,0.3333379753577748,1.000017428034685,3.0000105,2.67,0.5,0.3333333333333333,1.0,3.0
lambda,3.0,97,0.49981383294387294,0.3335583984107258,1.0007626876000724,3.0002623,2.66,0.5,0.3333333333333333,1.0,3.0
lambda,3.0,98,0.5002668924374296,0.3334343141977372,1.0000189232443761,2.9991483,2.66,0.5,0.3333333333333333,1.0,3.0
lambda,3.0,99,0.500023685784812,0.33339530226032316,1.0000826238441956,2.9996895,2.63,0.5,0.3333333333333333,1.0,3.0
lambda,3.0,100,0.4998900773524188,0.3333377110485515,1.000261925797181,3.0007465,2.68,0.5,0.3333333333333333,1.0,3.0
lambda,4.0,1,0.3332625121718403,0.499856284495615,1.999533382840225,4.0002168,3.61,0.33333333333333337,0.5,1.9999999999999998,4.0
lambda,4.0,2,0.3332013540405293,0.4999794206903665,1.9994737515160288,3.9991122,3.61,0.33333333333333337,0.5,1.9999999999999998,4.0
lambda,4.0,3,0.33330367597202004,0.4997562299132249,1.9990904376950915,4.0001311,3.61,0.33333333333333337,0.5,1.9999999999999998,4.0
lambda,4.0,4,0.3333193410667482,0.5001478478973224,2.00050561623384,3.9998285,3.62,0.33333333333333337,0.5,1.9999999999999998,4.0
lambda,4.0,5,0.33360825141275446,0.49950454480627604,1.997826119863487,3.9996157,3.62,0.33333333333333337,0.5,1.9999999999999998,4.0
lambda,4.0,6,0.3334715014399861,0.4998901470022665,1.998816134435781,3.9985108,3.62,0.33333333333333337,0.5,1.9999999999999998,4.0
lambda,4.0,7,0.33342131235713357,0.5001316491119429,2.000056122605145,3.9990593,3.60,0.33333333333333337,0.5,1.9999999999999998,4.0
lambda,4.0,8,0.3333326917433848,0.5004749499667208,2.002139177035633,4.0004783,3.61,0.33333333333333337,0.5,1.9999999999999998,4.0
lambda,4.0,9,0.33328311645324493,0.5000343295039453,2.0001287674278245,3.999983,3.62,0.33333333333333337,0.5,1.9999999999999998,4.0
lambda,4.0,10,0.33308770449200864,0.5005838982330033,2.0029156194945372,4.0011588,3.61,0.33333333333333337,0.5,1.9999999999999998,4.0
lambda,4.0,11,0.33305348543391683,0.5007069802128045,2.0027236736581444,3.9997918,3.60,0.33333333333333337,0.5,1.9999999999999998,4.0
lambda,4.0,12,0.333252568156398,0.5004688087744782,2.002118713173946,4.0004865,3.64,0.33333333333333337,0.5,1.9999999999999998,4.0
lambda,4.0,13,0.3332140536125307,0.5001220753211785,2.0006885921143502,4.0004006,3.62,0.33333333333333337,0.5,1.9999999999999998,4.0
lambda,4.0,14,0.3331925535493103,0.5004870089514878,2.002235471157544,4.0005744,3.62,0.33333333333333337,0.5,1.9999999999999998,4.0
lambda,4.0,15,0.3334064398115898,0.5001874456725917,2.0008005517168614,4.0001015,3.61,0.33333333333333337,0.5,1.9999999999999998,4.0
lambda,4.0,16,0.3335675978102526,0.49934533295157685,1.9973288766302713,3.9998951,3.68,0.33333333333333337,0.5,1.9999999999999998,4.0
lambda,4.0,17,0.3332829759437568,0.500178994223411,2.001084558794374,4.0007369,3.67,0.33333333333333337,0.5,1.9999999999999998,4.0
lambda,4.0,18,0.33360213820389223,0.4992395488226039,1.9966742405706839,3.9994315,3.61,0.33333333333333337,0.5,1.9999999999999998,4.0
lambda,4.0,19,0.3331610310205149,0.5004543319686187,2.0022745429520605,4.0009136,3.62,0.33333333333333337,0.5,1.9999999999999998,4.0
lambda,4.0,20,0.3335462936738179,0.4996343535861395,1.99851857812877,3.9999623,3.62,0.33333333333333337,0.5,1.9999999999999998,4.0
lambda,4.0,21,0.33334194108155496,0.4998801781023163,1.9996565931966455,4.0002719,3.60,0.33333333333333337,0.5,1.9999999999999998,4.0
lambda,4.0,22,0.3335765780189644,0.4993043069182404,1.9974660737838574,4.0004985,3.61,0.33333333333333337,0.5,1.9999999999999998,4.0
lambda,4.0,23,0.3334982381811108,0.4996653348591169,1.9982995817339997,3.999276,3.64,0.33333333333333337,0.5,1.9999999999999998,4.0
lambda,4.0,24,0.33353258462383734,0.4995253186419006,1.9980047662760534,3.9998068,3.63,0.33333333333333337,0.5,1.9999999999999998,4.0
lambda,4.0,25,0.33309202607928146,0.5008790532142974,2.003732742871294,4.0004323,3.60,0.33333333333333337,0.5,1.9999999999999998,4.0
lambda,4.0,26,0.3331400187529892,0.5004116036199671,2.0017543032219307,4.0002156,3.62,0.33333333333333337,0.5,1.9999999999999998,4.0
lambda,4.0,27,0.333374794616637,0.5003795683272291,2.00137579610778,3.9997154,3.61,0.33333333333333337,0.5,1.9999999999999998,4.0
lambda,4.0,28,0.3336047262468365,0.4994373231947765,1.997678697257884,3.9998588,3.60,0.33333333333333337,0.5,1.9999999999999998,4.0
lambda,4.0,29,0.3334796204866131,0.499670050370888,1.9981725866798603,3.9989841,3.60,0.33333333333333337,0.5,1.9999999999999998,4.0
lambda,4.0,30,0.33348034403353893,0.49964642497392286,1.9985534377949334,3.9999356,3.62,0.33333333333333337,0.5,1.9999999999999998,4.0
lambda,4.0,31,0.33335527539166576,0.5000372962501253,2.0001136462946905,3.9999286,3.70,0.33333333333333337,0.5,1.9999999999999998,4.0
lambda,4.0,32,0.33315755454232454,0.5006167555598242,2.002328908597816,3.9997241,3.71,0.33333333333333337,0.5,1.9999999999999998,4.0
lambda,4.0,33,0.3334013135202216,0.5003907265629897,2.0014101870017202,3.9996948,3.60,0.33333333333333337,0.5,1.9999999999999998,4.0
lambda,4.0,34,0.33335887061153774,0.49974869640861863,1.9986859909150663,3.9993821,3.60,0.33333333333333337,0.5,1.9999999999999998,4.0
lambda,4.0,35,0.3335904668205533,0.5000913299043515,1.9999750638858929,3.9992198,3.61,0.33333333333333337,0.5,1.9999999999999998,4.0
lambda,4.0,36,0.33333133340363086,0.5004109859701042,2.0017143016649186,4.0001406,3.61,0.33333333333333337,0.5,1.9999999999999998,4.0
lambda,4.0,37,0.3334113349499168,0.49992692612283735,1.999666260549135,3.9999171,3.62,0.33333333333333337,0.5,1.9999999999999998,4.0
lambda,4.0,38,0.3334635154297292,0.5001726500189705,2.0001973298090236,3.9990138,3.60,0.33333333333333337,0.5,1.9999999999999998,4.0
lambda,4.0,39,0.3331182773011875,0.5000258163222585,2.000202170396029,4.0001978,3.62,0.33333333333333337,0.5,1.9999999999999998,4.0
lambda,4.0,40,0.3334688088092928,0.4993420043134476,1.9972381383990452,3.9997399,3.61,0.33333333333333337,0.5,1.9999999999999998,4.0
lambda,4.0,41,0.33338226350892264,0.5000460416804332,1.9999725105674058,3.9995769,3.63,0.33333333333333337,0.5,1.9999999999999998,4.0
lambda,4.0,42,0.33314933849468725,0.5009095967585205,2.0039671304219264,4.0006557,3.63,0.33333333333333337,0.5,1.9999999999999998,4.0
lambda,4.0,43,0.3336018257081499,0.49960163071278185,1.9984632362134132,4.0001136,3.63,0.33333333333333337,0.5,1.9999999999999998,4.0
lambda,4.0,44,0.333401572627369,0.49997903550558653,1.999741399349951,3.9996506,3.61,0.33333333333333337,0.5,1.9999999999999998,4.0
lambda,4.0,45,0.33308380971421797,0.5005949193008904,2.0025912120929332,4.0004229,3.62,0.33333333333333337,0.5,1.9999999999999998,4.0
lambda,4.0,46,0.3334069900904121,0.500004746277405,2.000061741424422,4.0000856,3.68,0.33333333333333337,0.5,1.9999999999999998,4.0
lambda,4.0,47,0.33292201303081914,0.501103520547775,2.004964895180286,4.0010992,3.60,0.33333333333333337,0.5,1.9999999999999998,4.0
lambda,4.0,48,0.33340684608779625,0.5000788283617646,1.999968231197371,3.999306,3.61,0.33333333333333337,0.5,1.9999999999999998,4.0
lambda,4.0,49,0.3331523698607757,0.5007730863604265,2.0034043771518886,4.0006232,3.70,0.33333333333333337,0.5,1.9999999999999998,4.0
lambda,4.0,50,0.3332198963869766,0.5006336670875324,2.0021766473115923,3.9992849,3.61,0.33333333333333337,0.5,1.9999999999999998,4.0
lambda,4.0,51,0.3334006752222282,0.4998474154659785,1.9993829639885363,3.9999868,3.61,0.33333333333333337,0.5,1.9999999999999998,4.0
lambda,4.0,52,0.33342705897076247,0.4995985505579306,1.9980252219343544,3.9992615,3.62,0.33333333333333337,0.5,1.9999999999999998,4.0
lambda,4.0,53,0.3332750233766849,0.5003309706896011,2.00155409666154,4.0004603,3.62,0.33333333333333337,0.5,1.9999999999999998,4.0
lambda,4.0,54,0.3332101399201245,0.5000718068871939,2.0008001011947254,4.0010256,3.62,0.33333333333333337,0.5,1.9999999999999998,4.0
lambda,4.0,55,0.3334657557325822,0.4991931368122394,1.9964347931726345,3.9993234,3.63,0.33333333333333337,0.5,1.9999999999999998,4.0
lambda,4.0,56,0.3334083491222815,0.499532345483003,1.9977088256508664,3.9991581,3.61,0.33333333333333337,0.5,1.9999999999999998,4.0
lambda,4.0,57,0.333332108340377,0.4997210721577161,1.9988956507652391,4.000023,3.62,0.33333333333333337,0.5,1.9999999999999998,4.0
lambda,4.0,58,0.33331868374498674,0.5002792651410944,2.0011731728116566,4.0001124,3.60,0.33333333333333337,0.5,1.9999999999999998,4.0
lambda,4.0,59,0.33302503366172004,0.5008164693913203,2.003646959904342,4.0007611,3.61,0.33333333333333337,0.5,1.9999999999999998,4.0
lambda,4.0,60,0.33322307766742576,0.5001535866508391,2.0008139579005513,4.0003991,3.61,0.33333333333333337,0.5,1.9999999999999998,4.0
lambda,4.0,61,0.33321854098939185,0.5004646712924309,2.001846738594745,3.9999764,3.62,0.33333333333333337,0.5,1.9999999999999998,4.0
lambda,4.0,62,0.33310603468294997,0.49986894540049864,2.0001474055164614,4.0013436,3.62,0.33333333333333337,0.5,1.9999999999999998,4.0
lambda,4.0,63,0.33330363574700467,0.4996806063140347,1.9988848714217327,4.0003251,3.61,0.33333333333333337,0.5,1.9999999999999998,4.0
lambda,4.0,64,0.3334242891676551,0.49975600461357067,1.999078822453606,4.0001099,3.60,0.33333333333333337,0.5,1.9999999999999998,4.0
lambda,4.0,65,0.33322166975974765,0.5002784073388821,2.0011690279999086,4.0001108,3.63,0.33333333333333337,0.5,1.9999999999999998,4.0
lambda,4.0,66,0.3333476580017173,0.4998191973017726,1.9993229766653382,4.0000926,3.63,0.33333333333333337,0.5,1.9999999999999998,4.0
lambda,4.0,67,0.33321277467892385,0.5005688241911549,2.002961868795454,4.0013718,3.62,0.33333333333333337,0.5,1.9999999999999998,4.0
lambda,4.0,68,0.3332452796652808,0.500155558839938,2.0012961949746617,4.0013476,3.61,0.33333333333333337,0.5,1.9999999999999998,4.0
lambda,4.0,69,0.3334663050668931,0.5001036872538467,2.0002134137579066,3.9995969,3.59,0.33333333333333337,0.5,1.9999999999999998,4.0
lambda,4.0,70,0.3331538644681989,0.5001135723312781,2.0009871016725658,4.0010654,3.62,0.33333333333333337,0.5,1.9999999999999998,4.0
lambda,4.0,71,0.33323743225012187,0.5004537043577592,2.00196619470795,4.0003024,3.63,0.33333333333333337,0.5,1.9999999999999998,4.0
lambda,4.0,72,0.3331074377513525,0.5002036921084717,2.0016658149962065,4.0017014,3.64,0.33333333333333337,0.5,1.9999999999999998,4.0
lambda,4.0,73,0.3334669974394855,0.49980642855741186,1.9987653925093516,3.9990791,3.61,0.33333333333333337,0.5,1.9999999999999998,4.0
lambda,4.0,74,0.33359209631093845,0.49922739650591114,1.9964878886419979,3.9991553,3.64,0.33333333333333337,0.5,1.9999999999999998,4.0
lambda,4.0,75,0.3331563475206907,0.5001612003222491,2.001181844355235,4.001074,3.61,0.33333333333333337,0.5,1.9999999999999998,4.0
lambda,4.0,76,0.33326331568045336,0.500214678798449,2.0013068604813586,4.0008958,3.62,0.33333333333333337,0.5,1.9999999999999998,4.0
lambda,4.0,77,0.3332712530192585,0.4999379669977007,1.9995808108304867,3.9996576,3.61,0.33333333333333337,0.5,1.9999999999999998,4.0
lambda,4.0,78,0.3334263867805664,0.4994487608219589,1.9975421224355452,3.9994936,3.61,0.33333333333333337,0.5,1.9999999999999998,4.0
lambda,4.0,79,0.33311921404779854,0.5003437995711719,2.0012728279442986,3.9997954,3.70,0.33333333333333337,0.5,1.9999999999999998,4.0
lambda,4.0,80,0.33336562071954084,0.49998883653156456,1.9997045754351486,3.9994979,3.68,0.33333333333333337,0.5,1.9999999999999998,4.0
lambda,4.0,81,0.33320258924290247,0.500348609469396,2.0017400286627263,4.0006907,3.69,0.33333333333333337,0.5,1.9999999999999998,4.0
lambda,4.0,82,0.33335698399555186,0.5005177901841358,2.0020150533803145,3.999888,3.61,0.33333333333333337,0.5,1.9999999999999998,4.0
lambda,4.0,83,0.3335693354381751,0.4996328527958908,1.9983018298884478,3.9995406,3.61,0.33333333333333337,0.5,1.9999999999999998,4.0
lambda,4.0,84,0.333203863989888,0.5000004416888024,1.9999602696636927,3.9999173,3.63,0.33333333333333337,0.5,1.9999999999999998,4.0
lambda,4.0,85,0.33319592981961804,0.5002184987587308,2.0010658769109586,4.0003829,3.62,0.33333333333333337,0.5,1.9999999999999998,4.0
lambda,4.0,86,0.3333710368528698,0.5004635188640836,2.0021096621750307,4.0005107,3.61,0.33333333333333337,0.5,1.9999999999999998,4.0
lambda,4.0,87,0.333436147871309,0.49953471945236233,1.9978562518321321,3.9994344,3.61,0.33333333333333337,0.5,1.9999999999999998,4.0
lambda,4.0,88,0.33311942005295897,0.5006293552570543,2.0027831170629407,4.0005308,3.62,0.33333333333333337,0.5,1.9999999999999998,4.0
lambda,4.0,89,0.33341847682198505,0.49976073735134996,1.9991958558556466,4.0003059,3.63,0.33333333333333337,0.5,1.9999999999999998,4.0
lambda,4.0,90,0.3332128484999638,0.5003205815574064,2.001257410265661,3.9999502,3.60,0.33333333333333337,0.5,1.9999999999999998,4.0
lambda,4.0,91,0.3333043828245281,0.5000977217226124,2.0003557125527545,3.9999297,3.62,0.33333333333333337,0.5,1.9999999999999998,4.0
lambda,4.0,92,0.3331868428239417,0.5007390901479606,2.00297191761151,4.0000316,3.60,0.33333333333333337,0.5,1.9999999999999998,4.0
lambda,4.0,93,0.33334725285002104,0.5003220488214286,2.0008783814950237,3.999181,3.64,0.33333333333333337,0.5,1.9999999999999998,4.0
lambda,4.0,94,0.3335148355225894,0.49982345025987407,1.9991778419991404,3.9997681,3.60,0.33333333333333337,0.5,1.9999999999999998,4.0
lambda,4.0,95,0.3334547126494727,0.4998883259811861,1.9990703618116834,3.9990339,3.61,0.33333333333333337,0.5,1.9999999999999998,4.0
lambda,4.0,96,0.33348813549447953,0.4997909926152323,1.9989208221429893,3.9995135,3.60,0.33333333333333337,0.5,1.9999999999999998,4.0
lambda,4.0,97,0.3332019887616275,0.5001606933123988,2.000852297286552,4.0004191,3.71,0.33333333333333337,0.5,1.9999999999999998,4.0
lambda,4.0,98,0.33366838458902276,0.4999637275275974,1.9991012647881143,3.9984927,3.62,0.33333333333333337,0.5,1.9999999999999998,4.0
lambda,4.0,99,0.33322568142520326,0.5001585013427089,2.0005985441330396,3.9999291,3.61,0.33333333333333337,0.5,1.9999999999999998,4.0
lambda,4.0,100,0.3331908748319838,0.5001731374221264,2.001392391941306,4.0013992,3.68,0.33333333333333337,0.5,1.9999999999999998,4.0
lambda,4.5,1,0.24978451203154212,0.6667332643247611,3.000699552711469,4.5005993,4.23,0.25,0.6666666666666666,3.0,4.5
lambda,4.5,2,0.2498367956248293,0.6668707268167583,3.00063324895197,4.499573,4.19,0.25,0.6666666666666666,3.0,4.5
lambda,4.5,3,0.24993919608537,0.6666427452004366,3.000247407327965,4.5005326,4.10,0.25,0.6666666666666666,3.0,4.5
lambda,4.5,4,0.2499661945864272,0.666423840490795,2.998919705237417,4.5000189,4.12,0.25,0.6666666666666666,3.0,4.5
lambda,4.5,5,0.2502537011657064,0.6656666912547579,2.9952891079618897,4.4996837,4.19,0.25,0.6666666666666666,3.0,4.5
lambda,4.5,6,0.25023626109314495,0.6663206256707208,2.997314644675199,4.4983073,4.24,0.25,0.6666666666666666,3.0,4.5
lambda,4.5,7,0.25014781334601205,0.6669978965285349,3.000881031700263,4.4990863,4.10,0.25,0.6666666666666666,3.0,4.5
lambda,4.5,8,0.2499153916610661,0.6676926146653693,3.005109725968448,4.5007384,4.11,0.25,0.6666666666666666,3.0,4.5
lambda,4.5,9,0.25010295413707634,0.6666447272154993,2.9999426044438615,4.500062,4.13,0.25,0.6666666666666666,3.0,4.5
lambda,4.5,10,0.2498101228503936,0.6674761301422864,3.0043554437329045,4.5010682,4.12,0.25,0.6666666666666666,3.0,4.5
lambda,4.5,11,0.2497281872353752,0.6673178975021549,3.002728039306836,4.4996967,4.20,0.25,0.6666666666666666,3.0,4.5
lambda,4.5,12,0.24984569228860487,0.6678231918819708,3.005703304169489,4.5007472,4.11,0.25,0.6666666666666666,3.0,4.5
lambda,4.5,13,0.2498496559436017,0.6669211370344169,3.0012636291009067,4.5001779,4.15,0.25,0.6666666666666666,3.0,4.5
lambda,4.5,14,0.2499353806729942,0.6673337128314888,3.003394366898493,4.5005885,4.11,0.25,0.6666666666666666,3.0,4.5
lambda,4.5,15,0.24996894794849595,0.6672699822211742,3.003053654474403,4.5005078,4.11,0.25,0.6666666666666666,3.0,4.5
lambda,4.5,16,0.250162087561126,0.6657380945069113,2.9959486864424654,4.5001911,4.12,0.25,0.6666666666666666,3.0,4.5
lambda,4.5,17,0.25000349949311784,0.6673246353579728,3.0033956072915395,4.5006518,4.19,0.25,0.6666666666666666,3.0,4.5
lambda,4.5,18,0.2502306357684335,0.6656071893710328,2.9949842417948647,4.4996273,4.11,0.25,0.6666666666666666,3.0,4.5
lambda,4.5,19,0.24978938161607026,0.6676760444424735,3.004913852148602,4.5005568,4.10,0.25,0.6666666666666666,3.0,4.5
lambda,4.5,20,0.25024647677833267,0.6656276698577606,2.9949990359835574,4.4995111,4.12,0.25,0.6666666666666666,3.0,4.5
lambda,4.5,21,0.24998031831074377,0.6663789335257208,2.9989556260683874,4.5003759,4.11,0.25,0.6666666666666666,3.0,4.5
lambda,4.5,22,0.2501040011908703,0.666137685562117,2.998225524782742,4.50091,4.10,0.25,0.6666666666666666,3.0,4.5
lambda,4.5,23,0.25020142998116934,0.6661686517026013,2.9972299540694833,4.4992061,4.12,0.25,0.6666666666666666,3.0,4.5
lambda,4.5,24,0.2501975773109356,0.6656256546908894,2.9952381492748312,4.4998841,4.08,0.25,0.6666666666666666,3.0,4.5
lambda,4.5,25,0.2496568182844845,0.6684483835321966,3.008324008943896,4.5004583,4.12,0.25,0.6666666666666666,3.0,4.5
lambda,4.5,26,0.24980873195620343,0.6677937684771714,3.005050321628636,4.4999676,4.13,0.25,0.6666666666666666,3.0,4.5
lambda,4.5,27,0.2500358849242316,0.6671081174915479,3.001853323029589,4.4998005,4.11,0.25,0.6666666666666666,3.0,4.5
lambda,4.5,28,0.25023967254663315,0.6659712815847592,2.9967972439019563,4.4998896,4.18,0.25,0.6666666666666666,3.0,4.5
lambda,4.5,29,0.2500281050976402,0.6661619070795709,2.997184860508336,4.4991838,4.09,0.25,0.6666666666666666,3.0,4.5
lambda,4.5,30,0.250149624110811,0.666158591726669,2.9976757130343334,4.4999432,4.11,0.25,0.6666666666666666,3.0,4.5
lambda,4.5,31,0.250032950564553,0.6667919332393005,3.0005122154916624,4.4999229,4.14,0.25,0.6666666666666666,3.0,4.5
lambda,4.5,32,0.24977080828039044,0.6677340680322733,3.0048388681010962,4.5000535,4.20,0.25,0.6666666666666666,3.0,4.5
lambda,4.5,33,0.2500841670097504,0.6668740040529231,3.0005245807497936,4.4993876,4.09,0.25,0.6666666666666666,3.0,4.5
lambda,4.5,34,0.24999473316947637,0.6660756494170075,2.9972471438813404,4.49986,4.19,0.25,0.6666666666666666,3.0,4.5
lambda,4.5,35,0.25030535362573797,0.6665344620859209,2.99871450750499,4.4989641,4.11,0.25,0.6666666666666666,3.0,4.5
lambda,4.5,36,0.2500613082119139,0.6668066543944166,3.000771659216956,4.5002128,4.13,0.25,0.6666666666666666,3.0,4.5
lambda,4.5,37,0.2500404283356888,0.6668005433483326,3.0005609623751415,4.4999379,4.10,0.25,0.6666666666666666,3.0,4.5
lambda,4.5,38,0.25005743924648066,0.667159258927771,3.001617222580293,4.4991015,4.11,0.25,0.6666666666666666,3.0,4.5
lambda,4.5,39,0.24973807590472963,0.667253562346482,3.0031289930881324,4.5007314,4.11,0.25,0.6666666666666666,3.0,4.5
lambda,4.5,40,0.25018103788833024,0.6649857949094922,2.9920852523294936,4.4994725,4.19,0.25,0.6666666666666666,3.0,4.5
lambda,4.5,41,0.25008176269253013,0.6662011174277486,2.997643278005199,4.4996072,4.12,0.25,0.6666666666666666,3.0,4.5
lambda,4.5,42,0.24982883788086654,0.668144524509247,3.007120600408621,4.5007038,4.11,0.25,0.6666666666666666,3.0,4.5
lambda,4.5,43,0.25036799927750164,0.6658597318641291,2.9963292913047357,4.4999409,4.11,0.25,0.6666666666666666,3.0,4.5
lambda,4.5,44,0.2500949046641531,0.6656837345099677,2.995078778393053,4.499252,4.13,0.25,0.6666666666666666,3.0,4.5
lambda,4.5,45,0.24969294121973198,0.6680221555195414,3.006557928252181,4.5006855,4.10,0.25,0.6666666666666666,3.0,4.5
lambda,4.5,46,0.24998580055030756,0.6665020951375189,2.99937544827163,4.5001744,4.10,0.25,0.6666666666666666,3.0,4.5
lambda,4.5,47,0.24953271331161364,0.6683506591616587,3.008521623803856,4.5014122,4.10,0.25,0.6666666666666666,3.0,4.5
lambda,4.5,48,0.25013238425646234,0.6662480647746476,2.997466485076085,4.4990244,4.12,0.25,0.6666666666666666,3.0,4.5
lambda,4.5,49,0.24975317021433124,0.6675725305827911,3.0044576382953414,4.5005711,4.13,0.25,0.6666666666666666,3.0,4.5
lambda,4.5,50,0.24996104776337702,0.6675439649392582,3.003346852395447,4.4990998,4.12,0.25,0.6666666666666666,3.0,4.5
lambda,4.5,51,0.25013421580470296,0.6663095056221428,2.9984119093997994,4.5000289,4.11,0.25,0.6666666666666666,3.0,4.5
lambda,4.5,52,0.25017719519952986,0.6658415042370448,2.9957102996452964,4.4991343,4.12,0.25,0.6666666666666666,3.0,4.5
lambda,4.5,53,0.24988998844645377,0.6673744858568863,3.0034770169144758,4.5004364,4.09,0.25,0.6666666666666666,3.0,4.5
lambda,4.5,54,0.24996953995602378,0.6663945082214241,2.999427157653607,4.5009784,4.10,0.25,0.6666666666666666,3.0,4.5
lambda,4.5,55,0.2501294560777792,0.6655335374069632,2.994503082764677,4.4994025,4.13,0.25,0.6666666666666666,3.0,4.5
lambda,4.5,56,0.25014851587257275,0.6654165043680991,2.9938302251239697,4.4991824,4.12,0.25,0.6666666666666666,3.0,4.5
lambda,4.5,57,0.24992149700364213,0.666151840291425,2.9977809391724883,4.5001467,4.17,0.25,0.6666666666666666,3.0,4.5
lambda,4.5,58,0.25001252279938413,0.66713514057691,3.001969650664995,4.4997926,4.11,0.25,0.6666666666666666,3.0,4.5
lambda,4.5,59,0.24969196137333935,0.6678105285965057,3.0055835061780973,4.5006531,4.15,0.25,0.6666666666666666,3.0,4.5
lambda,4.5,60,0.24986502657971454,0.6666508175185424,3.0001490069283943,4.5003305,4.13,0.25,0.6666666666666666,3.0,4.5
lambda,4.5,61,0.2500267738661376,0.6668462126685459,3.00062364071559,4.4997237,4.11,0.25,0.6666666666666666,3.0,4.5
lambda,4.5,62,0.24984228781938092,0.6671687338102883,3.002979006977958,4.5010791,4.18,0.25,0.6666666666666666,3.0,4.5
lambda,4.5,63,0.24993035185191192,0.6664085679417523,2.9991573732986305,4.5004786,4.10,0.25,0.6666666666666666,3.0,4.5
lambda,4.5,64,0.2501368958006058,0.6661580641197188,2.997559937426812,4.4997728,4.10,0.25,0.6666666666666666,3.0,4.5
lambda,4.5,65,0.2499273216052634,0.6671983523757266,3.0023670319941727,4.4999618,4.18,0.25,0.6666666666666666,3.0,4.5
lambda,4.5,66,0.24997442833410358,0.6664399389562015,2.9990447966497396,4.5000979,4.09,0.25,0.6666666666666666,3.0,4.5
lambda,4.5,67,0.2497885538952479,0.6676549352513603,3.0054497268911486,4.5015017,4.17,0.25,0.6666666666666666,3.0,4.5
lambda,4.5,68,0.24998166466124014,0.6669735785177383,3.0019622374078074,4.5008713,4.08,0.25,0.6666666666666666,3.0,4.5
lambda,4.5,69,0.25012550387396887,0.6673471240301937,3.0028363650882652,4.4996619,4.11,0.25,0.6666666666666666,3.0,4.5
lambda,4.5,70,0.24985755495925804,0.666913081384436,3.0017984653646512,4.5010342,4.09,0.25,0.6666666666666666,3.0,4.5
lambda,4.5,71,0.25001137238573184,0.6667563563755379,3.000360397523864,4.4999353,4.11,0.25,0.6666666666666666,3.0,4.5
lambda,4.5,72,0.24974688347185667,0.6672332448828591,3.003737383130268,4.5017803,4.13,0.25,0.6666666666666666,3.0,4.5
lambda,4.5,73,0.25012548128200685,0.6661382578856067,2.9970074227187355,4.4990774,4.10,0.25,0.6666666666666666,3.0,4.5
lambda,4.5,74,0.25028181916076914,0.665573686789268,2.994583179922694,4.4992505,4.09,0.25,0.6666666666666666,3.0,4.5
lambda,4.5,75,0.24987952898264965,0.666867944156179,3.0016276366302104,4.5010826,4.20,0.25,0.6666666666666666,3.0,4.5
lambda,4.5,76,0.25009814161508437,0.6665815927264245,3.0000431929190077,4.5006392,4.10,0.25,0.6666666666666666,3.0,4.5
lambda,4.5,77,0.2498171394937006,0.6669007636398931,3.001154497245313,4.5001516,4.10,0.25,0.6666666666666666,3.0,4.5
lambda,4.5,78,0.2501006393468298,0.6655181631389614,2.9944874086144204,4.4994827,4.12,0.25,0.6666666666666666,3.0,4.5
lambda,4.5,79,0.2498708299634306,0.6673330055261167,3.002919994395076,4.4998826,4.12,0.25,0.6666666666666666,3.0,4.5
lambda,4.5,80,0.2501401000132065,0.6663738956093034,2.9982065918136844,4.4992858,4.11,0.25,0.6666666666666666,3.0,4.5
lambda,4.5,81,0.249802401506319,0.6672675235805984,3.0031487900980083,4.5006669,4.11,0.25,0.6666666666666666,3.0,4.5
lambda,4.5,82,0.25018273770279487,0.6668800253615484,3.000888161218931,4.4998924,4.10,0.25,0.6666666666666666,3.0,4.5
lambda,4.5,83,0.25019460283975026,0.6660603865202804,2.9970568319197457,4.4996774,4.11,0.25,0.6666666666666666,3.0,4.5
lambda,4.5,84,0.24992017521426568,0.6665686724229389,2.9992537479757,4.4995423,4.11,0.25,0.6666666666666666,3.0,4.5
lambda,4.5,85,0.24991339869985396,0.666946697245123,3.0016001470285123,4.5005098,4.10,0.25,0.6666666666666666,3.0,4.5
lambda,4.5,86,0.2499352867599755,0.6677517606836378,3.0052999170469,4.5006246,4.12,0.25,0.6666666666666666,3.0,4.5
lambda,4.5,87,0.2502826496207112,0.6658888918484905,2.9959738945048184,4.49921,4.12,0.25,0.6666666666666666,3.0,4.5
lambda,4.5,88,0.2497241862750753,0.6677589792199082,3.0052500872907064,4.5005012,4.12,0.25,0.6666666666666666,3.0,4.5
lambda,4.5,89,0.2500245920961725,0.6667611622054507,3.000711508455102,4.5004297,4.11,0.25,0.6666666666666666,3.0,4.5
lambda,4.5,90,0.250048954124113,0.6667657869517425,3.0001932703724967,4.4996209,4.10,0.25,0.6666666666666666,3.0,4.5
lambda,4.5,91,0.24996417223257247,0.6666959510762751,3.0001325245523227,4.5000013,4.13,0.25,0.6666666666666666,3.0,4.5
lambda,4.5,92,0.24987754852241884,0.6677390153521418,3.004789288492313,4.4999457,4.18,0.25,0.6666666666666666,3.0,4.5
lambda,4.5,93,0.24999823296005597,0.6674269710833904,3.0027868012365557,4.4990494,4.13,0.25,0.6666666666666666,3.0,4.5
lambda,4.5,94,0.25021258988607964,0.6662055107859229,2.997675704296591,4.4996261,4.11,0.25,0.6666666666666666,3.0,4.5
lambda,4.5,95,0.25003709067811186,0.6667850674816095,2.999938446068853,4.4991089,4.10,0.25,0.6666666666666666,3.0,4.5
lambda,4.5,96,0.25033727396043204,0.6658039410645109,2.995460658714341,4.4990132,4.11,0.25,0.6666666666666666,3.0,4.5
lambda,4.5,97,0.24989444327443117,0.6670302984980756,3.0019189146055223,4.5004238,4.18,0.25,0.6666666666666666,3.0,4.5
lambda,4.5,98,0.25023572854759074,0.6666361385589009,2.9989337327202836,4.4986066,4.11,0.25,0.6666666666666666,3.0,4.5
lambda,4.5,99,0.24992997865537864,0.6667271947318344,3.0003099797079145,4.5000564,4.10,0.25,0.6666666666666666,3.0,4.5
lambda,4.5,100,0.2497498770099974,0.6673174023394086,3.003986208806876,4.5015854,4.12,0.25,0.6666666666666666,3.0,4.5
lambda,5.0,1,0.16646422497092153,0.9997250950356659,4.999406630875148,5.0007814,4.66,0.16666666666666663,1.0000000000000002,5.000000000000002,5.0
lambda,5.0,2,0.16658242377782023,0.9994818690061316,4.997040092718434,4.9996307,4.58,0.16666666666666663,1.0000000000000002,5.000000000000002,5.0
lambda,5.0,3,0.16670046236920513,0.9991070143738158,4.9961703041099135,5.0006358,4.62,0.16666666666666663,1.0000000000000002,5.000000000000002,5.0
lambda,5.0,4,0.1666645500697207,0.9995343162803504,4.9978362047050755,5.0001647,4.60,0.16666666666666663,1.0000000000000002,5.000000000000002,5.0
lambda,5.0,5,0.1669437287590452,0.997444813241201,4.986706138898854,4.999481,4.65,0.16666666666666663,1.0000000000000002,5.000000000000002,5.0
lambda,5.0,6,0.16700202390814653,0.999004557637331,4.993028005829708,4.9980035,4.60,0.16666666666666663,1.0000000000000002,5.000000000000002,5.0
lambda,5.0,7,0.16683120408808366,0.9999592584832254,4.999165618109856,4.9993693,4.68,0.16666666666666663,1.0000000000000002,5.000000000000002,5.0
lambda,5.0,8,0.16657542795183708,1.001765816519274,5.009082629524838,5.0002531,4.58,0.16666666666666663,1.0000000000000002,5.000000000000002,5.0
lambda,5.0,9,0.16676294023105656,1.0005101243609624,5.002538344791899,4.999988,4.59,0.16666666666666663,1.0000000000000002,5.000000000000002,5.0
lambda,5.0,10,0.16647595551982908,1.0018417551914323,5.01066673137755,5.0014556,4.60,0.16666666666666663,1.0000000000000002,5.000000000000002,5.0
lambda,5.0,11,0.16639260248516013,1.0018761922867703,5.0092433889124495,4.9998629,4.61,0.16666666666666663,1.0000000000000002,5.000000000000002,5.0
lambda,5.0,12,0.16648417933412848,1.002885831236016,5.015143238133484,5.0007124,4.60,0.16666666666666663,1.0000000000000002,5.000000000000002,5.0
lambda,5.0,13,0.16653625944160774,1.0002663528018039,5.001565962766796,5.0002342,4.62,0.16666666666666663,1.0000000000000002,5.000000000000002,5.0
lambda,5.0,14,0.16660193553515162,1.0016675868925602,5.00928174330032,5.0009425,4.57,0.16666666666666663,1.0000000000000002,5.000000000000002,5.0
lambda,5.0,15,0.16651712293402685,1.0009032882149849,5.005284024914488,5.0007668,4.59,0.16666666666666663,1.0000000000000002,5.000000000000002,5.0
lambda,5.0,16,0.16680308140105793,0.9974610924355808,4.987497872421184,5.000193,4.58,0.16666666666666663,1.0000000000000002,5.000000000000002,5.0
lambda,5.0,17,0.16666636670941656,1.0012797097274517,5.007111869356604,5.0007126,4.68,0.16666666666666663,1.0000000000000002,5.000000000000002,5.0
lambda,5.0,18,0.1667488748887129,0.9990657763250448,4.995235249675496,4.9999054,4.61,0.16666666666666663,1.0000000000000002,5.000000000000002,5.0
lambda,5.0,19,0.1664370138952176,1.0015985846893114,5.008368623077008,5.0003751,4.59,0.16666666666666663,1.0000000000000002,5.000000000000002,5.0
lambda,5.0,20,0.16679149933059573,0.999731596832483,4.998551387573755,4.9998933,4.66,0.16666666666666663,1.0000000000000002,5.000000000000002,5.0
lambda,5.0,21,0.16666892647015416,0.9993554842534395,4.9972120062904635,5.0004348,4.61,0.16666666666666663,1.0000000000000002,5.000000000000002,5.0
lambda,5.0,22,0.16675137879334392,0.9989698717863416,4.99570648378863,5.0008582,4.65,0.16666666666666663,1.0000000000000002,5.000000000000002,5.0
lambda,5.0,23,0.16691399989277692,0.9979571569917298,4.988711983057619,4.998924,4.60,0.16666666666666663,1.0000000000000002,5.000000000000002,5.0
lambda,5.0,24,0.16689148404671283,0.9979520817405158,4.989673678410224,4.99991,4.68,0.16666666666666663,1.0000000000000002,5.000000000000002,5.0
lambda,5.0,25,0.16632265392683662,1.0041349126460755,5.0212666778840545,5.00059,4.63,0.16666666666666663,1.0000000000000002,5.000000000000002,5.0
lambda,5.0,26,0.16656402733343012,1.0027734098306902,5.0137367888912605,4.9998701,4.66,0.16666666666666663,1.0000000000000002,5.000000000000002,5.0
lambda,5.0,27,0.16665292264035952,1.0009596461911787,5.00454588902846,4.9997479,4.62,0.16666666666666663,1.0000000000000002,5.000000000000002,5.0
lambda,5.0,28,0.16684543161730114,1.0003303850748857,5.001420114153322,4.9997683,4.60,0.16666666666666663,1.0000000000000002,5.000000000000002,5.0
lambda,5.0,29,0.16670814299678416,0.9991720059776322,4.995097426678449,4.9992369,4.61,0.16666666666666663,1.0000000000000002,5.000000000000002,5.0
lambda,5.0,30,0.1667872490879617,0.9989300045814377,4.994549540486346,4.9998996,4.62,0.16666666666666663,1.0000000000000002,5.000000000000002,5.0
lambda,5.0,31,0.16675191474163154,0.9998705477739762,4.999269982224714,4.9999174,4.61,0.16666666666666663,1.0000000000000002,5.000000000000002,5.0
lambda,5.0,32,0.1664538411492578,1.0020918419325795,5.01048580779644,5.000027,4.62,0.16666666666666663,1.0000000000000002,5.000000000000002,5.0
lambda,5.0,33,0.1666867180594364,1.0001289867788603,5.000297226642082,4.9996527,4.61,0.16666666666666663,1.0000000000000002,5.000000000000002,5.0
lambda,5.0,34,0.16663070955772755,0.9993719122659179,4.996797854637423,4.9999385,4.62,0.16666666666666663,1.0000000000000002,5.000000000000002,5.0
lambda,5.0,35,0.16685634327947696,0.9997237074538605,4.997829355375362,4.9992106,4.58,0.16666666666666663,1.0000000000000002,5.000000000000002,5.0
lambda,5.0,36,0.16676578228179184,0.9997773012950755,4.9991073605183916,5.0002212,4.58,0.16666666666666663,1.0000000000000002,5.000000000000002,5.0
lambda,5.0,37,0.16674981500386693,0.9990558202906511,4.994978074845764,4.9996991,4.68,0.16666666666666663,1.0000000000000002,5.000000000000002,5.0
lambda,5.0,38,0.16681829092275455,1.0002303301906024,4.99969191481085,4.9985406,4.58,0.16666666666666663,1.0000000000000002,5.000000000000002,5.0
lambda,5.0,39,0.1664208753689644,1.0009590585506336,5.005582917484462,5.0007873,4.63,0.16666666666666663,1.0000000000000002,5.000000000000002,5.0
lambda,5.0,40,0.16683887146016135,0.9965714760515375,4.982236799770577,4.9993769,4.60,0.16666666666666663,1.0000000000000002,5.000000000000002,5.0
lambda,5.0,41,0.1668304869500753,0.998809291385991,4.993631165042014,4.9995844,4.59,0.16666666666666663,1.0000000000000002,5.000000000000002,5.0
lambda,5.0,42,0.16631990663202886,1.0032110589728707,5.0172599066819625,5.0012011,4.62,0.16666666666666663,1.0000000000000002,5.000000000000002,5.0
lambda,5.0,43,0.16697077731690224,0.9984662340250121,4.9922106578392365,4.9998797,4.57,0.16666666666666663,1.0000000000000002,5.000000000000002,5.0
lambda,5.0,44,0.16678398598328514,0.9979530537687128,4.989510702693492,4.999745,4.57,0.16666666666666663,1.0000000000000002,5.000000000000002,5.0
lambda,5.0,45,0.16643823110561998,1.0024043068196271,5.012411469374479,5.000389,4.58,0.16666666666666663,1.0000000000000002,5.000000000000002,5.0
lambda,5.0,46,0.16666695999151704,0.9992356022245785,4.9963222629075,5.0001446,4.57,0.16666666666666663,1.0000000000000002,5.000000000000002,5.0
lambda,5.0,47,0.16627583057775913,1.0037226724144432,5.019904852036486,5.0012867,4.60,0.16666666666666663,1.0000000000000002,5.000000000000002,5.0
lambda,5.0,48,0.16680288278623248,0.9984216629205023,4.991272886561754,4.9991636,4.61,0.16666666666666663,1.0000000000000002,5.000000000000002,5.0
lambda,5.0,49,0.16628858344100456,1.003496165778964,5.01827831385409,5.0007949,4.59,0.16666666666666663,1.0000000000000002,5.000000000000002,5.0
lambda,5.0,50,0.16663980146878818,1.0005950828533379,5.002007232653413,4.9990326,4.61,0.16666666666666663,1.0000000000000002,5.000000000000002,5.0
lambda,5.0,51,0.16682612190636584,0.9979979699202102,4.989825555015194,4.9998357,4.62,0.16666666666666663,1.0000000000000002,5.000000000000002,5.0
lambda,5.0,52,0.16674890284312477,0.9997330650867106,4.998087225708296,4.9994218,4.60,0.16666666666666663,1.0000000000000002,5.000000000000002,5.0
lambda,5.0,53,0.16651366227131978,1.0020495429647815,5.0109775163608195,5.0007278,4.62,0.16666666666666663,1.0000000000000002,5.000000000000002,5.0
lambda,5.0,54,0.1666272524561465,0.999016670303278,4.996239513511757,5.0011573,4.61,0.16666666666666663,1.0000000000000002,5.000000000000002,5.0
lambda,5.0,55,0.16683237311604968,0.9965654885528794,4.982132250192867,4.9993025,4.58,0.16666666666666663,1.0000000000000002,5.000000000000002,5.0
lambda,5.0,56,0.16685994243814645,0.9968120913720829,4.983137794162917,4.9990746,4.62,0.16666666666666663,1.0000000000000002,5.000000000000002,5.0
lambda,5.0,57,0.16658841568399285,0.9992556306303606,4.996429300572413,5.0001502,4.58,0.16666666666666663,1.0000000000000002,5.000000000000002,5.0
lambda,5.0,58,0.16665738641684233,1.0007141604558116,5.003437344933636,4.9998654,4.67,0.16666666666666663,1.0000000000000002,5.000000000000002,5.0
lambda,5.0,59,0.16633827551189326,1.0021763609107504,5.011525225742652,5.0006422,4.57,0.16666666666666663,1.0000000000000002,5.000000000000002,5.0
lambda,5.0,60,0.16656965397941523,0.999597843332165,4.997850772356615,4.9998615,4.59,0.16666666666666663,1.0000000000000002,5.000000000000002,5.0
lambda,5.0,61,0.16665785575226996,0.9992341916315125,4.995652455533754,4.9994811,4.59,0.16666666666666663,1.0000000000000002,5.000000000000002,5.0
lambda,5.0,62,0.16650938885076608,1.0017008712994193,5.009741263931958,5.0012351,4.61,0.16666666666666663,1.0000000000000002,5.000000000000002,5.0
lambda,5.0,63,0.16647433440696377,0.9999661967977556,5.000465587728322,5.0006345,4.66,0.16666666666666663,1.0000000000000002,5.000000000000002,5.0
lambda,5.0,64,0.16676573598576827,0.9990283403096384,4.994840466919462,4.9996979,4.60,0.16666666666666663,1.0000000000000002,5.000000000000002,5.0
lambda,5.0,65,0.16666849359217215,1.0017273741972674,5.007926913205011,4.9992916,4.61,0.16666666666666663,1.0000000000000002,5.000000000000002,5.0
lambda,5.0,66,0.16660219135785,0.9996136051126373,4.99817328487555,5.0001053,4.62,0.16666666666666663,1.0000000000000002,5.000000000000002,5.0
lambda,5.0,67,0.16663757972198986,1.0008142565562788,5.005170179606415,5.0010982,4.60,0.16666666666666663,1.0000000000000002,5.000000000000002,5.0
lambda,5.0,68,0.1665675620621215,1.0007606734272017,5.00474888582149,5.0009449,4.64,0.16666666666666663,1.0000000000000002,5.000000000000002,5.0
lambda,5.0,69,0.16679822794103852,1.0011292480455394,5.0053437079672385,4.9996982,4.61,0.16666666666666663,1.0000000000000002,5.000000000000002,5.0
lambda,5.0,70,0.16649348777371015,1.0001937128393907,5.001577826338542,5.0006094,4.63,0.16666666666666663,1.0000000000000002,5.000000000000002,5.0
lambda,5.0,71,0.16666882003746866,1.0003461395371,5.001643160668693,4.999913,4.60,0.16666666666666663,1.0000000000000002,5.000000000000002,5.0
lambda,5.0,72,0.1664971077406209,1.0002921311018471,5.0026729410444695,5.0012112,4.67,0.16666666666666663,1.0000000000000002,5.000000000000002,5.0
lambda,5.0,73,0.1668187394625835,0.9983839232081368,4.990952481533524,4.9990313,4.62,0.16666666666666663,1.0000000000000002,5.000000000000002,5.0
lambda,5.0,74,0.16699478951492222,0.9959391301297612,4.978792052119234,4.9990931,4.57,0.16666666666666663,1.0000000000000002,5.000000000000002,5.0
lambda,5.0,75,0.1665437584015807,1.0004150181833258,5.003366450067899,5.001291,4.58,0.16666666666666663,1.0000000000000002,5.000000000000002,5.0
lambda,5.0,76,0.166793251153374,0.9996817843027351,4.998889868421317,5.0004811,4.59,0.16666666666666663,1.0000000000000002,5.000000000000002,5.0
lambda,5.0,77,0.1664334926494689,1.0010996349780161,5.005912691993013,5.0004142,4.67,0.16666666666666663,1.0000000000000002,5.000000000000002,5.0
lambda,5.0,78,0.1667543651777201,0.999005714875139,4.994733430176378,4.9997048,4.57,0.16666666666666663,1.0000000000000002,5.000000000000002,5.0
lambda,5.0,79,0.16652340320542144,1.002226032163334,5.011008983044292,4.9998792,4.61,0.16666666666666663,1.0000000000000002,5.000000000000002,5.0
lambda,5.0,80,0.1667849902110037,0.9994038263318104,4.996306040386693,4.9992868,4.63,0.16666666666666663,1.0000000000000002,5.000000000000002,5.0
lambda,5.0,81,0.16639003366966204,1.0017491071613085,5.009777637910948,5.0010303,4.59,0.16666666666666663,1.0000000000000002,5.000000000000002,5.0
lambda,5.0,82,0.16681374926576212,1.0000773661870213,4.99995814046587,4.9995717,4.62,0.16666666666666663,1.0000000000000002,5.000000000000002,5.0
lambda,5.0,83,0.1669181707539198,0.9985755658176351,4.992267189513169,4.9993886,4.63,0.16666666666666663,1.0000000000000002,5.000000000000002,5.0
lambda,5.0,84,0.16660612634698044,1.000590736902501,5.002376081934113,4.999423,4.62,0.16666666666666663,1.0000000000000002,5.000000000000002,5.0
lambda,5.0,85,0.16661004481059288,1.0002967506884197,5.001908465088635,5.0004248,4.58,0.16666666666666663,1.0000000000000002,5.000000000000002,5.0
lambda,5.0,86,0.16653118413400084,1.0031876269966593,5.016338005569749,5.0003986,4.58,0.16666666666666663,1.0000000000000002,5.000000000000002,5.0
lambda,5.0,87,0.1668586691653495,0.9977939518671438,4.988299464735621,4.9993273,4.59,0.16666666666666663,1.0000000000000002,5.000000000000002,5.0
lambda,5.0,88,0.16631547287775397,1.0016781512577473,5.008954600921308,5.000563,4.57,0.16666666666666663,1.0000000000000002,5.000000000000002,5.0
lambda,5.0,89,0.16683087883685668,1.000252497457077,5.001602444305521,5.0003399,4.60,0.16666666666666663,1.0000000000000002,5.000000000000002,5.0
lambda,5.0,90,0.16669310194457904,0.9986938408448772,4.993101884632305,4.9996322,4.57,0.16666666666666663,1.0000000000000002,5.000000000000002,5.0
lambda,5.0,91,0.16665913999548398,1.0004292488881286,5.002147941687834,4.999997,4.62,0.16666666666666663,1.0000000000000002,5.000000000000002,5.0
lambda,5.0,92,0.16648388443491152,1.0025059614615932,5.0127427395720785,5.0002125,4.58,0.16666666666666663,1.0000000000000002,5.000000000000002,5.0
lambda,5.0,93,0.16674218838310575,1.0007888729524057,5.003167955522356,4.9992243,4.67,0.16666666666666663,1.0000000000000002,5.000000000000002,5.0
lambda,5.0,94,0.16682816024192254,0.9981078588410968,4.9902224380763265,4.9996829,4.59,0.16666666666666663,1.0000000000000002,5.000000000000002,5.0
lambda,5.0,95,0.16660686625769042,1.0015978889740231,5.007675849292122,4.9996871,4.59,0.16666666666666663,1.0000000000000002,5.000000000000002,5.0
lambda,5.0,96,0.16692209659800056,0.9976290385839014,4.987430391711734,4.9992836,4.58,0.16666666666666663,1.0000000000000002,5.000000000000002,5.0
lambda,5.0,97,0.166531936038334,1.0011751901299144,5.006471706233728,5.0005952,4.62,0.16666666666666663,1.0000000000000002,5.000000000000002,5.0
lambda,5.0,98,0.16690537959797125,0.9997639534509714,4.997641905429543,4.9988215,4.61,0.16666666666666663,1.0000000000000002,5.000000000000002,5.0
lambda,5.0,99,0.16658306995485778,1.0004018987402539,5.002006613220308,4.9999973,4.62,0.16666666666666663,1.0000000000000002,5.000000000000002,5.0
lambda,5.0,100,0.16638578350806257,1.0021000107908509,5.012108265489562,5.0016052,4.67,0.16666666666666663,1.0000000000000002,5.000000000000002,5.0
lambda,5.5,1,0.08311218374815507,1.9995554808440457,10.999308554845294,5.500877,5.10,0.08333333333333337,1.9999999999999991,10.999999999999995,5.5
lambda,5.5,2,0.08333284538752832,1.9961930477403909,10.97755252293368,5.4992446,5.04,0.08333333333333337,1.9999999999999991,10.999999999999995,5.5
lambda,5.5,3,0.08316826099894394,2.0050953676425785,11.029770618747493,5.5008713,5.06,0.08333333333333337,1.9999999999999991,10.999999999999995,5.5
lambda,5.5,4,0.08332972772742696,1.999928119715422,11.000991012847464,5.5006936,5.06,0.08333333333333337,1.9999999999999991,10.999999999999995,5.5
lambda,5.5,5,0.08364098634527205,1.9867080177677807,10.926194206729562,5.4996482,5.06,0.08333333333333337,1.9999999999999991,10.999999999999995,5.5
lambda,5.5,6,0.0836447149875702,1.9940700941576213,10.96354768727816,5.498076,5.04,0.08333333333333337,1.9999999999999991,10.999999999999995,5.5
lambda,5.5,7,0.08353514455697778,2.000601368007814,11.001790773687876,5.4992399,5.10,0.08333333333333337,1.9999999999999991,10.999999999999995,5.5
lambda,5.5,8,0.08323343305057972,2.0053742802352907,11.029192099780133,5.4998176,5.13,0.08333333333333337,1.9999999999999991,10.999999999999995,5.5
lambda,5.5,9,0.08343987591316628,1.9998356369380133,10.999392778765444,5.5001484,5.04,0.08333333333333337,1.9999999999999991,10.999999999999995,5.5
lambda,5.5,10,0.08311771744257003,2.0072473914674545,11.043083957788896,5.5016044,5.15,0.08333333333333337,1.9999999999999991,10.999999999999995,5.5
lambda,5.5,11,0.08301718638296161,2.0138603097306094,11.076020046796836,5.4998949,5.10,0.08333333333333337,1.9999999999999991,10.999999999999995,5.5
lambda,5.5,12,0.08309328940994626,2.0069291953777126,11.039574428727505,5.5007294,5.06,0.08333333333333337,1.9999999999999991,10.999999999999995,5.5
lambda,5.5,13,0.08317682209369572,2.00185975941459,11.01178459730906,5.5007764,5.09,0.08333333333333337,1.9999999999999991,10.999999999999995,5.5
lambda,5.5,14,0.08330151876987743,2.003671661836943,11.022500102861457,5.5011494,5.13,0.08333333333333337,1.9999999999999991,10.999999999999995,5.5
lambda,5.5,15,0.08313627960611857,2.0066682658584467,11.038671950414319,5.5009955,5.05,0.08333333333333337,1.9999999999999991,10.999999999999995,5.5
lambda,5.5,16,0.08346360987096874,1.9936126710502458,10.965440771062498,5.5002869,5.05,0.08333333333333337,1.9999999999999991,10.999999999999995,5.5
lambda,5.5,17,0.08316321669957692,2.00548401096938,11.032716436199639,5.5012747,5.07,0.08333333333333337,1.9999999999999991,10.999999999999995,5.5
lambda,5.5,18,0.08346543497892794,1.9995502826099256,10.998019270319283,5.5002469,5.14,0.08333333333333337,1.9999999999999991,10.999999999999995,5.5
lambda,5.5,19,0.0830538211179879,2.0020112138539283,11.011714330799482,5.5003261,5.09,0.08333333333333337,1.9999999999999991,10.999999999999995,5.5
lambda,5.5,20,0.08353589661032641,1.9979956078256895,10.988665504639615,5.4998452,5.15,0.08333333333333337,1.9999999999999991,10.999999999999995,5.5
lambda,5.5,21,0.08328582509649676,1.995572596914522,10.976895277785996,5.5006251,5.10,0.08333333333333337,1.9999999999999991,10.999999999999995,5.5
lambda,5.5,22,0.08337135700780017,1.9935350265412461,10.966353668608877,5.5009588,5.09,0.08333333333333337,1.9999999999999991,10.999999999999995,5.5
lambda,5.5,23,0.08363324159412147,1.986504575367124,10.923486754802697,5.4988482,5.06,0.08333333333333337,1.9999999999999991,10.999999999999995,5.5
lambda,5.5,24,0.08347545155081595,1.9944876805290985,10.968977608364732,5.4996468,5.05,0.08333333333333337,1.9999999999999991,10.999999999999995,5.5
lambda,5.5,25,0.08302310929643913,2.0150564936292623,11.084603409910814,5.5008901,5.06,0.08333333333333337,1.9999999999999991,10.999999999999995,5.5
lambda,5.5,26,0.08320840621531397,2.013323086514311,11.073021438701138,5.4998734,5.11,0.08333333333333337,1.9999999999999991,10.999999999999995,5.5
lambda,5.5,27,0.08335618290997614,2.002302583972072,11.0121370062357,5.4997372,5.06,0.08333333333333337,1.9999999999999991,10.999999999999995,5.5
lambda,5.5,28,0.08348028870655616,2.0056122007069543,11.030463574713929,5.4997989,5.12,0.08333333333333337,1.9999999999999991,10.999999999999995,5.5
lambda,5.5,29,0.08332694032779235,2.002416178959735,11.0122886160249,5.4994999,5.04,0.08333333333333337,1.9999999999999991,10.999999999999995,5.5
lambda,5.5,30,0.08344856426256454,1.9965971742541477,10.980358436633638,5.4995362,5.11,0.08333333333333337,1.9999999999999991,10.999999999999995,5.5
lambda,5.5,31,0.08341141404134945,2.000429557657165,11.002518261907836,5.5000782,5.07,0.08333333333333337,1.9999999999999991,10.999999999999995,5.5
lambda,5.5,32,0.08322241498492221,2.0006200160817076,11.003693795511708,5.500142,5.09,0.08333333333333337,1.9999999999999991,10.999999999999995,5.5
lambda,5.5,33,0.08339584330565293,1.9986687597892239,10.991456261526675,5.4993892,5.10,0.08333333333333337,1.9999999999999991,10.999999999999995,5.5
lambda,5.5,34,0.08324658090964734,1.9921622479342334,10.956776913467088,5.4999424,5.11,0.08333333333333337,1.9999999999999991,10.999999999999995,5.5
lambda,5.5,35,0.08344099827132968,2.0017642970244185,11.007865094589555,5.4990821,5.07,0.08333333333333337,1.9999999999999991,10.999999999999995,5.5
lambda,5.5,36,0.08333539226548003,2.0017378851562952,11.010406498238108,5.5004241,5.05,0.08333333333333337,1.9999999999999991,10.999999999999995,5.5
lambda,5.5,37,0.08329994327705664,1.9997432884502773,10.99836971450428,5.4998909,5.06,0.08333333333333337,1.9999999999999991,10.999999999999995,5.5
lambda,5.5,38,0.0834525272842742,2.0034735104275554,11.016441515928234,5.4986711,5.12,0.08333333333333337,1.9999999999999991,10.999999999999995,5.5
lambda,5.5,39,0.0830148530254087,1.9995662518807387,10.998711299858511,5.5005494,5.05,0.08333333333333337,1.9999999999999991,10.999999999999995,5.5
lambda,5.5,40,0.08349783688826115,1.995461141458571,10.974199042884644,5.4995772,5.08,0.08333333333333337,1.9999999999999991,10.999999999999995,5.5
lambda,5.5,41,0.08359603370623803,1.9930947998872868,10.960866562287615,5.4994212,5.14,0.08333333333333337,1.9999999999999991,10.999999999999995,5.5
lambda,5.5,42,0.08299005990176292,2.016070198931779,11.09105496785825,5.5013239,5.13,0.08333333333333337,1.9999999999999991,10.999999999999995,5.5
lambda,5.5,43,0.08358545688285472,1.9958684772416095,10.976910362351537,5.4998168,5.11,0.08333333333333337,1.9999999999999991,10.999999999999995,5.5
lambda,5.5,44,0.08345869707881759,1.9926506416970866,10.958640241231071,5.4995299,5.11,0.08333333333333337,1.9999999999999991,10.999999999999995,5.5
lambda,5.5,45,0.08308251968314406,2.0054583715561063,11.031086130813751,5.5005313,5.16,0.08333333333333337,1.9999999999999991,10.999999999999995,5.5
lambda,5.5,46,0.08339639313395182,1.9953291504249038,10.974186643898099,5.4999381,5.04,0.08333333333333337,1.9999999999999991,10.999999999999995,5.5
lambda,5.5,47,0.08288728367057151,2.0156158125140995,11.088605570272515,5.5013493,5.07,0.08333333333333337,1.9999999999999991,10.999999999999995,5.5
lambda,5.5,48,0.08334729985128181,1.9930121984408327,10.960494005677065,5.4994619,5.05,0.08333333333333337,1.9999999999999991,10.999999999999995,5.5
lambda,5.5,49,0.08304608953804078,2.0093278822350653,11.053057495530766,5.5008731,5.09,0.08333333333333337,1.9999999999999991,10.999999999999995,5.5
lambda,5.5,50,0.08338442303036557,1.9983203691350322,10.98874004874317,5.4989887,5.12,0.08333333333333337,1.9999999999999991,10.999999999999995,5.5
lambda,5.5,51,0.08343701236106378,1.9913212218231129,10.952080030165163,5.4999069,5.14,0.08333333333333337,1.9999999999999991,10.999999999999995,5.5
lambda,5.5,52,0.0833690312536315,2.0006408122955732,11.002763897172313,5.4996201,5.08,0.08333333333333337,1.9999999999999991,10.999999999999995,5.5
lambda,5.5,53,0.08319558815987725,2.0100395834347475,11.056821117466878,5.5007977,5.05,0.08333333333333337,1.9999999999999991,10.999999999999995,5.5
lambda,5.5,54,0.0832924381043529,1.999047698696109,10.996859286146378,5.5010492,5.06,0.08333333333333337,1.9999999999999991,10.999999999999995,5.5
lambda,5.5,55,0.08355176460084203,1.9872976514986185,10.92872341467602,5.499289,5.06,0.08333333333333337,1.9999999999999991,10.999999999999995,5.5
lambda,5.5,56,0.08344496586196748,1.9867113254903543,10.925359143353443,5.4992185,5.04,0.08333333333333337,1.9999999999999991,10.999999999999995,5.5
lambda,5.5,57,0.08326800025658081,2.001104934828135,11.00612043161088,5.5000216,5.13,0.08333333333333337,1.9999999999999991,10.999999999999995,5.5
lambda,5.5,58,0.08333113618986229,2.0035744805712454,11.018787572415063,5.499565,5.05,0.08333333333333337,1.9999999999999991,10.999999999999995,5.5
lambda,5.5,59,0.08293715752543995,2.0061000250083554,11.034771151246616,5.5006093,5.04,0.08333333333333337,1.9999999999999991,10.999999999999995,5.5
lambda,5.5,60,0.08327268261653847,2.0005445911831545,11.002589158028776,5.4997976,5.09,0.08333333333333337,1.9999999999999991,10.999999999999995,5.5
lambda,5.5,61,0.08337700443920526,1.993497461668801,10.962740377967897,5.4992501,5.07,0.08333333333333337,1.9999999999999991,10.999999999999995,5.5
lambda,5.5,62,0.08322321672397492,2.008789854829037,11.050780972594147,5.5012137,5.08,0.08333333333333337,1.9999999999999991,10.999999999999995,5.5
lambda,5.5,63,0.08308529235064316,2.00321193697107,11.019007281346306,5.5006703,5.06,0.08333333333333337,1.9999999999999991,10.999999999999995,5.5
lambda,5.5,64,0.08347873408140924,1.9956524684926689,10.975117136448594,5.4995132,5.04,0.08333333333333337,1.9999999999999991,10.999999999999995,5.5
lambda,5.5,65,0.08341864581036258,1.9984858958967877,10.99025894975987,5.4992933,5.11,0.08333333333333337,1.9999999999999991,10.999999999999995,5.5
lambda,5.5,66,0.08331406211946019,1.99653104041144,10.980918982544965,5.4999995,5.05,0.08333333333333337,1.9999999999999991,10.999999999999995,5.5
lambda,5.5,67,0.08327870338855684,1.9974865820512262,10.98868530436828,5.5012564,5.08,0.08333333333333337,1.9999999999999991,10.999999999999995,5.5
lambda,5.5,68,0.0832010988866567,2.0024544175213372,11.016055738295359,5.5012771,5.06,0.08333333333333337,1.9999999999999991,10.999999999999995,5.5
lambda,5.5,69,0.08354120986331413,1.997438339971687,10.985629143228316,5.4998593,5.05,0.08333333333333337,1.9999999999999991,10.999999999999995,5.5
lambda,5.5,70,0.08319925032171832,1.9992538554080355,10.996667816971527,5.5003861,5.08,0.08333333333333337,1.9999999999999991,10.999999999999995,5.5
lambda,5.5,71,0.08333528182944767,2.0014841061393485,11.008097946705579,5.4999682,5.07,0.08333333333333337,1.9999999999999991,10.999999999999995,5.5
lambda,5.5,72,0.08312606838469087,2.001118509153791,11.008978186001084,5.5014126,5.09,0.08333333333333337,1.9999999999999991,10.999999999999995,5.5
lambda,5.5,73,0.08340558124087172,2.0001237368754143,10.998924368105515,5.4991212,5.11,0.08333333333333337,1.9999999999999991,10.999999999999995,5.5
lambda,5.5,74,0.08373084957330833,1.984613030455723,10.913676536574568,5.4991464,5.10,0.08333333333333337,1.9999999999999991,10.999999999999995,5.5
lambda,5.5,75,0.08320544253319069,2.0024309955036754,11.016249982350605,5.5014382,5.05,0.08333333333333337,1.9999999999999991,10.999999999999995,5.5
lambda,5.5,76,0.08348720320375634,1.999996582225625,10.999968056496815,5.4999938,5.08,0.08333333333333337,1.9999999999999991,10.999999999999995,5.5
lambda,5.5,77,0.08312142136072684,2.0038680502926827,11.02238442151466,5.5005544,5.14,0.08333333333333337,1.9999999999999991,10.999999999999995,5.5
lambda,5.5,78,0.0833295725767057,2.0006817136206094,11.003308277526363,5.4997798,5.05,0.08333333333333337,1.9999999999999991,10.999999999999995,5.5
lambda,5.5,79,0.08314724400815406,2.0111321927998773,11.060420016945963,5.499599,5.10,0.08333333333333337,1.9999999999999991,10.999999999999995,5.5
lambda,5.5,80,0.08350342355114768,1.9953166626141603,10.972037420152999,5.4988955,5.08,0.08333333333333337,1.9999999999999991,10.999999999999995,5.5
lambda,5.5,81,0.08318388023764464,1.996876025270753,10.984147879648566,5.5006667,5.14,0.08333333333333337,1.9999999999999991,10.999999999999995,5.5
lambda,5.5,82,0.08355837336590931,2.002264111073182,11.010492388839072,5.4990216,5.14,0.08333333333333337,1.9999999999999991,10.999999999999995,5.5
lambda,5.5,83,0.08346180145436459,1.99251921149214,10.957696611745883,5.4994188,5.12,0.08333333333333337,1.9999999999999991,10.999999999999995,5.5
lambda,5.5,84,0.0832565290267184,2.006122541528493,11.032836357172917,5.4995831,5.14,0.08333333333333337,1.9999999999999991,10.999999999999995,5.5
lambda,5.5,85,0.08324400059301656,2.0021257923198115,11.013081360430604,5.5006895,5.08,0.08333333333333337,1.9999999999999991,10.999999999999995,5.5
lambda,5.5,86,0.08328164436324349,2.0067513679286186,11.037222441708856,5.5000451,5.08,0.08333333333333337,1.9999999999999991,10.999999999999995,5.5
lambda,5.5,87,0.08359564570375233,1.990984058671115,10.949135335744334,5.4993594,5.11,0.08333333333333337,1.9999999999999991,10.999999999999995,5.5
lambda,5.5,88,0.08302493018751944,2.0088265059611583,11.049734228103443,5.5005924,5.06,0.08333333333333337,1.9999999999999991,10.999999999999995,5.5
lambda,5.5,89,0.08344275617912675,2.0000408621929187,11.001430209503368,5.5006033,5.06,0.08333333333333337,1.9999999999999991,10.999999999999995,5.5
lambda,5.5,90,0.08323726506822601,1.9981297537124467,10.989182873842406,5.499735,5.12,0.08333333333333337,1.9999999999999991,10.999999999999995,5.5
lambda,5.5,91,0.08339940134616933,2.0009818548704112,11.005682047293094,5.5001402,5.08,0.08333333333333337,1.9999999999999991,10.999999999999995,5.5
lambda,5.5,92,0.08312346187318222,2.0087879252203984,11.048319952021417,5.4999935,5.07,0.08333333333333337,1.9999999999999991,10.999999999999995,5.5
lambda,5.5,93,0.08324572844580669,2.001444385120347,11.007712127772367,5.4998834,5.21,0.08333333333333337,1.9999999999999991,10.999999999999995,5.5
lambda,5.5,94,0.08349733338650141,1.9916491986521594,10.953154905626155,5.4995409,5.07,0.08333333333333337,1.9999999999999991,10.999999999999995,5.5
lambda,5.5,95,0.08330306040776453,2.004169333566446,11.022306583046303,5.4996887,5.11,0.08333333333333337,1.9999999999999991,10.999999999999995,5.5
lambda,5.5,96,0.08354487228898688,1.9941772891517742,10.96670639553801,5.4993417,5.06,0.08333333333333337,1.9999999999999991,10.999999999999995,5.5
lambda,5.5,97,0.08315298976180832,2.0076803567671933,11.043196984312084,5.5004733,5.09,0.08333333333333337,1.9999999999999991,10.999999999999995,5.5
lambda,5.5,98,0.08354575479322178,2.0005444566201813,11.00094077132926,5.4989736,5.09,0.08333333333333337,1.9999999999999991,10.999999999999995,5.5
lambda,5.5,99,0.0832810150278537,2.00311084209769,11.01708192032186,5.499987,5.10,0.08333333333333337,1.9999999999999991,10.999999999999995,5.5
lambda,5.5,100,0.08320621453290945,2.00662398549438,11.039140469661403,5.5013499,5.13,0.08333333333333337,1.9999999999999991,10.999999999999995,5.5
lambda,5.7,1,0.04983845249366274,3.3283861026328774,18.974356541763026,5.7007689,5.30,0.04999999999999993,3.333333333333338,19.00000000000003,5.7
lambda,5.7,2,0.04994770232371809,3.3333063198056974,18.99750158272496,5.6992972,5.25,0.04999999999999993,3.333333333333338,19.00000000000003,5.7
lambda,5.7,3,0.04989320068292202,3.349597824917833,19.095181614986164,5.7007387,5.30,0.04999999999999993,3.333333333333338,19.00000000000003,5.7
lambda,5.7,4,0.049956449636640005,3.341549883363901,19.048976618319877,5.7006413,5.36,0.04999999999999993,3.333333333333338,19.00000000000003,5.7
lambda,5.7,5,0.050321081736761614,3.2999173786271543,18.80802813328145,5.6995456,5.28,0.04999999999999993,3.333333333333338,19.00000000000003,5.7
lambda,5.7,6,0.05036750400321609,3.3071127010246513,18.843452938353817,5.6978563,5.28,0.04999999999999993,3.333333333333338,19.00000000000003,5.7
lambda,5.7,7,0.05022055708660371,3.3228908128148356,18.93775609979157,5.6991821,5.24,0.04999999999999993,3.333333333333338,19.00000000000003,5.7
lambda,5.7,8,0.0498794707953945,3.3510598220786383,19.100441800136867,5.6998219,5.29,0.04999999999999993,3.333333333333338,19.00000000000003,5.7
lambda,5.7,9,0.05012018173738981,3.3157771526616133,18.900454754730184,5.7001589,5.23,0.04999999999999993,3.333333333333338,19.00000000000003,5.7
lambda,5.7,10,0.04969744874824325,3.3710925496094,19.22171974696446,5.7019265,5.25,0.04999999999999993,3.333333333333338,19.00000000000003,5.7
lambda,5.7,11,0.049660428923409675,3.372083704721509,19.220674510000666,5.6999407,5.32,0.04999999999999993,3.333333333333338,19.00000000000003,5.7
lambda,5.7,12,0.0497227322312274,3.3517429220959936,19.107513626604764,5.7007708,5.24,0.04999999999999993,3.333333333333338,19.00000000000003,5.7
lambda,5.7,13,0.04985999833248025,3.3250392878801014,18.954989883330523,5.7006821,5.28,0.04999999999999993,3.333333333333338,19.00000000000003,5.7
lambda,5.7,14,0.04994746697024892,3.336391485756681,19.02103133096528,5.7010799,5.24,0.04999999999999993,3.333333333333338,19.00000000000003,5.7
lambda,5.7,15,0.04991585031491274,3.359396004885166,19.151619748867933,5.7009126,5.23,0.04999999999999993,3.333333333333338,19.00000000000003,5.7
lambda,5.7,16,0.05005397249567515,3.3266320237402014,18.96283298281734,5.7003108,5.29,0.04999999999999993,3.333333333333338,19.00000000000003,5.7
lambda,5.7,17,0.049765251793059566,3.3481637009286302,19.08931100148951,5.701428,5.31,0.04999999999999993,3.333333333333338,19.00000000000003,5.7
lambda,5.7,18,0.050086937081607184,3.3422520211985547,19.052319414835164,5.7004444,5.30,0.04999999999999993,3.333333333333338,19.00000000000003,5.7
lambda,5.7,19,0.04972275942946503,3.3374016044536674,19.025110853280626,5.7005726,5.24,0.04999999999999993,3.333333333333338,19.00000000000003,5.7
lambda,5.7,20,0.05019520915642697,3.3265714559278465,18.96158830058189,5.70004,5.23,0.04999999999999993,3.333333333333338,19.00000000000003,5.7
lambda,5.7,21,0.050028538572981535,3.3195583097526176,18.923242106257764,5.7005303,5.29,0.04999999999999993,3.333333333333338,19.00000000000003,5.7
lambda,5.7,22,0.050107700488922914,3.3131335911744495,18.888312492166722,5.7010419,5.29,0.04999999999999993,3.333333333333338,19.00000000000003,5.7
lambda,5.7,23,0.05030747567424293,3.2969793640018734,18.788637398526568,5.6987435,5.29,0.04999999999999993,3.333333333333338,19.00000000000003,5.7
lambda,5.7,24,0.05017881088197478,3.3230093277583626,18.939534602533765,5.6995133,5.30,0.04999999999999993,3.333333333333338,19.00000000000003,5.7
lambda,5.7,25,0.04969700526781713,3.365942825698529,19.189095650365754,5.7009572,5.32,0.04999999999999993,3.333333333333338,19.00000000000003,5.7
lambda,5.7,26,0.049870334169654286,3.3683257465215903,19.198800847112846,5.6998054,5.29,0.04999999999999993,3.333333333333338,19.00000000000003,5.7
lambda,5.7,27,0.050069503889310585,3.328622982904663,18.971846079814945,5.6996091,5.22,0.04999999999999993,3.333333333333338,19.00000000000003,5.7
lambda,5.7,28,0.05019747980196,3.3529807676946826,19.11131340902658,5.6997981,5.29,0.04999999999999993,3.333333333333338,19.00000000000003,5.7
lambda,5.7,29,0.04998960958643908,3.353952708726021,19.115801141718876,5.6994844,5.29,0.04999999999999993,3.333333333333338,19.00000000000003,5.7
lambda,5.7,30,0.05011207731597795,3.3202873533162918,18.923837624898443,5.6994584,5.24,0.04999999999999993,3.333333333333338,19.00000000000003,5.7
lambda,5.7,31,0.050080986311590525,3.329945919965488,18.980606318927926,5.6999756,5.30,0.04999999999999993,3.333333333333338,19.00000000000003,5.7
lambda,5.7,32,0.0498887747344755,3.3370846674925505,19.022611448500665,5.7003685,5.25,0.04999999999999993,3.333333333333338,19.00000000000003,5.7
lambda,5.7,33,0.050076278429567606,3.3319998804132056,18.99034152463374,5.6993832,5.27,0.04999999999999993,3.333333333333338,19.00000000000003,5.7
lambda,5.7,34,0.049945146716458465,3.2966619704176434,18.790446897596155,5.6998411,5.30,0.04999999999999993,3.333333333333338,19.00000000000003,5.7
lambda,5.7,35,0.05004992655557757,3.3413855979931566,19.042794841062783,5.6990713,5.28,0.04999999999999993,3.333333333333338,19.00000000000003,5.7
lambda,5.7,36,0.04999001736387499,3.3353246245723986,19.012674928327087,5.7003981,5.25,0.04999999999999993,3.333333333333338,19.00000000000003,5.7
lambda,5.7,37,0.04997407193228642,3.3372814181312247,19.021860872786906,5.6998077,5.30,0.04999999999999993,3.333333333333338,19.00000000000003,5.7
lambda,5.7,38,0.05017632564664348,3.3179828478077256,18.907869038272796,5.6986038,5.28,0.04999999999999993,3.333333333333338,19.00000000000003,5.7
lambda,5.7,39,0.04973021269269642,3.3293721437151707,18.978745671401512,5.7003979,5.23,0.04999999999999993,3.333333333333338,19.00000000000003,5.7
lambda,5.7,40,0.050189512488394254,3.325727096776385,18.95477788157832,5.6994397,5.25,0.04999999999999993,3.333333333333338,19.00000000000003,5.7
lambda,5.7,41,0.050273089391911316,3.3146854262289684,18.89164884132055,5.6993792,5.25,0.04999999999999993,3.333333333333338,19.00000000000003,5.7
lambda,5.7,42,0.049706248404553434,3.363040607291,19.173975188552717,5.7013818,5.33,0.04999999999999993,3.333333333333338,19.00000000000003,5.7
lambda,5.7,43,0.05018714961258201,3.324416968887161,18.948680379729606,5.6998515,5.32,0.04999999999999993,3.333333333333338,19.00000000000003,5.7
lambda,5.7,44,0.0501058541270179,3.3093822965475757,18.86242884325092,5.6996833,5.22,0.04999999999999993,3.333333333333338,19.00000000000003,5.7
lambda,5.7,45,0.04974982730968353,3.338974524182617,19.033894052525042,5.7005223,5.24,0.04999999999999993,3.333333333333338,19.00000000000003,5.7
lambda,5.7,46,0.05005619812126004,3.3247895690002958,18.950450378643055,5.6997457,5.24,0.04999999999999993,3.333333333333338,19.00000000000003,5.7
lambda,5.7,47,0.04955339943832716,3.3715928213268236,19.221829304267647,5.7011124,5.23,0.04999999999999993,3.333333333333338,19.00000000000003,5.7
lambda,5.7,48,0.049997295437669155,3.3160393426465182,18.90019071993319,5.6996283,5.23,0.04999999999999993,3.333333333333338,19.00000000000003,5.7
lambda,5.7,49,0.04971543869843206,3.3620799714221,19.166993008807747,5.7009333,5.30,0.04999999999999993,3.333333333333338,19.00000000000003,5.7
lambda,5.7,50,0.050082473313648665,3.325636332058685,18.952986361782862,5.6990556,5.26,0.04999999999999993,3.333333333333338,19.00000000000003,5.7
lambda,5.7,51,0.05010214004343222,3.309307388429252,18.862618829340857,5.6998703,5.24,0.04999999999999993,3.333333333333338,19.00000000000003,5.7
lambda,5.7,52,0.05007617147104526,3.3241536516247985,18.946041090597014,5.6995092,5.29,0.04999999999999993,3.333333333333338,19.00000000000003,5.7
lambda,5.7,53,0.049825249757282315,3.360509829355142,19.158148583256775,5.7009649,5.29,0.04999999999999993,3.333333333333338,19.00000000000003,5.7
lambda,5.7,54,0.049922901986488535,3.3417452101261533,19.051472236391113,5.7010548,5.31,0.04999999999999993,3.333333333333338,19.00000000000003,5.7
lambda,5.7,55,0.05026299383613406,3.3109658846491534,18.86980018589321,5.699183,5.29,0.04999999999999993,3.333333333333338,19.00000000000003,5.7
lambda,5.7,56,0.050160283093072314,3.302802237806182,18.82290794355235,5.6990727,5.24,0.04999999999999993,3.333333333333338,19.00000000000003,5.7
lambda,5.7,57,0.04987621500630359,3.3423620509037857,19.05201519650233,5.7001659,5.36,0.04999999999999993,3.333333333333338,19.00000000000003,5.7
lambda,5.7,58,0.049950561820461876,3.3363307903357744,19.016570385802282,5.6998458,5.26,0.04999999999999993,3.333333333333338,19.00000000000003,5.7
lambda,5.7,59,0.04960590366257981,3.357551648457266,19.14014381538415,5.7006239,5.29,0.04999999999999993,3.333333333333338,19.00000000000003,5.7
lambda,5.7,60,0.050029982583819035,3.3290357564626776,18.974309880446427,5.6996422,5.39,0.04999999999999993,3.333333333333338,19.00000000000003,5.7
lambda,5.7,61,0.05000620865034048,3.3119728813530656,18.875942632558818,5.6993063,5.30,0.04999999999999993,3.333333333333338,19.00000000000003,5.7
lambda,5.7,62,0.04985291525010547,3.3576294617913307,19.142182087060444,5.7011009,5.30,0.04999999999999993,3.333333333333338,19.00000000000003,5.7
lambda,5.7,63,0.04972564625368844,3.350173655469949,19.098539923560104,5.7007605,5.29,0.04999999999999993,3.333333333333338,19.00000000000003,5.7
lambda,5.7,64,0.0501763992033941,3.3284688161947167,18.97037411072283,5.6994305,5.30,0.04999999999999993,3.333333333333338,19.00000000000003,5.7
lambda,5.7,65,0.05010516393800741,3.3266680132545967,18.959366191053938,5.699197,5.27,0.04999999999999993,3.333333333333338,19.00000000000003,5.7
lambda,5.7,66,0.05000620786827172,3.326839270753266,18.963075153968727,5.7000243,5.23,0.04999999999999993,3.333333333333338,19.00000000000003,5.7
lambda,5.7,67,0.04995447689154541,3.3271711805498474,18.968403309834247,5.7010606,5.24,0.04999999999999993,3.333333333333338,19.00000000000003,5.7
lambda,5.7,68,0.04993702856938382,3.347171647871124,19.082216099977305,5.700998,5.32,0.04999999999999993,3.333333333333338,19.00000000000003,5.7
lambda,5.7,69,0.050207406055863844,3.3243791139438033,18.948726728056428,5.69993,5.31,0.04999999999999993,3.333333333333338,19.00000000000003,5.7
lambda,5.7,70,0.04987098398285751,3.3402767997219396,19.041096113265713,5.700455,5.24,0.04999999999999993,3.333333333333338,19.00000000000003,5.7
lambda,5.7,71,0.05001368082560186,3.3454654988823793,19.06897910914514,5.6999484,5.31,0.04999999999999993,3.333333333333338,19.00000000000003,5.7
lambda,5.7,72,0.04971765675655098,3.345007202423658,19.071616898299087,5.7015177,5.28,0.04999999999999993,3.333333333333338,19.00000000000003,5.7
lambda,5.7,73,0.05008132634302521,3.3290905641604995,18.97253169190466,5.6990144,5.25,0.04999999999999993,3.333333333333338,19.00000000000003,5.7
lambda,5.7,74,0.050443048882683965,3.3021224831150024,18.81875202303674,5.6989874,5.30,0.04999999999999993,3.333333333333338,19.00000000000003,5.7
lambda,5.7,75,0.04989208891137049,3.342025203286199,19.054398080572664,5.701453,5.30,0.04999999999999993,3.333333333333338,19.00000000000003,5.7
lambda,5.7,76,0.05022152545934398,3.3332602629526353,18.99899545462658,5.6998189,5.29,0.04999999999999993,3.333333333333338,19.00000000000003,5.7
lambda,5.7,77,0.04975720238032692,3.3484628664338505,19.088284247081106,5.7006119,5.27,0.04999999999999993,3.333333333333338,19.00000000000003,5.7
lambda,5.7,78,0.04999644006720676,3.3459897137281738,19.070617622637855,5.6995458,5.25,0.04999999999999993,3.333333333333338,19.00000000000003,5.7
lambda,5.7,79,0.0498730456060663,3.358988394592169,19.144908806953367,5.6996058,5.28,0.04999999999999993,3.333333333333338,19.00000000000003,5.7
lambda,5.7,80,0.05023460454245942,3.301180296656334,18.812773691841603,5.6988027,5.31,0.04999999999999993,3.333333333333338,19.00000000000003,5.7
lambda,5.7,81,0.04984909239232873,3.325924605048435,18.960007932001233,5.7006735,5.31,0.04999999999999993,3.333333333333338,19.00000000000003,5.7
lambda,5.7,82,0.05022389873238783,3.3329066778809624,18.993728481576486,5.6988487,5.24,0.04999999999999993,3.333333333333338,19.00000000000003,5.7
lambda,5.7,83,0.05014798031018318,3.309661928462924,18.86400264351805,5.6996772,5.24,0.04999999999999993,3.333333333333338,19.00000000000003,5.7
lambda,5.7,84,0.049903625090029366,3.3520800989503154,19.105741365056748,5.6996681,5.26,0.04999999999999993,3.333333333333338,19.00000000000003,5.7
lambda,5.7,85,0.04986483593784083,3.346155044390289,19.07555398871702,5.7007387,5.24,0.04999999999999993,3.333333333333338,19.00000000000003,5.7
lambda,5.7,86,0.04992193483646892,3.3443170303944143,19.063613580305685,5.7003019,5.22,0.04999999999999993,3.333333333333338,19.00000000000003,5.7
lambda,5.7,87,0.05017930410248439,3.329181380453864,18.974506813848038,5.6994513,5.23,0.04999999999999993,3.333333333333338,19.00000000000003,5.7
lambda,5.7,88,0.04975310096732887,3.34475574895441,19.066195530693182,5.7003261,5.27,0.04999999999999993,3.333333333333338,19.00000000000003,5.7
lambda,5.7,89,0.05009676627416646,3.3143548236861,18.89377875100146,5.7005915,5.26,0.04999999999999993,3.333333333333338,19.00000000000003,5.7
lambda,5.7,90,0.04983230740879068,3.3329781017064053,18.99742101624176,5.6998344,5.27,0.04999999999999993,3.333333333333338,19.00000000000003,5.7
lambda,5.7,91,0.050041376459820625,3.3225884888380715,18.939088250181843,5.700101,5.31,0.04999999999999993,3.333333333333338,19.00000000000003,5.7
lambda,5.7,92,0.04986580849225504,3.3454477662713593,19.068813140987007,5.6999136,5.22,0.04999999999999993,3.333333333333338,19.00000000000003,5.7
lambda,5.7,93,0.04987912103450486,3.3356133844990707,19.01354155228225,5.7001646,5.29,0.04999999999999993,3.333333333333338,19.00000000000003,5.7
lambda,5.7,94,0.05018610668802032,3.304917646243129,18.8361977687031,5.6994459,5.34,0.04999999999999993,3.333333333333338,19.00000000000003,5.7
lambda,5.7,95,0.049930089523481526,3.3490299899767897,19.08876289796253,5.6997895,5.26,0.04999999999999993,3.333333333333338,19.00000000000003,5.7
lambda,5.7,96,0.05019189906574813,3.3339744449204303,19.001312285379182,5.6992982,5.29,0.04999999999999993,3.333333333333338,19.00000000000003,5.7
lambda,5.7,97,0.049770645320049704,3.3534481087203685,19.1161745810902,5.7004505,5.29,0.04999999999999993,3.333333333333338,19.00000000000003,5.7
lambda,5.7,98,0.050161911586172406,3.33827213154292,19.025240466723655,5.6991289,5.26,0.04999999999999993,3.333333333333338,19.00000000000003,5.7
lambda,5.7,99,0.04990683495852068,3.354291490371269,19.119974701709115,5.7001531,5.32,0.04999999999999993,3.333333333333338,19.00000000000003,5.7
lambda,5.7,100,0.04990328263711098,3.3459208064780595,19.075587892707897,5.701148,5.35,0.04999999999999993,3.333333333333338,19.00000000000003,5.7
lambda,5.9,1,0.016488837759588783,10.06187028454892,59.37451953326527,5.9009435,5.55,0.016666666666666607,10.000000000000036,59.00000000000021,5.9
lambda,5.9,2,0.01663382756191633,9.945786643277044,58.672825249873355,5.8992676,5.49,0.016666666666666607,10.000000000000036,59.00000000000021,5.9
lambda,5.9,3,0.01650885608304527,10.115738512219867,59.69016466947011,5.9007238,5.59,0.016666666666666607,10.000000000000036,59.00000000000021,5.9
lambda,5.9,4,0.016637630517347138,10.135872068303673,59.807537629461024,5.9005758,5.57,0.016666666666666607,10.000000000000036,59.00000000000021,5.9
lambda,5.9,5,0.01703175249844296,9.97985234016171,58.874464527112266,5.8993342,5.52,0.016666666666666607,10.000000000000036,59.00000000000021,5.9
lambda,5.9,6,0.017038789324870806,9.714337265477782,57.29331965401737,5.8978134,5.48,0.016666666666666607,10.000000000000036,59.00000000000021,5.9
lambda,5.9,7,0.016910655054058244,9.824291934260764,57.9551808586223,5.8991742,5.55,0.016666666666666607,10.000000000000036,59.00000000000021,5.9
lambda,5.9,8,0.016503511570621,10.058330364459032,59.34351773411944,5.8999383,5.55,0.016666666666666607,10.000000000000036,59.00000000000021,5.9
lambda,5.9,9,0.016764329253188538,9.836111938833623,58.03395743193574,5.9000929,5.55,0.016666666666666607,10.000000000000036,59.00000000000021,5.9
lambda,5.9,10,0.016341255600814786,10.278502118627207,60.663471753023806,5.9019761,5.50,0.016666666666666607,10.000000000000036,59.00000000000021,5.9
lambda,5.9,11,0.016284872144418164,10.357847362242902,61.111569482455614,5.9000279,5.56,0.016666666666666607,10.000000000000036,59.00000000000021,5.9
lambda,5.9,12,0.01642398900406958,10.120498241420517,59.71828855413275,5.9007285,5.57,0.016666666666666607,10.000000000000036,59.00000000000021,5.9
lambda,5.9,13,0.016511064932200194,10.060484407540883,59.363594562155114,5.9006733,5.60,0.016666666666666607,10.000000000000036,59.00000000000021,5.9
lambda,5.9,14,0.01664800826679355,10.092951658221164,59.55855495833665,5.9010062,5.55,0.016666666666666607,10.000000000000036,59.00000000000021,5.9
lambda,5.9,15,0.01649650714944503,10.317496327337295,60.883348918100324,5.9009825,5.49,0.016666666666666607,10.000000000000036,59.00000000000021,5.9
lambda,5.9,16,0.01674233770851696,10.018137965559466,59.10908649249237,5.9002095,5.58,0.016666666666666607,10.000000000000036,59.00000000000021,5.9
lambda,5.9,17,0.01644349561258085,10.304283168564174,60.809517318422316,5.9013851,5.55,0.016666666666666607,10.000000000000036,59.00000000000021,5.9
lambda,5.9,18,0.01671277307343362,9.966632672424035,58.807179004112086,5.9004092,5.54,0.016666666666666607,10.000000000000036,59.00000000000021,5.9
lambda,5.9,19,0.016397431948455936,10.002169806007801,59.01859735711585,5.9005825,5.56,0.016666666666666607,10.000000000000036,59.00000000000021,5.9
lambda,5.9,20,0.016853756045827013,9.832268117221444,58.010155865543425,5.8999786,5.50,0.016666666666666607,10.000000000000036,59.00000000000021,5.9
lambda,5.9,21,0.01669892578049198,9.893601236979535,58.37668020812323,5.9004514,5.48,0.016666666666666607,10.000000000000036,59.00000000000021,5.9
lambda,5.9,22,0.01670519720390733,9.85055271136572,58.12998000151949,5.9011635,5.49,0.016666666666666607,10.000000000000036,59.00000000000021,5.9
lambda,5.9,23,0.01699091361496434,9.807362233894024,57.85135326402992,5.8987705,5.54,0.016666666666666607,10.000000000000036,59.00000000000021,5.9
lambda,5.9,24,0.016832404027869688,9.824880457568367,57.96270063445663,5.8995851,5.50,0.016666666666666607,10.000000000000036,59.00000000000021,5.9
lambda,5.9,25,0.016422666813898316,10.205170920832323,60.2197321604403,5.9009052,5.57,0.016666666666666607,10.000000000000036,59.00000000000021,5.9
lambda,5.9,26,0.01655102785416428,10.152087888274338,59.89622533942785,5.8998934,5.59,0.016666666666666607,10.000000000000036,59.00000000000021,5.9
lambda,5.9,27,0.0168159401065378,9.754841169982818,57.547776765584835,5.8994085,5.55,0.016666666666666607,10.000000000000036,59.00000000000021,5.9
lambda,5.9,28,0.016878864305639178,10.022985750219918,59.13358876613733,5.8997986,5.50,0.016666666666666607,10.000000000000036,59.00000000000021,5.9
lambda,5.9,29,0.01661686464024484,10.237221562145017,60.39645473282051,5.899693,5.57,0.016666666666666607,10.000000000000036,59.00000000000021,5.9
lambda,5.9,30,0.016780370776829697,9.783723102981781,57.71683159602182,5.8992737,5.49,0.016666666666666607,10.000000000000036,59.00000000000021,5.9
lambda,5.9,31,0.01680772613860109,9.862523146072727,58.18738772116076,5.8998165,5.55,0.016666666666666607,10.000000000000036,59.00000000000021,5.9
lambda,5.9,32,0.0165014804108293,9.967007310997662,58.81120594336504,5.9005918,5.50,0.016666666666666607,10.000000000000036,59.00000000000021,5.9
lambda,5.9,33,0.016752775441317994,9.970101633533389,58.81842600386758,5.8994762,5.56,0.016666666666666607,10.000000000000036,59.00000000000021,5.9
lambda,5.9,34,0.01659447483175357,9.777490898639247,57.6853592370698,5.8998131,5.56,0.016666666666666607,10.000000000000036,59.00000000000021,5.9
lambda,5.9,35,0.016696884298142974,10.062066984788554,59.3570529993546,5.8990946,5.56,0.016666666666666607,10.000000000000036,59.00000000000021,5.9
lambda,5.9,36,0.016619665079798188,10.043895398402405,59.264097004080234,5.90051,5.54,0.016666666666666607,10.000000000000036,59.00000000000021,5.9
lambda,5.9,37,0.016587043076673212,10.028981030113716,59.169194759913765,5.8998219,5.54,0.016666666666666607,10.000000000000036,59.00000000000021,5.9
lambda,5.9,38,0.016820608733310954,9.694912015611612,57.18769661105976,5.8987342,5.57,0.016666666666666607,10.000000000000036,59.00000000000021,5.9
lambda,5.9,39,0.01634975668970894,10.164188434414164,59.97263631319145,5.9003875,5.55,0.016666666666666607,10.000000000000036,59.00000000000021,5.9
lambda,5.9,40,0.016855822522005747,9.65524624818971,56.95984978319486,5.899368,5.55,0.016666666666666607,10.000000000000036,59.00000000000021,5.9
lambda,5.9,41,0.01686756178139244,9.771905957201742,57.64864552725046,5.89943,5.48,0.016666666666666607,10.000000000000036,59.00000000000021,5.9
lambda,5.9,42,0.01637589450678369,10.188962960295937,60.12850384196356,5.9013387,5.57,0.016666666666666607,10.000000000000036,59.00000000000021,5.9
lambda,5.9,43,0.01686669813691892,9.786208023120958,57.738268196130846,5.8999633,5.52,0.016666666666666607,10.000000000000036,59.00000000000021,5.9
lambda,5.9,44,0.016798639344232563,9.870878574286804,58.234107514954246,5.8995671,5.59,0.016666666666666607,10.000000000000036,59.00000000000021,5.9
lambda,5.9,45,0.01636709614608728,10.220840943581106,60.31001484045546,5.9006863,5.51,0.016666666666666607,10.000000000000036,59.00000000000021,5.9
lambda,5.9,46,0.016754742110584735,9.928530227844073,58.57547357324835,5.8997148,5.52,0.016666666666666607,10.000000000000036,59.00000000000021,5.9
lambda,5.9,47,0.01621696872055857,10.211687035405053,60.2593949125391,5.9010165,5.56,0.016666666666666607,10.000000000000036,59.00000000000021,5.9
lambda,5.9,48,0.016656358659526048,10.000781526289886,59.00079851428999,5.8996208,5.54,0.016666666666666607,10.000000000000036,59.00000000000021,5.9
lambda,5.9,49,0.016432206598931937,10.141097877909887,59.8437973254095,5.9011186,5.49,0.016666666666666607,10.000000000000036,59.00000000000021,5.9
lambda,5.9,50,0.016714261910408163,9.973133798810974,58.83548899993209,5.899399,5.52,0.016666666666666607,10.000000000000036,59.00000000000021,5.9
lambda,5.9,51,0.016752182176451462,9.772712456024994,57.65824018294518,5.8999239,5.55,0.016666666666666607,10.000000000000036,59.00000000000021,5.9
lambda,5.9,52,0.01681286873119777,10.022775023813324,59.127315437024734,5.8992669,5.53,0.016666666666666607,10.000000000000036,59.00000000000021,5.9
lambda,5.9,53,0.016548177398202402,10.157797718259076,59.94219981905122,5.901097,5.50,0.016666666666666607,10.000000000000036,59.00000000000021,5.9
lambda,5.9,54,0.016678400964209306,9.991103869482446,58.955420351971554,5.9007935,5.53,0.016666666666666607,10.000000000000036,59.00000000000021,5.9
lambda,5.9,55,0.016885229053728565,9.885600075958193,58.31960663670015,5.8994521,5.48,0.016666666666666607,10.000000000000036,59.00000000000021,5.9
lambda,5.9,56,0.0167879468250899,9.851400774881663,58.113401773228155,5.8990001,5.57,0.016666666666666607,10.000000000000036,59.00000000000021,5.9
lambda,5.9,57,0.016569925198232117,9.983742788311918,58.90547116182218,5.9001413,5.49,0.016666666666666607,10.000000000000036,59.00000000000021,5.9
lambda,5.9,58,0.01664939445444949,9.901996780318461,58.41924049354415,5.8997461,5.55,0.016666666666666607,10.000000000000036,59.00000000000021,5.9
lambda,5.9,59,0.01626854137410942,10.32407933150423,60.9162963831972,5.9004122,5.48,0.016666666666666607,10.000000000000036,59.00000000000021,5.9
lambda,5.9,60,0.016696602465641294,10.075070478197313,59.439120799338305,5.8996254,5.54,0.016666666666666607,10.000000000000036,59.00000000000021,5.9
lambda,5.9,61,0.01665853289330156,9.934038281430173,58.603557345561086,5.899271,5.57,0.016666666666666607,10.000000000000036,59.00000000000021,5.9
lambda,5.9,62,0.016532258296834537,10.157887231206189,59.94415452815213,5.9012446,5.73,0.016666666666666607,10.000000000000036,59.00000000000021,5.9
lambda,5.9,63,0.01632766634895493,10.136411587821016,59.81564661680799,5.9010515,5.50,0.016666666666666607,10.000000000000036,59.00000000000021,5.9
lambda,5.9,64,0.01686484378333253,9.92014489717881,58.52287442107914,5.8993609,5.52,0.016666666666666607,10.000000000000036,59.00000000000021,5.9
lambda,5.9,65,0.01674790813667959,9.97920159119232,58.87012122794121,5.899286,5.53,0.016666666666666607,10.000000000000036,59.00000000000021,5.9
lambda,5.9,66,0.016710011618635858,9.898094648466191,58.39792838018663,5.8999181,5.52,0.016666666666666607,10.000000000000036,59.00000000000021,5.9
lambda,5.9,67,0.0165620468439137,9.946278277002353,58.69407810918707,5.9011124,5.55,0.016666666666666607,10.000000000000036,59.00000000000021,5.9
lambda,5.9,68,0.01660098559815543,10.059724727757537,59.364103521514096,5.9011677,5.60,0.016666666666666607,10.000000000000036,59.00000000000021,5.9
lambda,5.9,69,0.016825259033936224,10.042356238514301,59.250935812973985,5.9001053,5.55,0.016666666666666607,10.000000000000036,59.00000000000021,5.9
lambda,5.9,70,0.01654919786779631,9.960356696248367,58.768677551660204,5.9002618,5.49,0.016666666666666607,10.000000000000036,59.00000000000021,5.9
lambda,5.9,71,0.016662918303704654,10.134924467538047,59.79509422370142,5.8999089,5.57,0.016666666666666607,10.000000000000036,59.00000000000021,5.9
lambda,5.9,72,0.0162848559975757,10.231110888493138,60.3797052363472,5.9015812,5.58,0.016666666666666607,10.000000000000036,59.00000000000021,5.9
lambda,5.9,73,0.016786552002227957,9.792111031574986,57.76226517551129,5.8988588,5.59,0.016666666666666607,10.000000000000036,59.00000000000021,5.9
lambda,5.9,74,0.017094376697831395,9.769249231097637,57.63054702245045,5.8991797,5.50,0.016666666666666607,10.000000000000036,59.00000000000021,5.9
lambda,5.9,75,0.01655905448794391,10.217859487501883,60.30019822057669,5.9014541,5.57,0.016666666666666607,10.000000000000036,59.00000000000021,5.9
lambda,5.9,76,0.016881818557652133,10.007707885293428,59.0415253610138,5.8996073,5.50,0.016666666666666607,10.000000000000036,59.00000000000021,5.9
lambda,5.9,77,0.01638425344297565,10.112612341946498,59.67190078249534,5.9007388,5.49,0.016666666666666607,10.000000000000036,59.00000000000021,5.9
lambda,5.9,78,0.016566536241586338,10.203189468886723,60.19426756283389,5.8995555,5.54,0.016666666666666607,10.000000000000036,59.00000000000021,5.9
lambda,5.9,79,0.016562007242528428,10.105767600228058,59.62106062217239,5.8997076,5.55,0.016666666666666607,10.000000000000036,59.00000000000021,5.9
lambda,5.9,80,0.016976156711268276,9.620527809967093,56.74993134469763,5.8988381,5.59,0.016666666666666607,10.000000000000036,59.00000000000021,5.9
lambda,5.9,81,0.01650725815099002,10.175820153466715,60.04272145727497,5.9005317,5.56,0.016666666666666607,10.000000000000036,59.00000000000021,5.9
lambda,5.9,82,0.016858824729852128,9.910330663441856,58.459186902088476,5.8988157,5.56,0.016666666666666607,10.000000000000036,59.00000000000021,5.9
lambda,5.9,83,0.016856756528530532,9.827757643977321,57.981684226986026,5.8997886,5.55,0.016666666666666607,10.000000000000036,59.00000000000021,5.9
lambda,5.9,84,0.016519450485582034,10.25765642322454,60.51838330419916,5.899827,5.57,0.016666666666666607,10.000000000000036,59.00000000000021,5.9
lambda,5.9,85,0.016503665855327407,10.107380428000312,59.640991926514936,5.9007375,5.49,0.016666666666666607,10.000000000000036,59.00000000000021,5.9
lambda,5.9,86,0.01669621647230983,10.163522048055775,59.96345274203452,5.8998696,5.54,0.016666666666666607,10.000000000000036,59.00000000000021,5.9
lambda,5.9,87,0.016856684122507525,9.91813902719094,58.511624136719405,5.899458,5.57,0.016666666666666607,10.000000000000036,59.00000000000021,5.9
lambda,5.9,88,0.01636933378845886,10.200309145034515,60.186864980927396,5.9004967,5.55,0.016666666666666607,10.000000000000036,59.00000000000021,5.9
lambda,5.9,89,0.016753646464219882,9.85609440030975,58.15839405394157,5.9007572,5.49,0.016666666666666607,10.000000000000036,59.00000000000021,5.9
lambda,5.9,90,0.01650303954250272,10.109386380506715,59.64319812198491,5.8997859,5.56,0.016666666666666607,10.000000000000036,59.00000000000021,5.9
lambda,5.9,91,0.016722830734796384,9.911125532082405,58.47567202622031,5.9000059,5.57,0.016666666666666607,10.000000000000036,59.00000000000021,5.9
lambda,5.9,92,0.016577400330124226,10.08941463557408,59.52535664435727,5.8997791,5.51,0.016666666666666607,10.000000000000036,59.00000000000021,5.9
lambda,5.9,93,0.01661331983549578,9.971119177813241,58.82966799017352,5.9000068,5.55,0.016666666666666607,10.000000000000036,59.00000000000021,5.9
lambda,5.9,94,0.016851857753176037,9.74264177696813,57.47661144045749,5.899492,5.51,0.016666666666666607,10.000000000000036,59.00000000000021,5.9
lambda,5.9,95,0.01667808837401275,10.088340036252516,59.51700724475221,5.899585,5.49,0.016666666666666607,10.000000000000036,59.00000000000021,5.9
lambda,5.9,96,0.016849244391512946,9.862306325006514,58.1788472749948,5.8991132,5.50,0.016666666666666607,10.000000000000036,59.00000000000021,5.9
lambda,5.9,97,0.016410184499648692,10.256347133294112,60.51745041949438,5.9004882,5.58,0.016666666666666607,10.000000000000036,59.00000000000021,5.9
lambda,5.9,98,0.016833317283020437,10.087293869768372,59.50653311959138,5.8991581,5.57,0.016666666666666607,10.000000000000036,59.00000000000021,5.9
lambda,5.9,99,0.016595771683476958,10.097545144388063,59.57701148176358,5.9001354,5.56,0.016666666666666607,10.000000000000036,59.00000000000021,5.9
lambda,5.9,100,0.016540655968272006,10.07365335505435,59.44544243537521,5.9010598,5.57,0.016666666666666607,10.000000000000036,59.00000000000021,5.9
n,1000,1,0.8511722731906218,0.19426247618979167,0.19057148914218563,0.981,0.05,0.8333333333333334,0.2,0.19999999999999998,1.0
n,1000,2,0.8228346456692913,0.19747694445875708,0.2006365755700972,1.016,0.05,0.8333333333333334,0.2,0.19999999999999998,1.0
n,1000,3,0.8264887063655031,0.2065731140546553,0.20120221308923428,0.974,0.04,0.8333333333333334,0.2,0.19999999999999998,1.0
n,1000,4,0.8215324927255092,0.20145619398258457,0.20770133599604468,1.031,0.05,0.8333333333333334,0.2,0.19999999999999998,1.0
n,1000,5,0.8218009478672986,0.1965188356894516,0.20732737165237144,1.055,0.04,0.8333333333333334,0.2,0.19999999999999998,1.0
n,1000,6,0.8102261553588987,0.21594600621028495,0.2196170883158598,1.017,0.05,0.8333333333333334,0.2,0.19999999999999998,1.0
n,1000,7,0.8343373493975904,0.19486033597990826,0.19408089463598865,0.996,0.03,0.8333333333333334,0.2,0.19999999999999998,1.0
n,1000,8,0.8253968253968254,0.20517530760730388,0.2068167100681623,1.008,0.04,0.8333333333333334,0.2,0.19999999999999998,1.0
n,1000,9,0.848800834202294,0.19633838397586317,0.18828851023285278,0.959,0.05,0.8333333333333334,0.2,0.19999999999999998,1.0
n,1000,10,0.8419979612640163,0.1863865702460315,0.1828452254113569,0.981,0.05,0.8333333333333334,0.2,0.19999999999999998,1.0
n,1000,11,0.8357487922705314,0.19880520857502057,0.20576339087514628,1.035,0.05,0.8333333333333334,0.2,0.19999999999999998,1.0
n,1000,12,0.847,0.1978659762477227,0.1978659762477227,1.0,0.05,0.8333333333333334,0.2,0.19999999999999998,1.0
n,1000,13,0.8171091445427728,0.20468340211696837,0.20816301995295683,1.017,0.04,0.8333333333333334,0.2,0.19999999999999998,1.0
n,1000,14,0.8468379446640316,0.19983150200262767,0.2022294800266592,1.012,0.04,0.8333333333333334,0.2,0.19999999999999998,1.0
n,1000,15,0.8348348348348348,0.1924520744669328,0.19225962239246588,0.999,0.05,0.8333333333333334,0.2,0.19999999999999998,1.0
n,1000,16,0.7980099502487562,0.20949909624510804,0.21054659172633358,1.005,0.04,0.8333333333333334,0.2,0.19999999999999998,1.0
n,1000,17,0.8479408658922915,0.20316140325768567,0.1923938488850283,0.947,0.04,0.8333333333333334,0.2,0.19999999999999998,1.0
n,1000,18,0.8174157303370787,0.20711791512303737,0.22099481543628088,1.068,0.04,0.8333333333333334,0.2,0.19999999999999998,1.0
n,1000,19,0.8341511285574092,0.1977967067787904,0.20155484420758743,1.019,0.04,0.8333333333333334,0.2,0.19999999999999998,1.0
n,1000,20,0.8299516908212561,0.206495821664618,0.2137231754228796,1.035,0.05,0.8333333333333334,0.2,0.19999999999999998,1.0
n,1000,21,0.812375249500998,0.21910419611533685,0.21954240450756754,1.002,0.04,0.8333333333333334,0.2,0.19999999999999998,1.0
n,1000,22,0.837,0.19094207750071246,0.19094207750071246,1.0,0.05,0.8333333333333334,0.2,0.19999999999999998,1.0
n,1000,23,0.8292201382033564,0.20063673145572689,0.20304437223319563,1.013,0.04,0.8333333333333334,0.2,0.19999999999999998,1.0
n,1000,24,0.8128654970760234,0.21188883732360583,0.21739794709401958,1.026,0.05,0.8333333333333334,0.2,0.19999999999999998,1.0
n,1000,25,0.8693834900731452,0.18519561017892294,0.17723219894122927,0.957,0.04,0.8333333333333334,0.2,0.19999999999999998,1.0
n,1000,26,0.8266405484818805,0.20036712329415177,0.20457483288332895,1.021,0.04,0.8333333333333334,0.2,0.19999999999999998,1.0
n,1000,27,0.8454258675078864,0.19343167252835408,0.18395352057446474,0.951,0.03,0.8333333333333334,0.2,0.19999999999999998,1.0
n,1000,28,0.8370672097759674,0.21510610137357225,0.21123419154884795,0.982,0.03,0.8333333333333334,0.2,0.19999999999999998,1.0
n,1000,29,0.8303145853193518,0.19436340980488007,0.2038872168853192,1.049,0.05,0.8333333333333334,0.2,0.19999999999999998,1.0
n,1000,30,0.8433852140077821,0.1894150547024853,0.1947186762341549,1.028,0.05,0.8333333333333334,0.2,0.19999999999999998,1.0
n,1000,31,0.802734375,0.21870039639063696,0.22394920590401224,1.024,0.04,0.8333333333333334,0.2,0.19999999999999998,1.0
n,1000,32,0.8343373493975904,0.19526848716707965,0.19448741321841131,0.996,0.04,0.8333333333333334,0.2,0.19999999999999998,1.0
n,1000,33,0.8372329603255341,0.1945848395240333,0.19127689725212474,0.983,0.04,0.8333333333333334,0.2,0.19999999999999998,1.0
n,1000,34,0.8739837398373984,0.17714028005622273,0.17430603557532318,0.984,0.05,0.8333333333333334,0.2,0.19999999999999998,1.0
n,1000,35,0.8552223371251293,0.19445180999033665,0.18803490026065556,0.967,0.05,0.8333333333333334,0.2,0.19999999999999998,1.0
n,1000,36,0.8569979716024341,0.19529875013470235,0.19256456763281654,0.986,0.05,0.8333333333333334,0.2,0.19999999999999998,1.0
n,1000,37,0.8385469223007064,0.19894243272742604,0.1971519508328792,0.991,0.03,0.8333333333333334,0.2,0.19999999999999998,1.0
n,1000,38,0.8216106014271152,0.21292947497949077,0.20888381495488045,0.981,0.04,0.8333333333333334,0.2,0.19999999999999998,1.0
n,1000,39,0.8134403209628887,0.20287145435988105,0.2022628399968014,0.997,0.04,0.8333333333333334,0.2,0.19999999999999998,1.0
n,1000,40,0.8341013824884793,0.20242394137674272,0.21962997639376586,1.085,0.04,0.8333333333333334,0.2,0.19999999999999998,1.0
n,1000,41,0.8173469387755102,0.19656142859011147,0.19263020001830924,0.98,0.04,0.8333333333333334,0.2,0.19999999999999998,1.0
n,1000,42,0.8638095238095238,0.18837132996155612,0.19760152512967236,1.05,0.05,0.8333333333333334,0.2,0.19999999999999998,1.0
n,1000,43,0.8439073514602216,0.187530508014644,0.18621779445854147,0.993,0.04,0.8333333333333334,0.2,0.19999999999999998,1.0
n,1000,44,0.8306930693069307,0.19247908290285679,0.19440387373188533,1.01,0.05,0.8333333333333334,0.2,0.19999999999999998,1.0
n,1000,45,0.8121927236971485,0.19720678715398193,0.20036209574844566,1.017,0.04,0.8333333333333334,0.2,0.19999999999999998,1.0
n,1000,46,0.829,0.20906923970186825,0.20906923970186825,1.0,0.05,0.8333333333333334,0.2,0.19999999999999998,1.0
n,1000,47,0.8508403361344538,0.2025123430304714,0.19279175056500875,0.952,0.05,0.8333333333333334,0.2,0.19999999999999998,1.0
n,1000,48,0.8568568568568569,0.1851137894306137,0.1849286756411831,0.999,0.04,0.8333333333333334,0.2,0.19999999999999998,1.0
n,1000,49,0.8279022403258656,0.19495715187561463,0.19144792314185358,0.982,0.05,0.8333333333333334,0.2,0.19999999999999998,1.0
n,1000,50,0.8427543679342241,0.2095392504767455,0.20388169071387335,0.973,0.04,0.8333333333333334,0.2,0.19999999999999998,1.0
n,1000,51,0.8286573146292585,0.20574542202301976,0.20533393117897372,0.998,0.04,0.8333333333333334,0.2,0.19999999999999998,1.0
n,1000,52,0.8309859154929577,0.1892258861768229,0.18790130497358512,0.994,0.04,0.8333333333333334,0.2,0.19999999999999998,1.0
n,1000,53,0.8166023166023166,0.20195575027146492,0.20922615728123764,1.036,0.03,0.8333333333333334,0.2,0.19999999999999998,1.0
n,1000,54,0.8344760039177277,0.1987021619146454,0.20287490731485294,1.021,0.04,0.8333333333333334,0.2,0.19999999999999998,1.0
n,1000,55,0.8638253638253638,0.18941592068323115,0.18221811569726837,0.962,0.05,0.8333333333333334,0.2,0.19999999999999998,1.0
n,1000,56,0.8338278931750742,0.20617911931054794,0.20844708962296396,1.011,0.05,0.8333333333333334,0.2,0.19999999999999998,1.0
n,1000,57,0.83745963401507,0.20169686145082555,0.18717468742636612,0.929,0.04,0.8333333333333334,0.2,0.19999999999999998,1.0
n,1000,58,0.8131979695431472,0.2129612554190674,0.2097668365877814,0.985,0.05,0.8333333333333334,0.2,0.19999999999999998,1.0
n,1000,59,0.806949806949807,0.20460938635069334,0.2119753242593183,1.036,0.05,0.8333333333333334,0.2,0.19999999999999998,1.0
n,1000,60,0.8306374881065651,0.19673345628165564,0.2067668625520201,1.051,0.04,0.8333333333333334,0.2,0.19999999999999998,1.0
n,1000,61,0.8292929292929293,0.20533128978569926,0.20327797688784227,0.99,0.04,0.8333333333333334,0.2,0.19999999999999998,1.0
n,1000,62,0.8226950354609929,0.19277819831316786,0.1902720817350967,0.987,0.04,0.8333333333333334,0.2,0.19999999999999998,1.0
n,1000,63,0.8465845464725644,0.1932791786672713,0.17259830654987326,0.893,0.04,0.8333333333333334,0.2,0.19999999999999998,1.0
n,1000,64,0.8495145631067961,0.19436375409857518,0.20019466672153244,1.03,0.04,0.8333333333333334,0.2,0.19999999999999998,1.0
n,1000,65,0.8033106134371957,0.22714173747973432,0.23327456439168714,1.027,0.04,0.8333333333333334,0.2,0.19999999999999998,1.0
n,1000,66,0.8288557213930349,0.19959205538867386,0.20059001566561724,1.005,0.05,0.8333333333333334,0.2,0.19999999999999998,1.0
n,1000,67,0.819672131147541,0.1990652750276834,0.2064306902037077,1.037,0.04,0.8333333333333334,0.2,0.19999999999999998,1.0
n,1000,68,0.8623265741728922,0.18725041359294956,0.17526638712300077,0.937,0.04,0.8333333333333334,0.2,0.19999999999999998,1.0
n,1000,69,0.8459119496855346,0.19681629185890265,0.18776274243339314,0.954,0.05,0.8333333333333334,0.2,0.19999999999999998,1.0
n,1000,70,0.8239234449760765,0.20979657024246343,0.21923741590337428,1.045,0.04,0.8333333333333334,0.2,0.19999999999999998,1.0
n,1000,71,0.8590814196242171,0.18975659121657767,0.18178681438548142,0.958,0.04,0.8333333333333334,0.2,0.19999999999999998,1.0
n,1000,72,0.8302972195589645,0.20407675248791327,0.21285205284489353,1.043,0.03,0.8333333333333334,0.2,0.19999999999999998,1.0
n,1000,73,0.8161137440758294,0.21183355787079863,0.22348440355369253,1.055,0.05,0.8333333333333334,0.2,0.19999999999999998,1.0
n,1000,74,0.8376753507014028,0.2047839931532012,0.2043744251668948,0.998,0.05,0.8333333333333334,0.2,0.19999999999999998,1.0
n,1000,75,0.8391812865497076,0.18865980802408247,0.19356496303270862,1.026,0.04,0.8333333333333334,0.2,0.19999999999999998,1.0
n,1000,76,0.831041257367387,0.20321245371549143,0.20687027788237028,1.018,0.05,0.8333333333333334,0.2,0.19999999999999998,1.0
n,1000,77,0.8322916666666667,0.2090001671498983,0.20064016046390237,0.96,0.05,0.8333333333333334,0.2,0.19999999999999998,1.0
n,1000,78,0.825626204238921,0.2139210844575711,0.2220500856669588,1.038,0.04,0.8333333333333334,0.2,0.19999999999999998,1.0
n,1000,79,0.8379174852652259,0.1979814913184836,0.20154515816221633,1.018,0.05,0.8333333333333334,0.2,0.19999999999999998,1.0
n,1000,80,0.8313131313131313,0.2009120402422917,0.1989029198398688,0.99,0.05,0.8333333333333334,0.2,0.19999999999999998,1.0
n,1000,81,0.8406374501992032,0.2105724443171732,0.2114147340944419,1.004,0.04,0.8333333333333334,0.2,0.19999999999999998,1.0
n,1000,82,0.8267716535433071,0.19956475210263522,0.20275778813627737,1.016,0.04,0.8333333333333334,0.2,0.19999999999999998,1.0
n,1000,83,0.8353658536585366,0.20331100514721256,0.20005802906485715,0.984,0.04,0.8333333333333334,0.2,0.19999999999999998,1.0
n,1000,84,0.821501014198783,0.2030078246166705,0.2001657150720371,0.986,0.05,0.8333333333333334,0.2,0.19999999999999998,1.0
n,1000,85,0.8130755064456722,0.21186794885503676,0.2302799504149397,1.086,0.04,0.8333333333333334,0.2,0.19999999999999998,1.0
n,1000,86,0.8356164383561644,0.20946051148301634,0.21385918222415967,1.022,0.04,0.8333333333333334,0.2,0.19999999999999998,1.0
n,1000,87,0.8304914744232698,0.20358734420449853,0.20297658217188505,0.997,0.04,0.8333333333333334,0.2,0.19999999999999998,1.0
n,1000,88,0.8363453815261044,0.20714788604855455,0.20631929450436032,0.996,0.05,0.8333333333333334,0.2,0.19999999999999998,1.0
n,1000,89,0.8316929133858267,0.2065498682072169,0.2098546660985324,1.016,0.05,0.8333333333333334,0.2,0.19999999999999998,1.0
n,1000,90,0.83991683991684,0.20083800991323938,0.19320616553653627,0.962,0.04,0.8333333333333334,0.2,0.19999999999999998,1.0
n,1000,91,0.823943661971831,0.20178739136562265,0.2005766670174289,0.994,0.04,0.8333333333333334,0.2,0.19999999999999998,1.0
n,1000,92,0.841642228739003,0.19370003623432613,0.19815513706771562,1.023,0.04,0.8333333333333334,0.2,0.19999999999999998,1.0
n,1000,93,0.8322337417530632,0.19962355895166395,0.21160097248876378,1.061,0.04,0.8333333333333334,0.2,0.19999999999999998,1.0
n,1000,94,0.8535825545171339,0.18694332604227087,0.18002642297870686,0.963,0.05,0.8333333333333334,0.2,0.19999999999999998,1.0
n,1000,95,0.8483904465212876,0.19567779281170156,0.1882420366848569,0.963,0.05,0.8333333333333334,0.2,0.19999999999999998,1.0
n,1000,96,0.8419421487603306,0.20357261949443417,0.19685472305111784,0.968,0.05,0.8333333333333334,0.2,0.19999999999999998,1.0
n,1000,97,0.8154589371980676,0.20036506098231366,0.20737783811669463,1.035,0.04,0.8333333333333334,0.2,0.19999999999999998,1.0
n,1000,98,0.8593272171253823,0.19157762428974914,0.1879376494282439,0.981,0.04,0.8333333333333334,0.2,0.19999999999999998,1.0
n,1000,99,0.8455522971652004,0.1875605872759859,0.19187448078333358,1.023,0.04,0.8333333333333334,0.2,0.19999999999999998,1.0
n,1000,100,0.8478478478478478,0.19052121736091301,0.1903306961435521,0.999,0.04,0.8333333333333334,0.2,0.19999999999999998,1.0
n,10000,1,0.8378972616430141,0.20185699092501855,0.20197810511957356,1.0006,0.05,0.8333333333333334,0.2,0.19999999999999998,1.0
n,10000,2,0.8292366107114308,0.20554267713851196,0.2056865570125089,1.0008,0.05,0.8333333333333334,0.2,0.19999999999999998,1.0
n,10000,3,0.8331019436731456,0.1983306227338244,0.19999659996478855,1.0084,0.05,0.8333333333333334,0.2,0.19999999999999998,1.0
n,10000,4,0.8333500050015005,0.1975631497812842,0.1975038808363498,0.9997,0.05,0.8333333333333334,0.2,0.19999999999999998,1.0
n,10000,5,0.8356788899900892,0.19873893410063723,0.20052758450754296,1.009,0.05,0.8333333333333334,0.2,0.19999999999999998,1.0
n,10000,6,0.8258865958725706,0.2073807852412034,0.20698676174924513,0.9982,0.05,0.8333333333333334,0.2,0.19999999999999998,1.0
n,10000,7,0.8331857971869775,0.20074641007679353,0.204098875125076,1.0167,0.05,0.8333333333333334,0.2,0.19999999999999998,1.0
n,10000,8,0.8347817400859056,0.20061880740431168,0.20083948809245641,1.0011,0.05,0.8333333333333334,0.2,0.19999999999999998,1.0
n,10000,9,0.8367735470941884,0.19684701561209525,0.19645332158087106,0.998,0.05,0.8333333333333334,0.2,0.19999999999999998,1.0
n,10000,10,0.83783237286422,0.1938978369493911,0.19175218060216817,0.9891,0.05,0.8333333333333334,0.2,0.19999999999999998,1.0
n,10000,11,0.8307540660423854,0.19689308069166883,0.19972834105362886,1.0145,0.05,0.8333333333333334,0.2,0.19999999999999998,1.0
n,10000,12,0.8348365822907574,0.1982639333358994,0.20442994166264586,1.0311,0.05,0.8333333333333334,0.2,0.19999999999999998,1.0
n,10000,13,0.8275385223231924,0.19908355823748514,0.20155219435962995,1.0124,0.05,0.8333333333333334,0.2,0.19999999999999998,1.0
n,10000,14,0.8340125236060034,0.19877539212182965,0.19998792201377283,1.0061,0.05,0.8333333333333334,0.2,0.19999999999999998,1.0
n,10000,15,0.8237660680993033,0.20938305661897907,0.21338227300040158,1.0191,0.05,0.8333333333333334,0.2,0.19999999999999998,1.0
n,10000,16,0.8295906200317965,0.20430955622582211,0.20561713738566736,1.0064,0.06,0.8333333333333334,0.2,0.19999999999999998,1.0
n,10000,17,0.8389983909895414,0.19599331810546644,0.19489575552407581,0.9944,0.07,0.8333333333333334,0.2,0.19999999999999998,1.0
n,10000,18,0.8292609653514921,0.20431477468843579,0.20402873400387198,0.9986,0.05,0.8333333333333334,0.2,0.19999999999999998,1.0
n,10000,19,0.8271604938271605,0.2015968871631764,0.20246375377797807,1.0044,0.05,0.8333333333333334,0.2,0.19999999999999998,1.0
n,10000,20,0.8261346633416459,0.20259185465580098,0.2030983342924405,1.0025,0.05,0.8333333333333334,0.2,0.19999999999999998,1.0
n,10000,21,0.8313565234725406,0.20248509313137553,0.20315329393870907,1.0033,0.06,0.8333333333333334,0.2,0.19999999999999998,1.0
n,10000,22,0.8267194458189016,0.20351095776319728,0.20564782281971083,1.0105,0.04,0.8333333333333334,0.2,0.19999999999999998,1.0
n,10000,23,0.8377967133292757,0.19839852548834436,0.19558126642640986,0.9858,0.05,0.8333333333333334,0.2,0.19999999999999998,1.0
n,10000,24,0.8299769562168119,0.2025191807855563,0.20213439434206376,0.9981,0.05,0.8333333333333334,0.2,0.19999999999999998,1.0
n,10000,25,0.8431076178960096,0.19346934549024367,0.1919989784645178,0.9924,0.05,0.8333333333333334,0.2,0.19999999999999998,1.0
n,10000,26,0.8281868566904196,0.20416782845876474,0.2062911738747359,1.0104,0.05,0.8333333333333334,0.2,0.19999999999999998,1.0
n,10000,27,0.834152210969618,0.19735463755531563,0.1968217800339163,0.9973,0.05,0.8333333333333334,0.2,0.19999999999999998,1.0
n,10000,28,0.8306597152596752,0.2041652488538586,0.20363441920683856,0.9974,0.06,0.8333333333333334,0.2,0.19999999999999998,1.0
n,10000,29,0.8338768653028955,0.20187211921072806,0.20427439742933573,1.0119,0.05,0.8333333333333334,0.2,0.19999999999999998,1.0
n,10000,30,0.8414035087719298,0.19399629535414545,0.19351130461576008,0.9975,0.05,0.8333333333333334,0.2,0.19999999999999998,1.0
n,10000,31,0.8302652414885194,0.20015043024635407,0.20223199472091616,1.0104,0.05,0.8333333333333334,0.2,0.19999999999999998,1.0
n,10000,32,0.8293319939728779,0.1996283930585215,0.19873006528975815,0.9955,0.05,0.8333333333333334,0.2,0.19999999999999998,1.0
n,10000,33,0.8376387487386479,0.19596852596382955,0.1942048092301551,0.991,0.05,0.8333333333333334,0.2,0.19999999999999998,1.0
n,10000,34,0.833266129032258,0.1981865961883134,0.1966011034188069,0.992,0.05,0.8333333333333334,0.2,0.19999999999999998,1.0
n,10000,35,0.8358044480064115,0.1984668778693404,0.19810963748917557,0.9982,0.05,0.8333333333333334,0.2,0.19999999999999998,1.0
n,10000,36,0.832962813257882,0.20095193985878493,0.19886203968425356,0.9896,0.05,0.8333333333333334,0.2,0.19999999999999998,1.0
n,10000,37,0.8381684019003336,0.19506680975385451,0.19297959488948827,0.9893,0.05,0.8333333333333334,0.2,0.19999999999999998,1.0
n,10000,38,0.8435832913940614,0.19696801749354284,0.1956877253798348,0.9935,0.05,0.8333333333333334,0.2,0.19999999999999998,1.0
n,10000,39,0.8339960238568589,0.1971070092674329,0.19828965132303752,1.006,0.05,0.8333333333333334,0.2,0.19999999999999998,1.0
n,10000,40,0.8268540669856459,0.20281900141657425,0.20344774032096563,1.0032,0.05,0.8333333333333334,0.2,0.19999999999999998,1.0
n,10000,41,0.8273756770064008,0.20322186464898592,0.2063718035510452,1.0155,0.05,0.8333333333333334,0.2,0.19999999999999998,1.0
n,10000,42,0.842327829238824,0.19313094235183825,0.1917983388496106,0.9932,0.04,0.8333333333333334,0.2,0.19999999999999998,1.0
n,10000,43,0.8315508021390374,0.19721340803941337,0.19912637809739567,1.0098,0.05,0.8333333333333334,0.2,0.19999999999999998,1.0
n,10000,44,0.8306636155606407,0.19676339063906084,0.19774720759225614,1.0051,0.05,0.8333333333333334,0.2,0.19999999999999998,1.0
n,10000,45,0.83261371623657,0.19932399447432353,0.1985067660969788,0.9959,0.05,0.8333333333333334,0.2,0.19999999999999998,1.0
n,10000,46,0.8319386331938633,0.201116248969658,0.20188049071574268,1.0038,0.05,0.8333333333333334,0.2,0.19999999999999998,1.0
n,10000,47,0.8296904361586391,0.20293580709627573,0.2051883945550444,1.0111,0.05,0.8333333333333334,0.2,0.19999999999999998,1.0
n,10000,48,0.8378268801946077,0.1973429235534888,0.19469852837787208,0.9866,0.05,0.8333333333333334,0.2,0.19999999999999998,1.0
n,10000,49,0.828023598820059,0.19860479172587,0.2019612127060372,1.017,0.05,0.8333333333333334,0.2,0.19999999999999998,1.0
n,10000,50,0.8307148468185389,0.2029905727991309,0.206705300281355,1.0184,0.05,0.8333333333333334,0.2,0.19999999999999998,1.0
n,10000,51,0.8302019491610569,0.20186751637855294,0.20091873905157373,0.9953,0.05,0.8333333333333334,0.2,0.19999999999999998,1.0
n,10000,52,0.8301378070701019,0.20206531161966737,0.2023482030559349,1.0014,0.06,0.8333333333333334,0.2,0.19999999999999998,1.0
n,10000,53,0.8298771894503725,0.19752141174112073,0.19621777042362934,0.9934,0.05,0.8333333333333334,0.2,0.19999999999999998,1.0
n,10000,54,0.8343448413093224,0.1999753087011551,0.200995182775531,1.0051,0.05,0.8333333333333334,0.2,0.19999999999999998,1.0
n,10000,55,0.8342502750825248,0.20065548571748248,0.20059528907176724,0.9997,0.04,0.8333333333333334,0.2,0.19999999999999998,1.0
n,10000,56,0.827845060554499,0.2023134507819452,0.20213136867624146,0.9991,0.05,0.8333333333333334,0.2,0.19999999999999998,1.0
n,10000,57,0.83202416918429,0.2005583701267851,0.19917412616766716,0.993,0.05,0.8333333333333334,0.2,0.19999999999999998,1.0
n,10000,58,0.8354353748360408,0.19715470441474525,0.19540002754545402,0.9911,0.05,0.8333333333333334,0.2,0.19999999999999998,1.0
n,10000,59,0.8243526941917425,0.20304626802421005,0.20308687727781488,1.0003,0.05,0.8333333333333334,0.2,0.19999999999999998,1.0
n,10000,60,0.8299211025666633,0.20159242639356628,0.20185449654787793,1.0013,0.05,0.8333333333333334,0.2,0.19999999999999998,1.0
n,10000,61,0.8325628140703517,0.19902100388940233,0.1980258988699553,0.995,0.05,0.8333333333333334,0.2,0.19999999999999998,1.0
n,10000,62,0.832473203652243,0.20085818492921786,0.2023847071346799,1.0076,0.06,0.8333333333333334,0.2,0.19999999999999998,1.0
n,10000,63,0.840712416985309,0.19793372443252202,0.19670653534104038,0.9938,0.05,0.8333333333333334,0.2,0.19999999999999998,1.0
n,10000,64,0.8380718150516479,0.19966368660689604,0.20295813743590982,1.0165,0.05,0.8333333333333334,0.2,0.19999999999999998,1.0
n,10000,65,0.8218659763019018,0.2047282322009461,0.20560856359941018,1.0043,0.05,0.8333333333333334,0.2,0.19999999999999998,1.0
n,10000,66,0.8265560995104406,0.20394380403510814,0.20412735345873975,1.0009,0.05,0.8333333333333334,0.2,0.19999999999999998,1.0
n,10000,67,0.8313629702002931,0.20085320145048724,0.2055732516845737,1.0235,0.05,0.8333333333333334,0.2,0.19999999999999998,1.0
n,10000,68,0.8296846756376782,0.20327537630371972,0.20240129218561373,0.9958,0.05,0.8333333333333334,0.2,0.19999999999999998,1.0
n,10000,69,0.8316711997582351,0.2004754970066547,0.1990120258785061,0.9927,0.05,0.8333333333333334,0.2,0.19999999999999998,1.0
n,10000,70,0.8268453730166552,0.20507786081728444,0.2080925053712985,1.0147,0.05,0.8333333333333334,0.2,0.19999999999999998,1.0
n,10000,71,0.8363966875378711,0.19868573004969284,0.19673860989520586,0.9902,0.05,0.8333333333333334,0.2,0.19999999999999998,1.0
n,10000,72,0.8292251792202691,0.20211686436501022,0.2057953912964534,1.0183,0.06,0.8333333333333334,0.2,0.19999999999999998,1.0
n,10000,73,0.827090200779143,0.20577188658656173,0.20599823566180694,1.0011,0.04,0.8333333333333334,0.2,0.19999999999999998,1.0
n,10000,74,0.8403258655804481,0.1991111139742552,0.1955271139227186,0.982,0.05,0.8333333333333334,0.2,0.19999999999999998,1.0
n,10000,75,0.8343105539830166,0.20012071080870994,0.197939395060895,0.9892,0.05,0.8333333333333334,0.2,0.19999999999999998,1.0
n,10000,76,0.8312481233109799,0.20156179441621722,0.20138038880124262,0.9991,0.05,0.8333333333333334,0.2,0.19999999999999998,1.0
n,10000,77,0.8349426674713337,0.19976849101893127,0.19860983377102145,0.9942,0.05,0.8333333333333334,0.2,0.19999999999999998,1.0
n,10000,78,0.8302283653846154,0.20298747404768142,0.20262253924099732,0.9984,0.05,0.8333333333333334,0.2,0.19999999999999998,1.0
n,10000,79,0.8395458655681703,0.1984882319008158,0.19755533721088195,0.9953,0.05,0.8333333333333334,0.2,0.19999999999999998,1.0
n,10000,80,0.8369292523833417,0.19962393164607667,0.1989252478853154,0.9965,0.05,0.8333333333333334,0.2,0.19999999999999998,1.0
n,10000,81,0.8365139299928565,0.20006544536001897,0.1960441299082826,0.9799,0.05,0.8333333333333334,0.2,0.19999999999999998,1.0
n,10000,82,0.832936507936508,0.20011992896162722,0.20172088839332025,1.008,0.05,0.8333333333333334,0.2,0.19999999999999998,1.0
n,10000,83,0.8340934427890949,0.20079717997653349,0.1981265774828456,0.9867,0.05,0.8333333333333334,0.2,0.19999999999999998,1.0
n,10000,84,0.833616298811545,0.20207388104454818,0.2023365770899061,1.0013,0.06,0.8333333333333334,0.2,0.19999999999999998,1.0
n,10000,85,0.8344344739177596,0.19999854460427738,0.2028185240831977,1.0141,0.06,0.8333333333333334,0.2,0.19999999999999998,1.0
n,10000,86,0.837902028698664,0.19975442742257196,0.20185184891050897,1.0105,0.05,0.8333333333333334,0.2,0.19999999999999998,1.0
n,10000,87,0.8306564946797832,0.2028632052737597,0.2020923250937194,0.9962,0.05,0.8333333333333334,0.2,0.19999999999999998,1.0
n,10000,88,0.8345971084824588,0.20228322125450984,0.20007833414283568,0.9891,0.05,0.8333333333333334,0.2,0.19999999999999998,1.0
n,10000,89,0.8342102650650253,0.2021070069733771,0.20358238812428275,1.0073,0.05,0.8333333333333334,0.2,0.19999999999999998,1.0
n,10000,90,0.8342690996591137,0.1981558356654325,0.19764063049270236,0.9974,0.05,0.8333333333333334,0.2,0.19999999999999998,1.0
n,10000,91,0.8328282334539056,0.2016974662706501,0.206316338248248,1.0229,0.06,0.8333333333333334,0.2,0.19999999999999998,1.0
n,10000,92,0.8244954491491887,0.1985026097086749,0.2006464378935286,1.0108,0.06,0.8333333333333334,0.2,0.19999999999999998,1.0
n,10000,93,0.8314943863724351,0.20054971321072154,0.20719483732402347,1.0332,0.05,0.8333333333333334,0.2,0.19999999999999998,1.0
n,10000,94,0.8378813815325747,0.19772735736356686,0.19636303859775825,0.9931,0.06,0.8333333333333334,0.2,0.19999999999999998,1.0
n,10000,95,0.8287677957781051,0.20267292710158952,0.20642237625296894,1.0185,0.05,0.8333333333333334,0.2,0.19999999999999998,1.0
n,10000,96,0.8345521023765996,0.2018690821775494,0.19898454209248312,0.9846,0.05,0.8333333333333334,0.2,0.19999999999999998,1.0
n,10000,97,0.8310235596911503,0.20248637200875255,0.2045517330032418,1.0102,0.05,0.8333333333333334,0.2,0.19999999999999998,1.0
n,10000,98,0.8365355898456944,0.19954599049547037,0.2004439474527,1.0045,0.05,0.8333333333333334,0.2,0.19999999999999998,1.0
n,10000,99,0.8299489846954087,0.1984529570314026,0.19839342114429317,0.9997,0.05,0.8333333333333334,0.2,0.19999999999999998,1.0
n,10000,100,0.8392766946156177,0.19904091400307417,0.1970306007716431,0.9899,0.05,0.8333333333333334,0.2,0.19999999999999998,1.0
n,100000,1,0.8327237575117348,0.20023937996052477,0.20092620103378936,1.00343,0.07,0.8333333333333334,0.2,0.19999999999999998,1.0
n,100000,2,0.8337670106176163,0.20066175114763096,0.2012737694886312,1.00305,0.06,0.8333333333333334,0.2,0.19999999999999998,1.0
n,100000,3,0.8336144349856788,0.19926304559469435,0.1996635643163397,1.00201,0.07,0.8333333333333334,0.2,0.19999999999999998,1.0
n,100000,4,0.8335379670390002,0.2005111054305459,0.2008700203092666,1.00179,0.07,0.8333333333333334,0.2,0.19999999999999998,1.0
n,100000,5,0.831954524186403,0.20054500493753438,0.2014454520097039,1.00449,0.06,0.8333333333333334,0.2,0.19999999999999998,1.0
n,100000,6,0.831148113066454,0.2004089167481617,0.20100012305256879,1.00295,0.06,0.8333333333333334,0.2,0.19999999999999998,1.0
n,100000,7,0.8322691649759318,0.20005174435268258,0.20114602739429174,1.00548,0.07,0.8333333333333334,0.2,0.19999999999999998,1.0
n,100000,8,0.8332967208531373,0.20058111885957852,0.20087730397844294,1.00148,0.07,0.8333333333333334,0.2,0.19999999999999998,1.0
n,100000,9,0.8314316383731563,0.199857103919314,0.20108022939530018,1.00612,0.06,0.8333333333333334,0.2,0.19999999999999998,1.0
n,100000,10,0.8342673578448051,0.20020187332184014,0.20005172191684875,0.99926,0.07,0.8333333333333334,0.2,0.19999999999999998,1.0
n,100000,11,0.8297458506224067,0.20115321985742451,0.20166616056806094,1.00256,0.06,0.8333333333333334,0.2,0.19999999999999998,1.0
n,100000,12,0.8351517217865666,0.20001649641525363,0.19946045055521922,0.99722,0.07,0.8333333333333334,0.2,0.19999999999999998,1.0
n,100000,13,0.8363820628342649,0.19838950504272082,0.19771101293547472,0.99659,0.06,0.8333333333333334,0.2,0.19999999999999998,1.0
n,100000,14,0.8331047325370684,0.19938711672036574,0.19915383379380291,0.99883,0.06,0.8333333333333334,0.2,0.19999999999999998,1.0
n,100000,15,0.8331364619203973,0.19948020841465344,0.19927075419581805,0.99896,0.06,0.8333333333333334,0.2,0.19999999999999998,1.0
n,100000,16,0.8310103837830325,0.20135814380344022,0.20283611257895748,1.00734,0.06,0.8333333333333334,0.2,0.19999999999999998,1.0
n,100000,17,0.8340350455110469,0.19906915131947853,0.198583422590259,0.99756,0.06,0.8333333333333334,0.2,0.19999999999999998,1.0
n,100000,18,0.8315702115746111,0.20072403842391448,0.20074812530852534,1.00012,0.07,0.8333333333333334,0.2,0.19999999999999998,1.0
n,100000,19,0.8336231710242265,0.1998186678479874,0.19993056630198228,1.00056,0.06,0.8333333333333334,0.2,0.19999999999999998,1.0
n,100000,20,0.8342646178407503,0.20059700889178228,0.2010363163412553,1.0022,0.06,0.8333333333333334,0.2,0.19999999999999998,1.0
n,100000,21,0.8327812917772413,0.20035973112984976,0.2008285729006936,1.00234,0.07,0.8333333333333334,0.2,0.19999999999999998,1.0
n,100000,22,0.8338029298813809,0.2000241848627775,0.19948411956364803,0.99731,0.05,0.8333333333333334,0.2,0.19999999999999998,1.0
n,100000,23,0.8342111838488832,0.20028882960551528,0.20039698557350225,1.00055,0.05,0.8333333333333334,0.2,0.19999999999999998,1.0
n,100000,24,0.8352147867184443,0.1992697941184993,0.19858629872467284,0.99657,0.07,0.8333333333333334,0.2,0.19999999999999998,1.0
n,100000,25,0.8326511052095605,0.2012011562264543,0.20152710209954114,1.00162,0.07,0.8333333333333334,0.2,0.19999999999999998,1.0
n,100000,26,0.8332932330827068,0.19928058385243794,0.19878238239280682,0.9975,0.06,0.8333333333333334,0.2,0.19999999999999998,1.0
n,100000,27,0.8345826885588536,0.19988698877226,0.1989235334863777,0.99518,0.06,0.8333333333333334,0.2,0.19999999999999998,1.0
n,100000,28,0.8315242851020144,0.20111191703781467,0.20177422865806124,1.00329,0.06,0.8333333333333334,0.2,0.19999999999999998,1.0
n,100000,29,0.8330149904497135,0.2001970394069119,0.20018727156430105,0.99997,0.07,0.8333333333333334,0.2,0.19999999999999998,1.0
n,100000,30,0.8330711501658267,0.19933792851957038,0.19894523280038684,0.99803,0.06,0.8333333333333334,0.2,0.19999999999999998,1.0
n,100000,31,0.8311473602997906,0.20069143027969655,0.20029606816204557,0.99803,0.06,0.8333333333333334,0.2,0.19999999999999998,1.0
n,100000,32,0.8332598942477167,0.1998339306089125,0.19954616974883568,0.99856,0.06,0.8333333333333334,0.2,0.19999999999999998,1.0
n,100000,33,0.8339769498579375,0.19997848175266136,0.1998904912206902,0.99956,0.07,0.8333333333333334,0.2,0.19999999999999998,1.0
n,100000,34,0.8341503513678786,0.1990066583807449,0.19851511193454446,0.99753,0.06,0.8333333333333334,0.2,0.19999999999999998,1.0
n,100000,35,0.8313918025738198,0.20079255850516087,0.20080661398425623,1.00007,0.07,0.8333333333333334,0.2,0.19999999999999998,1.0
n,100000,36,0.8348174576999571,0.19924167245898536,0.19935816503453185,1.00059,0.07,0.8333333333333334,0.2,0.19999999999999998,1.0
n,100000,37,0.836923231410353,0.1971278173798797,0.1963097369377532,0.99585,0.06,0.8333333333333334,0.2,0.19999999999999998,1.0
n,100000,38,0.8385120702857373,0.19863861562826962,0.19715279878337016,0.99252,0.07,0.8333333333333334,0.2,0.19999999999999998,1.0
n,100000,39,0.835503302562869,0.19824886781854603,0.197795823973062,0.99771,0.07,0.8333333333333334,0.2,0.19999999999999998,1.0
n,100000,40,0.8316986779745572,0.2007923027402858,0.20124408542145145,1.00225,0.07,0.8333333333333334,0.2,0.19999999999999998,1.0
n,100000,41,0.8327576080355987,0.20008108850956655,0.2009874558405149,1.00453,0.06,0.8333333333333334,0.2,0.19999999999999998,1.0
n,100000,42,0.8331948629142851,0.19972549188607117,0.19952776364910393,0.99901,0.06,0.8333333333333334,0.2,0.19999999999999998,1.0
n,100000,43,0.8333516149297489,0.20093634404360808,0.2015049938972515,1.00283,0.07,0.8333333333333334,0.2,0.19999999999999998,1.0
n,100000,44,0.8312788058746489,0.20033593933260027,0.20038201659864677,1.00023,0.07,0.8333333333333334,0.2,0.19999999999999998,1.0
n,100000,45,0.8354879797807576,0.1999333514000144,0.19934754668041235,0.99707,0.06,0.8333333333333334,0.2,0.19999999999999998,1.0
n,100000,46,0.8327659063144613,0.20000184646255229,0.19973796064187896,0.99866,0.06,0.8333333333333334,0.2,0.19999999999999998,1.0
n,100000,47,0.8345341042315901,0.20009156470728234,0.19968829897548415,0.99797,0.07,0.8333333333333334,0.2,0.19999999999999998,1.0
n,100000,48,0.834771639669223,0.19932865263805,0.19910141797404263,0.99886,0.06,0.8333333333333334,0.2,0.19999999999999998,1.0
n,100000,49,0.8320172646988623,0.19951459613248085,0.20061591670313214,1.00552,0.06,0.8333333333333334,0.2,0.19999999999999998,1.0
n,100000,50,0.8330908583614006,0.19988319406002558,0.20059078056699808,1.00354,0.07,0.8333333333333334,0.2,0.19999999999999998,1.0
n,100000,51,0.8346368041174933,0.19971539266225952,0.19867287831256253,0.99478,0.07,0.8333333333333334,0.2,0.19999999999999998,1.0
n,100000,52,0.8319268214827229,0.19968630761064304,0.20018152965351743,1.00248,0.07,0.8333333333333334,0.2,0.19999999999999998,1.0
n,100000,53,0.8324232047839152,0.19930106660499936,0.19963650155430715,1.00169,0.06,0.8333333333333334,0.2,0.19999999999999998,1.0
n,100000,54,0.8333816806873994,0.20023042851824133,0.20017236169397104,0.99971,0.07,0.8333333333333334,0.2,0.19999999999999998,1.0
n,100000,55,0.8343737787709049,0.2000081104434018,0.1996020939792017,0.99797,0.07,0.8333333333333334,0.2,0.19999999999999998,1.0
n,100000,56,0.8332630013664496,0.1996432372701319,0.19870092119021687,0.99528,0.07,0.8333333333333334,0.2,0.19999999999999998,1.0
n,100000,57,0.8298464022645948,0.200580815791854,0.20123671505949337,1.00327,0.07,0.8333333333333334,0.2,0.19999999999999998,1.0
n,100000,58,0.8322588407511756,0.19924176884789763,0.19871776299582766,0.99737,0.07,0.8333333333333334,0.2,0.19999999999999998,1.0
n,100000,59,0.8343348414473882,0.20037804883743038,0.19973963289666957,0.99683,0.06,0.8333333333333334,0.2,0.19999999999999998,1.0
n,100000,60,0.8344477588036275,0.1998722559688886,0.19967438243547941,0.99902,0.07,0.8333333333333334,0.2,0.19999999999999998,1.0
n,100000,61,0.8317136880873508,0.20021340882939842,0.20005123596824662,0.99919,0.06,0.8333333333333334,0.2,0.19999999999999998,1.0
n,100000,62,0.8322452879008021,0.20051477198627968,0.201489273778133,1.00486,0.07,0.8333333333333334,0.2,0.19999999999999998,1.0
n,100000,63,0.8322267109315628,0.20055824177419826,0.2005662641038692,1.00004,0.06,0.8333333333333334,0.2,0.19999999999999998,1.0
n,100000,64,0.8333982716419401,0.20088436717130834,0.20107520732012107,1.00095,0.06,0.8333333333333334,0.2,0.19999999999999998,1.0
n,100000,65,0.8322171800971553,0.20040244702168922,0.20049463214731922,1.00046,0.07,0.8333333333333334,0.2,0.19999999999999998,1.0
n,100000,66,0.832730497513925,0.19924123251169892,0.19995650853641594,1.00359,0.07,0.8333333333333334,0.2,0.19999999999999998,1.0
n,100000,67,0.8322524258345169,0.2008628301032898,0.20224275774609943,1.00687,0.06,0.8333333333333334,0.2,0.19999999999999998,1.0
n,100000,68,0.8318883527221032,0.2004326882551871,0.20020419499057618,0.99886,0.06,0.8333333333333334,0.2,0.19999999999999998,1.0
n,100000,69,0.8312952084082644,0.2015385517799818,0.2017239672476194,1.00092,0.06,0.8333333333333334,0.2,0.19999999999999998,1.0
n,100000,70,0.8319841914678061,0.2015697978550764,0.20095097857566133,0.99693,0.06,0.8333333333333334,0.2,0.19999999999999998,1.0
n,100000,71,0.8319913363482306,0.20073367096216715,0.20018566804044044,0.99727,0.06,0.8333333333333334,0.2,0.19999999999999998,1.0
n,100000,72,0.832842649691665,0.19922652216455156,0.20030234538424013,1.0054,0.06,0.8333333333333334,0.2,0.19999999999999998,1.0
n,100000,73,0.831163133861094,0.20074138842048014,0.20133959775797317,1.00298,0.06,0.8333333333333334,0.2,0.19999999999999998,1.0
n,100000,74,0.834282568440018,0.19963202598830654,0.19944237556361763,0.99905,0.06,0.8333333333333334,0.2,0.19999999999999998,1.0
n,100000,75,0.8340296542990757,0.1980323983008083,0.19860471193189763,1.00289,0.06,0.8333333333333334,0.2,0.19999999999999998,1.0
n,100000,76,0.8325237381309345,0.20091063105099716,0.20101108636652265,1.0005,0.06,0.8333333333333334,0.2,0.19999999999999998,1.0
n,100000,77,0.8329170108376541,0.19942134190884186,0.2003825527768425,1.00483,0.06,0.8333333333333334,0.2,0.19999999999999998,1.0
n,100000,78,0.8318091012217281,0.20011401811978186,0.1993375757294771,0.99613,0.06,0.8333333333333334,0.2,0.19999999999999998,1.0
n,100000,79,0.8318324628284405,0.20114489531137095,0.20102823127209035,0.99942,0.07,0.8333333333333334,0.2,0.19999999999999998,1.0
n,100000,80,0.8336991931037939,0.20024032107323295,0.19976975631871086,0.99765,0.07,0.8333333333333334,0.2,0.19999999999999998,1.0
n,100000,81,0.8322073086508723,0.20041717309979365,0.20023479347227283,0.99909,0.07,0.8333333333333334,0.2,0.19999999999999998,1.0
n,100000,82,0.8343730286675545,0.19960089227483938,0.19933941510595934,0.99869,0.07,0.8333333333333334,0.2,0.19999999999999998,1.0
n,100000,83,0.8316677170553105,0.20090222120779028,0.2008258783637313,0.99963,0.07,0.8333333333333334,0.2,0.19999999999999998,1.0
n,100000,84,0.8339967756702427,0.20014076173070863,0.20111344583271987,1.00486,0.07,0.8333333333333334,0.2,0.19999999999999998,1.0
n,100000,85,0.8316820849497663,0.20132365103885086,0.20239066638935677,1.0053,0.07,0.8333333333333334,0.2,0.19999999999999998,1.0
n,100000,86,0.8334676496632143,0.20114006856682526,0.2021638715158304,1.00509,0.06,0.8333333333333334,0.2,0.19999999999999998,1.0
n,100000,87,0.8333383514487299,0.19952159640461267,0.19880132344159204,0.99639,0.06,0.8333333333333334,0.2,0.19999999999999998,1.0
n,100000,88,0.8340574282147316,0.19952053067939376,0.199769931342743,1.00125,0.07,0.8333333333333334,0.2,0.19999999999999998,1.0
n,100000,89,0.8337902193052665,0.1994377047397472,0.1993419746414721,0.99952,0.07,0.8333333333333334,0.2,0.19999999999999998,1.0
n,100000,90,0.8322652243028964,0.20054134398316747,0.20058345766540395,1.00021,0.07,0.8333333333333334,0.2,0.19999999999999998,1.0
n,100000,91,0.832291199202194,0.20090210365726646,0.20145458444232395,1.00275,0.07,0.8333333333333334,0.2,0.19999999999999998,1.0
n,100000,92,0.8329678509636663,0.19908436697254084,0.1979137508947423,0.99412,0.07,0.8333333333333334,0.2,0.19999999999999998,1.0
n,100000,93,0.830432615629984,0.201431279006038,0.20207585909885734,1.0032,0.06,0.8333333333333334,0.2,0.19999999999999998,1.0
n,100000,94,0.8344734888759604,0.19930626737023482,0.1986943971294082,0.99694,0.06,0.8333333333333334,0.2,0.19999999999999998,1.0
n,100000,95,0.8327744220990517,0.20122738687251712,0.2022174256159299,1.00493,0.06,0.8333333333333334,0.2,0.19999999999999998,1.0
n,100000,96,0.8333819080831734,0.1991906494272353,0.19819867999308768,0.99503,0.06,0.8333333333333334,0.2,0.19999999999999998,1.0
n,100000,97,0.8331609206835499,0.19897661795262972,0.20003716332631724,1.00534,0.06,0.8333333333333334,0.2,0.19999999999999998,1.0
n,100000,98,0.8339876332324413,0.19905623737960454,0.19926922755360071,1.00107,0.07,0.8333333333333334,0.2,0.19999999999999998,1.0
n,100000,99,0.834836131416178,0.19944397290131602,0.19862824705214963,0.99592,0.07,0.8333333333333334,0.2,0.19999999999999998,1.0
n,100000,100,0.8328594375106003,0.19997743661148124,0.20044338403878598,1.00233,0.07,0.8333333333333334,0.2,0.19999999999999998,1.0
n,1000000,1,0.8334316361927803,0.2002510147114004,0.20031309252596094,1.00031,0.15,0.8333333333333334,0.2,0.19999999999999998,1.0
n,1000000,2,0.8339622452706523,0.19988501973786352,0.19975409504993522,0.999345,0.15,0.8333333333333334,0.2,0.19999999999999998,1.0
n,1000000,3,0.8334176041377298,0.19959910647248005,0.19974720900948265,1.000742,0.14,0.8333333333333334,0.2,0.19999999999999998,1.0
n,1000000,4,0.8339432621132656,0.19997927612389202,0.19983869069277693,0.999297,0.13,0.8333333333333334,0.2,0.19999999999999998,1.0
n,1000000,5,0.8332963054142823,0.20003065357842906,0.19987983046563093,0.999246,0.14,0.8333333333333334,0.2,0.19999999999999998,1.0
n,1000000,6,0.8338274533056627,0.19967201841707766,0.1993541405637577,0.998408,0.14,0.8333333333333334,0.2,0.19999999999999998,1.0
n,1000000,7,0.8340547589571038,0.19975471737790915,0.1995907187549419,0.999179,0.13,0.8333333333333334,0.2,0.19999999999999998,1.0
n,1000000,8,0.8325882968065872,0.20011759438128335,0.2005554516777896,1.002188,0.15,0.8333333333333334,0.2,0.19999999999999998,1.0
n,1000000,9,0.8328078235888812,0.2002681409203137,0.20007368055548005,0.99903,0.14,0.8333333333333334,0.2,0.19999999999999998,1.0
n,1000000,10,0.8340067461534298,0.20000803041160978,0.19958821355577583,0.997902,0.13,0.8333333333333334,0.2,0.19999999999999998,1.0
n,1000000,11,0.8324591058396531,0.20042949696838425,0.20056839460978335,1.000693,0.13,0.8333333333333334,0.2,0.19999999999999998,1.0
n,1000000,12,0.8340983501476784,0.19962166003278953,0.1993128453247188,0.998453,0.14,0.8333333333333334,0.2,0.19999999999999998,1.0
n,1000000,13,0.833404443041124,0.20020530309479947,0.20036566754257842,1.000801,0.15,0.8333333333333334,0.2,0.19999999999999998,1.0
n,1000000,14,0.8334776525014157,0.19997109094522397,0.20022165472217832,1.001253,0.14,0.8333333333333334,0.2,0.19999999999999998,1.0
n,1000000,15,0.8333450002100038,0.20014221479700484,0.2001386122371385,0.999982,0.13,0.8333333333333334,0.2,0.19999999999999998,1.0
n,1000000,16,0.8336511949563511,0.19985705363899461,0.19983926636122074,0.999911,0.15,0.8333333333333334,0.2,0.19999999999999998,1.0
n,1000000,17,0.8330109709873889,0.20023900842604772,0.20022098691528936,0.99991,0.14,0.8333333333333334,0.2,0.19999999999999998,1.0
n,1000000,18,0.8333623763169491,0.2001015224577489,0.19980537220451142,0.99852,0.14,0.8333333333333334,0.2,0.19999999999999998,1.0
n,1000000,19,0.8334682739594579,0.1998589485503042,0.19994688648766634,1.00044,0.15,0.8333333333333334,0.2,0.19999999999999998,1.0
n,1000000,20,0.8338363266431892,0.1997616186231157,0.19989665747730492,1.000676,0.14,0.8333333333333334,0.2,0.19999999999999998,1.0
n,1000000,21,0.8331135052389032,0.20019303510789174,0.20034938586831103,1.000782,0.15,0.8333333333333334,0.2,0.19999999999999998,1.0
n,1000000,22,0.8332279506809187,0.19995129375908038,0.19985751660230738,0.999532,0.13,0.8333333333333334,0.2,0.19999999999999998,1.0
n,1000000,23,0.8334087070669879,0.20012553363747532,0.20001826635144562,0.999464,0.13,0.8333333333333334,0.2,0.19999999999999998,1.0
n,1000000,24,0.8336169518042241,0.20008141894930473,0.1997626892489185,0.998407,0.14,0.8333333333333334,0.2,0.19999999999999998,1.0
n,1000000,25,0.8332911826417788,0.20010527066509826,0.20018091045740966,1.000379,0.14,0.8333333333333334,0.2,0.19999999999999998,1.0
n,1000000,26,0.8331484490708816,0.20001804023799652,0.2001432515311855,1.000626,0.15,0.8333333333333334,0.2,0.19999999999999998,1.0
n,1000000,27,0.833050395013887,0.20018934912343522,0.20023299040154413,1.000218,0.14,0.8333333333333334,0.2,0.19999999999999998,1.0
n,1000000,28,0.833409321783089,0.1998844909048816,0.19991487334749913,1.000152,0.13,0.8333333333333334,0.2,0.19999999999999998,1.0
n,1000000,29,0.834298811001241,0.19952022634651664,0.19935262935638556,0.99916,0.13,0.8333333333333334,0.2,0.19999999999999998,1.0
n,1000000,30,0.8334534449406396,0.19961944477111143,0.1999879422661589,1.001846,0.13,0.8333333333333334,0.2,0.19999999999999998,1.0
n,1000000,31,0.8333712052581581,0.1998809118715023,0.19967723322230524,0.998981,0.14,0.8333333333333334,0.2,0.19999999999999998,1.0
n,1000000,32,0.8331070964468323,0.20013318722104897,0.20036574198459983,1.001163,0.15,0.8333333333333334,0.2,0.19999999999999998,1.0
n,1000000,33,0.8332719745974834,0.20007096573543032,0.19998813635561585,0.999586,0.13,0.8333333333333334,0.2,0.19999999999999998,1.0
n,1000000,34,0.8339079229336284,0.1997728260548947,0.1996837273744742,0.999554,0.13,0.8333333333333334,0.2,0.19999999999999998,1.0
n,1000000,35,0.8329753867524404,0.2002668659362612,0.20011025724709905,0.999218,0.15,0.8333333333333334,0.2,0.19999999999999998,1.0
n,1000000,36,0.8334012883471142,0.20033519761646282,0.20046781951728493,1.000662,0.15,0.8333333333333334,0.2,0.19999999999999998,1.0
n,1000000,37,0.8339516623923338,0.1994786970073917,0.19958761237595773,1.000546,0.14,0.8333333333333334,0.2,0.19999999999999998,1.0
n,1000000,38,0.833961618745943,0.19974354259764618,0.19970579106809522,0.999811,0.13,0.8333333333333334,0.2,0.19999999999999998,1.0
n,1000000,39,0.8333695383411033,0.19996881085202,0.19975704388132773,0.998941,0.14,0.8333333333333334,0.2,0.19999999999999998,1.0
n,1000000,40,0.833401352378666,0.199847611070118,0.19979165373901836,0.99972,0.14,0.8333333333333334,0.2,0.19999999999999998,1.0
n,1000000,41,0.8325691075594902,0.20044833423277866,0.20060769065849374,1.000795,0.14,0.8333333333333334,0.2,0.19999999999999998,1.0
n,1000000,42,0.8331938304430598,0.19989534767591297,0.20013002481408448,1.001174,0.13,0.8333333333333334,0.2,0.19999999999999998,1.0
n,1000000,43,0.8330661486678033,0.20012515821286783,0.20048618399828383,1.001804,0.14,0.8333333333333334,0.2,0.19999999999999998,1.0
n,1000000,44,0.833555466168769,0.19981022089667405,0.19969073438457785,0.999402,0.14,0.8333333333333334,0.2,0.19999999999999998,1.0
n,1000000,45,0.8339327457290616,0.20008096835044345,0.19994311256325,0.999312,0.14,0.8333333333333334,0.2,0.19999999999999998,1.0
n,1000000,46,0.8332587135279045,0.20022274761809386,0.20034848750359804,1.000628,0.15,0.8333333333333334,0.2,0.19999999999999998,1.0
n,1000000,47,0.8334518099934313,0.20010745598997745,0.20014687715880747,1.000197,0.14,0.8333333333333334,0.2,0.19999999999999998,1.0
n,1000000,48,0.8336303690072678,0.20031094381659106,0.2003992809428142,1.000441,0.15,0.8333333333333334,0.2,0.19999999999999998,1.0
n,1000000,49,0.8327442077632883,0.20025701296982026,0.20072421258107884,1.002333,0.15,0.8333333333333334,0.2,0.19999999999999998,1.0
n,1000000,50,0.8331772315549738,0.20011851278207227,0.19998803551173835,0.999348,0.13,0.8333333333333334,0.2,0.19999999999999998,1.0
n,1000000,51,0.8333044564247449,0.19995338892505898,0.19965165926117107,0.998491,0.14,0.8333333333333334,0.2,0.19999999999999998,1.0
n,1000000,52,0.8329410000749682,0.20004343775657038,0.2001284562176169,1.000425,0.14,0.8333333333333334,0.2,0.19999999999999998,1.0
n,1000000,53,0.8328361697961663,0.2002643213524598,0.2004669888456685,1.001012,0.14,0.8333333333333334,0.2,0.19999999999999998,1.0
n,1000000,54,0.833077800684534,0.20003193587826384,0.1998759109682788,0.99922,0.13,0.8333333333333334,0.2,0.19999999999999998,1.0
n,1000000,55,0.8331403139404634,0.20025614041170453,0.20040893587230618,1.000763,0.15,0.8333333333333334,0.2,0.19999999999999998,1.0
n,1000000,56,0.8326458344164024,0.2000608103608797,0.20010962519860773,1.000244,0.14,0.8333333333333334,0.2,0.19999999999999998,1.0
n,1000000,57,0.8333571473534963,0.1999213648739359,0.20008330117948375,1.000811,0.15,0.8333333333333334,0.2,0.19999999999999998,1.0
n,1000000,58,0.8336030110626169,0.19978488625183852,0.19990016213120584,1.000577,0.14,0.8333333333333334,0.2,0.19999999999999998,1.0
n,1000000,59,0.8330294360506149,0.20015203866789621,0.20021969005696597,1.000338,0.14,0.8333333333333334,0.2,0.19999999999999998,1.0
n,1000000,60,0.8330836901331274,0.20001777883482819,0.2000366045998563,1.000094,0.14,0.8333333333333334,0.2,0.19999999999999998,1.0
n,1000000,61,0.8327049971675005,0.20024265420655202,0.20077289675489096,1.002648,0.15,0.8333333333333334,0.2,0.19999999999999998,1.0
n,1000000,62,0.8326110849897128,0.20048367592094032,0.2008309136476354,1.001733,0.14,0.8333333333333334,0.2,0.19999999999999998,1.0
n,1000000,63,0.8325926236705435,0.2001459787596766,0.2003593515426329,1.001067,0.14,0.8333333333333334,0.2,0.19999999999999998,1.0
n,1000000,64,0.8338599347228125,0.199947540407617,0.19946606673031544,0.997592,0.13,0.8333333333333334,0.2,0.19999999999999998,1.0
n,1000000,65,0.8333323324285153,0.20014952514341408,0.19996858997268444,0.999096,0.14,0.8333333333333334,0.2,0.19999999999999998,1.0
n,1000000,66,0.8335785494533613,0.19947873452045772,0.19957408535555848,1.000478,0.14,0.8333333333333334,0.2,0.19999999999999998,1.0
n,1000000,67,0.8335797138387881,0.19994173876370847,0.20003851056527008,1.000485,0.15,0.8333333333333334,0.2,0.19999999999999998,1.0
n,1000000,68,0.8333518251414623,0.1997382038946593,0.19982648818078072,1.000443,0.15,0.8333333333333334,0.2,0.19999999999999998,1.0
n,1000000,69,0.8334171887206335,0.19977573127319684,0.19972319025587199,0.999737,0.13,0.8333333333333334,0.2,0.19999999999999998,1.0
n,1000000,70,0.8330490360373054,0.20052056465195803,0.20066353581455487,1.000713,0.13,0.8333333333333334,0.2,0.19999999999999998,1.0
n,1000000,71,0.8332600959926328,0.20023891675989824,0.2000454859663082,0.999035,0.15,0.8333333333333334,0.2,0.19999999999999998,1.0
n,1000000,72,0.8325743527850823,0.20040273948098766,0.200583703154739,1.000904,0.14,0.8333333333333334,0.2,0.19999999999999998,1.0
n,1000000,73,0.8332842168146323,0.20000228054851316,0.20020648287695317,1.001021,0.15,0.8333333333333334,0.2,0.19999999999999998,1.0
n,1000000,74,0.8327519265456633,0.2001980705710089,0.20011518856979252,0.999587,0.14,0.8333333333333334,0.2,0.19999999999999998,1.0
n,1000000,75,0.8336815679057417,0.19993163281227105,0.19989244621223987,0.999805,0.13,0.8333333333333334,0.2,0.19999999999999998,1.0
n,1000000,76,0.8336873222787785,0.19980999376604072,0.20047476161530034,1.003327,0.14,0.8333333333333334,0.2,0.19999999999999998,1.0
n,1000000,77,0.8327947545019795,0.20018527243835255,0.20034181732139936,1.000782,0.13,0.8333333333333334,0.2,0.19999999999999998,1.0
n,1000000,78,0.8337803084679014,0.19972208760260532,0.19950978302348377,0.998937,0.13,0.8333333333333334,0.2,0.19999999999999998,1.0
n,1000000,79,0.8333094800347891,0.2005103940120936,0.20034256681230547,0.999163,0.13,0.8333333333333334,0.2,0.19999999999999998,1.0
n,1000000,80,0.8334294847119308,0.19957814599802293,0.19960987892323662,1.000159,0.14,0.8333333333333334,0.2,0.19999999999999998,1.0
n,1000000,81,0.8328218724374807,0.2004287669167555,0.20018284081974863,0.998773,0.13,0.8333333333333334,0.2,0.19999999999999998,1.0
n,1000000,82,0.8333712362184609,0.19996292965436302,0.19959599767844724,0.998165,0.13,0.8333333333333334,0.2,0.19999999999999998,1.0
n,1000000,83,0.832958871247119,0.2004376355638237,0.20019029552153794,0.998766,0.13,0.8333333333333334,0.2,0.19999999999999998,1.0
n,1000000,84,0.8334516718735624,0.19984730497729447,0.19983851169587546,0.999956,0.14,0.8333333333333334,0.2,0.19999999999999998,1.0
n,1000000,85,0.833105727378349,0.20003179139803054,0.20023162315763718,1.000999,0.14,0.8333333333333334,0.2,0.19999999999999998,1.0
n,1000000,86,0.8343104020339552,0.1995932778018439,0.19971542888785865,1.000612,0.14,0.8333333333333334,0.2,0.19999999999999998,1.0
n,1000000,87,0.8332177496557471,0.2000335770750157,0.20017720118335555,1.000718,0.14,0.8333333333333334,0.2,0.19999999999999998,1.0
n,1000000,88,0.8325681866072525,0.20043805387369634,0.20070503736145612,1.001333,0.14,0.8333333333333334,0.2,0.19999999999999998,1.0
n,1000000,89,0.8329660647867724,0.1999093784860977,0.19967248587259168,0.998815,0.13,0.8333333333333334,0.2,0.19999999999999998,1.0
n,1000000,90,0.8332514560318891,0.19989276094876968,0.19978541853614018,0.999463,0.13,0.8333333333333334,0.2,0.19999999999999998,1.0
n,1000000,91,0.8338517312089518,0.19988266548152855,0.19992204236662842,1.000197,0.14,0.8333333333333334,0.2,0.19999999999999998,1.0
n,1000000,92,0.8331463468580768,0.1999513064987711,0.1997875463787486,0.999181,0.14,0.8333333333333334,0.2,0.19999999999999998,1.0
n,1000000,93,0.8328704935645932,0.20012459629067997,0.20004939132539615,0.999626,0.13,0.8333333333333334,0.2,0.19999999999999998,1.0
n,1000000,94,0.833948169602735,0.19978380474884708,0.1996203815965625,0.999182,0.14,0.8333333333333334,0.2,0.19999999999999998,1.0
n,1000000,95,0.8327364470125006,0.2006623228207186,0.2005884790859206,0.999632,0.13,0.8333333333333334,0.2,0.19999999999999998,1.0
n,1000000,96,0.8338912251303864,0.19950937216653533,0.1990712495852576,0.997804,0.13,0.8333333333333334,0.2,0.19999999999999998,1.0
n,1000000,97,0.8325149100300749,0.2000727417440677,0.20017297818768146,1.000501,0.13,0.8333333333333334,0.2,0.19999999999999998,1.0
n,1000000,98,0.8340450193987003,0.19961842271394234,0.1994259905544461,0.999036,0.13,0.8333333333333334,0.2,0.19999999999999998,1.0
n,1000000,99,0.8333813338133381,0.2000300632745532,0.20002806297392045,0.99999,0.13,0.8333333333333334,0.2,0.19999999999999998,1.0
n,1000000,100,0.833885833157394,0.19990178833791436,0.1997812475595466,0.999397,0.14,0.8333333333333334,0.2,0.19999999999999998,1.0
n,10000000,1,0.8335669172039095,0.19989014051227288,0.19988968076494973,0.9999977,0.89,0.8333333333333334,0.2,0.19999999999999998,1.0
n,10000000,2,0.8331993184136499,0.200065750969434,0.2000932199970421,1.0001374,0.87,0.8333333333333334,0.2,0.19999999999999998,1.0
n,10000000,3,0.8335185124620103,0.19989909492985475,0.1998676508022223,0.9998427,0.87,0.8333333333333334,0.2,0.19999999999999998,1.0
n,10000000,4,0.8333581235211536,0.1999713547281204,0.19991606264853806,0.9997235,0.87,0.8333333333333334,0.2,0.19999999999999998,1.0
n,10000000,5,0.8335556506883569,0.1998584672584952,0.19981289952796027,0.999772,0.87,0.8333333333333334,0.2,0.19999999999999998,1.0
n,10000000,6,0.833554910690038,0.1998874012689695,0.19983265210976192,0.9997261,0.88,0.8333333333333334,0.2,0.19999999999999998,1.0
n,10000000,7,0.833236551327524,0.2000665991851496,0.20000043716079907,0.9996693,0.87,0.8333333333333334,0.2,0.19999999999999998,1.0
n,10000000,8,0.8332778580716506,0.19992807562364592,0.19995716515864917,1.0001455,0.87,0.8333333333333334,0.2,0.19999999999999998,1.0
n,10000000,9,0.8332320829899423,0.20003631130771163,0.20000270520741195,0.999832,0.89,0.8333333333333334,0.2,0.19999999999999998,1.0
n,10000000,10,0.8332927681934652,0.20004244350887415,0.20013216254478788,1.0004485,0.87,0.8333333333333334,0.2,0.19999999999999998,1.0
n,10000000,11,0.8335237992744358,0.20007609382841368,0.20004182079354088,0.9998288,0.87,0.8333333333333334,0.2,0.19999999999999998,1.0
n,10000000,12,0.8333748687532421,0.19991356403440624,0.19982330306024473,0.9995485,0.86,0.8333333333333334,0.2,0.19999999999999998,1.0
n,10000000,13,0.833260483328877,0.2000718410919385,0.20016337395923808,1.0004575,0.86,0.8333333333333334,0.2,0.19999999999999998,1.0
n,10000000,14,0.8334099933765723,0.1999005635449049,0.1999178349535952,1.0000864,0.87,0.8333333333333334,0.2,0.19999999999999998,1.0
n,10000000,15,0.8333190182398954,0.19999146958426467,0.20001344864677198,1.0001099,0.87,0.8333333333333334,0.2,0.19999999999999998,1.0
n,10000000,16,0.8332802285963908,0.19995371828145664,0.1999358824097859,0.9999108,0.89,0.8333333333333334,0.2,0.19999999999999998,1.0
n,10000000,17,0.8332555321257666,0.20001144163907067,0.2000511639113802,1.0001987,0.88,0.8333333333333334,0.2,0.19999999999999998,1.0
n,10000000,18,0.8333286670940941,0.19990345725394387,0.19992176841062834,1.0000916,0.88,0.8333333333333334,0.2,0.19999999999999998,1.0
n,10000000,19,0.8333440651105589,0.2000227528615531,0.20005175616071802,1.000145,0.88,0.8333333333333334,0.2,0.19999999999999998,1.0
n,10000000,20,0.8333432343412559,0.19997451962737414,0.19995414222382413,0.9998982,0.88,0.8333333333333334,0.2,0.19999999999999998,1.0
n,10000000,21,0.8331181906026695,0.2000516101023151,0.2001978478292999,1.000731,0.89,0.8333333333333334,0.2,0.19999999999999998,1.0
n,10000000,22,0.8332841389029555,0.19980751889848625,0.19996552668443118,1.0007908,0.86,0.8333333333333334,0.2,0.19999999999999998,1.0
n,10000000,23,0.8333837190760421,0.19993602082818399,0.19986032505069842,0.9996214,0.87,0.8333333333333334,0.2,0.19999999999999998,1.0
n,10000000,24,0.8334202195773558,0.19999450658403678,0.19998780676806624,0.9999665,0.88,0.8333333333333334,0.2,0.19999999999999998,1.0
n,10000000,25,0.8333930119595967,0.1999796906161283,0.19993961468612884,0.9997996,0.88,0.8333333333333334,0.2,0.19999999999999998,1.0
n,10000000,26,0.8332737477422829,0.20005562730139576,0.19999208963416484,0.9996824,0.87,0.8333333333333334,0.2,0.19999999999999998,1.0
n,10000000,27,0.8332475636614893,0.20015066919989613,0.2002214424765252,1.0003536,0.88,0.8333333333333334,0.2,0.19999999999999998,1.0
n,10000000,28,0.8335824762347476,0.19988548604914555,0.19986441811891598,0.9998947,0.87,0.8333333333333334,0.2,0.19999999999999998,1.0
n,10000000,29,0.8333428360225944,0.1999615695651883,0.19990498044100133,0.999717,0.88,0.8333333333333334,0.2,0.19999999999999998,1.0
n,10000000,30,0.8331887567059717,0.19991482494611543,0.20001628171977556,1.0005075,0.87,0.8333333333333334,0.2,0.19999999999999998,1.0
n,10000000,31,0.833288804755272,0.1999053763481872,0.19985190166001407,0.9997325,0.87,0.8333333333333334,0.2,0.19999999999999998,1.0
n,10000000,32,0.8334204885949305,0.1999862148721114,0.1999358783418281,0.9997484,0.89,0.8333333333333334,0.2,0.19999999999999998,1.0
n,10000000,33,0.8334585775980015,0.19993369598861283,0.19983642824551437,0.9995135,0.89,0.8333333333333334,0.2,0.19999999999999998,1.0
n,10000000,34,0.8333208135129239,0.20005810873652644,0.20000771409893572,0.9997481,0.87,0.8333333333333334,0.2,0.19999999999999998,1.0
n,10000000,35,0.8332667313980795,0.20011523590123617,0.20005934371584896,0.9997207,0.89,0.8333333333333334,0.2,0.19999999999999998,1.0
n,10000000,36,0.8333216883208922,0.20008069457450273,0.200166389135989,1.0004283,0.89,0.8333333333333334,0.2,0.19999999999999998,1.0
n,10000000,37,0.8332946435087571,0.19996600703884346,0.20001859809869468,1.000263,0.89,0.8333333333333334,0.2,0.19999999999999998,1.0
n,10000000,38,0.8332766757618909,0.20008988341461734,0.20000428496249256,0.9995722,0.89,0.8333333333333334,0.2,0.19999999999999998,1.0
n,10000000,39,0.8333858635055073,0.20002118866397195,0.19996976321636642,0.9997429,0.88,0.8333333333333334,0.2,0.19999999999999998,1.0
n,10000000,40,0.8334573458573651,0.19999741882886687,0.20003097839574638,1.0001678,0.87,0.8333333333333334,0.2,0.19999999999999998,1.0
n,10000000,41,0.8333824425756927,0.19986215841080002,0.1998245443525871,0.9998118,0.87,0.8333333333333334,0.2,0.19999999999999998,1.0
n,10000000,42,0.8333744744760351,0.1999715460050075,0.20009560835214898,1.0006204,0.87,0.8333333333333334,0.2,0.19999999999999998,1.0
n,10000000,43,0.8334399800548472,0.19995057220245477,0.20001921523389188,1.0003433,0.86,0.8333333333333334,0.2,0.19999999999999998,1.0
n,10000000,44,0.833383100388183,0.20000585961756678,0.20000429957186178,0.9999922,0.87,0.8333333333333334,0.2,0.19999999999999998,1.0
n,10000000,45,0.8332968811644292,0.20017735998225644,0.2001654494293375,0.9999405,0.88,0.8333333333333334,0.2,0.19999999999999998,1.0
n,10000000,46,0.8333189701023516,0.19999012953632692,0.20003794717629905,1.0002392,0.89,0.8333333333333334,0.2,0.19999999999999998,1.0
n,10000000,47,0.8332899368310914,0.20010940126082244,0.20012553007856407,1.0000806,0.88,0.8333333333333334,0.2,0.19999999999999998,1.0
n,10000000,48,0.8334375136267824,0.20012070126412249,0.200094505464327,0.9998692,0.87,0.8333333333333334,0.2,0.19999999999999998,1.0
n,10000000,49,0.8332291724674987,0.20008807986543772,0.2001312188554567,1.0002157,0.88,0.8333333333333334,0.2,0.19999999999999998,1.0
n,10000000,50,0.8334082030927793,0.19996518505903507,0.20000143874708629,1.0001813,0.88,0.8333333333333334,0.2,0.19999999999999998,1.0
n,10000000,51,0.8334856692823897,0.19987388778185514,0.19978298513769197,0.9995452,0.89,0.8333333333333334,0.2,0.19999999999999998,1.0
n,10000000,52,0.8334218612987228,0.19993156988584712,0.1999813328535917,1.0002489,0.87,0.8333333333333334,0.2,0.19999999999999998,1.0
n,10000000,53,0.8333343997434217,0.20001271046505406,0.20006083352319196,1.0002406,0.87,0.8333333333333334,0.2,0.19999999999999998,1.0
n,10000000,54,0.833124638191211,0.20023394169263337,0.20027058450396312,1.000183,0.88,0.8333333333333334,0.2,0.19999999999999998,1.0
n,10000000,55,0.833354772678259,0.199939505051595,0.19988344201437855,0.9997196,0.89,0.8333333333333334,0.2,0.19999999999999998,1.0
n,10000000,56,0.8333212481110798,0.19999247858091967,0.19996121975651748,0.9998437,0.89,0.8333333333333334,0.2,0.19999999999999998,1.0
n,10000000,57,0.8333333166621971,0.20011257340639058,0.20005892322546032,0.9997319,0.88,0.8333333333333334,0.2,0.19999999999999998,1.0
n,10000000,58,0.8332764305109533,0.2000950660540685,0.2000851413387922,0.9999504,0.87,0.8333333333333334,0.2,0.19999999999999998,1.0
n,10000000,59,0.8332784865650742,0.20007620866516831,0.20014879631367205,1.0003628,0.89,0.8333333333333334,0.2,0.19999999999999998,1.0
n,10000000,60,0.8333826579165956,0.19995375900752926,0.19992166642920856,0.9998395,0.86,0.8333333333333334,0.2,0.19999999999999998,1.0
n,10000000,61,0.833040688931226,0.20008653697826656,0.200215692837886,1.0006456,0.88,0.8333333333333334,0.2,0.19999999999999998,1.0
n,10000000,62,0.8329345352111325,0.2000838658187956,0.20020187528285552,1.0005898,0.87,0.8333333333333334,0.2,0.19999999999999998,1.0
n,10000000,63,0.833556938947619,0.20001502756652945,0.2000547305495014,1.0001985,0.89,0.8333333333333334,0.2,0.19999999999999998,1.0
n,10000000,64,0.8334259908478577,0.1999985169310725,0.1999822970513494,0.9999189,0.87,0.8333333333333334,0.2,0.19999999999999998,1.0
n,10000000,65,0.833353296933591,0.19994689566063445,0.1999776075038079,1.0001536,0.89,0.8333333333333334,0.2,0.19999999999999998,1.0
n,10000000,66,0.833315332300074,0.19997113268385466,0.19995963434372535,0.9999426,0.87,0.8333333333333334,0.2,0.19999999999999998,1.0
n,10000000,67,0.833231299031947,0.1999228044791734,0.1999862199927542,1.0003172,0.88,0.8333333333333334,0.2,0.19999999999999998,1.0
n,10000000,68,0.8333983371159471,0.19991366244549852,0.20000454319644623,1.0004546,0.87,0.8333333333333334,0.2,0.19999999999999998,1.0
n,10000000,69,0.8332557184029619,0.19996309396429507,0.19988166899243281,0.9995929,0.88,0.8333333333333334,0.2,0.19999999999999998,1.0
n,10000000,70,0.8330596519500223,0.20013525644246155,0.20029512448530779,1.0007988,0.88,0.8333333333333334,0.2,0.19999999999999998,1.0
n,10000000,71,0.8332061565874472,0.2001024113661512,0.20016522351307903,1.0003139,0.87,0.8333333333333334,0.2,0.19999999999999998,1.0
n,10000000,72,0.8330665776592789,0.20013501156432248,0.20026830148202432,1.000666,0.89,0.8333333333333334,0.2,0.19999999999999998,1.0
n,10000000,73,0.8334317187719417,0.19992873098402522,0.19989058458215347,0.9998092,0.87,0.8333333333333334,0.2,0.19999999999999998,1.0
n,10000000,74,0.8334501501051351,0.19996314058624756,0.19996296061942104,0.9999991,0.87,0.8333333333333334,0.2,0.19999999999999998,1.0
n,10000000,75,0.8333319338525407,0.20010218983781974,0.20017642775024957,1.000371,0.87,0.8333333333333334,0.2,0.19999999999999998,1.0
n,10000000,76,0.8334515330034006,0.19986371086805518,0.19992061206653933,1.0002848,0.88,0.8333333333333334,0.2,0.19999999999999998,1.0
n,10000000,77,0.8330932443294097,0.2001788426705637,0.20018801086155802,1.0000458,0.88,0.8333333333333334,0.2,0.19999999999999998,1.0
n,10000000,78,0.8333024961692037,0.2000445572213394,0.1999115876041544,0.9993353,0.87,0.8333333333333334,0.2,0.19999999999999998,1.0
n,10000000,79,0.8332878296566363,0.20004519117184202,0.20002902752039534,0.9999192,0.87,0.8333333333333334,0.2,0.19999999999999998,1.0
n,10000000,80,0.8333842424399976,0.19991047503339537,0.19994014174789032,1.0001485,0.88,0.8333333333333334,0.2,0.19999999999999998,1.0
n,10000000,81,0.8333233015469015,0.20010962706616647,0.2001404839706601,1.0001542,0.88,0.8333333333333334,0.2,0.19999999999999998,1.0
n,10000000,82,0.8335785320543192,0.19996496621060575,0.1999252331718197,0.9998013,0.88,0.8333333333333334,0.2,0.19999999999999998,1.0
n,10000000,83,0.8331877644569288,0.2000586508435178,0.20012429356687356,1.0003283,0.89,0.8333333333333334,0.2,0.19999999999999998,1.0
n,10000000,84,0.8333003270471436,0.20005249708200132,0.2001154135923336,1.0003145,0.88,0.8333333333333334,0.2,0.19999999999999998,1.0
n,10000000,85,0.8333942853874176,0.19989208383775198,0.1998853139336479,0.9999663,0.87,0.8333333333333334,0.2,0.19999999999999998,1.0
n,10000000,86,0.833547437970078,0.1998810428413674,0.1998611546776047,0.9999005,0.88,0.8333333333333334,0.2,0.19999999999999998,1.0
n,10000000,87,0.8334095990390521,0.20004500033424794,0.20004752090125213,1.0000126,0.87,0.8333333333333334,0.2,0.19999999999999998,1.0
n,10000000,88,0.8331473493762365,0.20012790751229748,0.20019897293225508,1.0003551,0.88,0.8333333333333334,0.2,0.19999999999999998,1.0
n,10000000,89,0.8331413533156521,0.19994977698049535,0.19998794739292092,1.0001909,0.87,0.8333333333333334,0.2,0.19999999999999998,1.0
n,10000000,90,0.8331772552236658,0.20009809843089565,0.20006206076336824,0.9998199,0.88,0.8333333333333334,0.2,0.19999999999999998,1.0
n,10000000,91,0.8334247589510149,0.19991014172809052,0.1998176832875413,0.9995375,0.87,0.8333333333333334,0.2,0.19999999999999998,1.0
n,10000000,92,0.833598412684442,0.1998924904845528,0.19985778914820468,0.9998264,0.87,0.8333333333333334,0.2,0.19999999999999998,1.0
n,10000000,93,0.8332257736252,0.20002363899598172,0.20009856785114963,1.0003746,0.87,0.8333333333333334,0.2,0.19999999999999998,1.0
n,10000000,94,0.8333839280107732,0.1998268210814827,0.19984784286306045,1.0001052,0.88,0.8333333333333334,0.2,0.19999999999999998,1.0
n,10000000,95,0.8333322165387937,0.2000123535698492,0.1999894321541301,0.9998855,0.90,0.8333333333333334,0.2,0.19999999999999998,1.0
n,10000000,96,0.8333940136243748,0.19990632717471923,0.19997123675915288,1.0003248,0.86,0.8333333333333334,0.2,0.19999999999999998,1.0
n,10000000,97,0.8332287507073579,0.20010193535883444,0.20007137979330514,0.9998474,0.87,0.8333333333333334,0.2,0.19999999999999998,1.0
n,10000000,98,0.8333557582680734,0.20004708553544884,0.19997332817501193,0.9996313,0.88,0.8333333333333334,0.2,0.19999999999999998,1.0
n,10000000,99,0.8332303299452404,0.20006614730833922,0.20002717442284354,0.9998053,0.86,0.8333333333333334,0.2,0.19999999999999998,1.0
n,10000000,100,0.8333896965731716,0.19997056022361398,0.2000418497283337,1.0003565,0.87,0.8333333333333334,0.2,0.19999999999999998,1.0
n,1000,1,0.5228736021687563,0.3238483517949064,0.9553526377949738,2.951,0.05,0.5,0.3333333333333333,1.0,3.0
n,1000,2,0.47650783072309233,0.3272498652763648,0.9817495958290944,3.001,0.05,0.5,0.3333333333333333,1.0,3.0
n,1000,3,0.5275779376498801,0.2975187063885971,0.8681595852419264,2.919,0.04,0.5,0.3333333333333333,1.0,3.0
n,1000,4,0.49488279960382964,0.32216992120359905,0.9761018659772799,3.029,0.05,0.5,0.3333333333333333,1.0,3.0
n,1000,5,0.4762376237623762,0.3395762261149884,1.0282806681860275,3.03,0.05,0.5,0.3333333333333333,1.0,3.0
n,1000,6,0.5033602150537635,0.3421242601011459,1.0181617980610103,2.976,0.04,0.5,0.3333333333333333,1.0,3.0
n,1000,7,0.505739586749754,0.31098882895663954,0.9482049394887938,3.049,0.05,0.5,0.3333333333333333,1.0,3.0
n,1000,8,0.5003419972640218,0.33498887969706187,0.9795074842342092,2.924,0.04,0.5,0.3333333333333333,1.0,3.0
n,1000,9,0.527692830445124,0.3047544045154932,0.896587458084581,2.943,0.05,0.5,0.3333333333333333,1.0,3.0
n,1000,10,0.5241425241425242,0.2998675886481495,0.9006360017745882,3.003,0.06,0.5,0.3333333333333333,1.0,3.0
n,1000,11,0.4945954798558795,0.3384680777668767,1.033004573344506,3.053,0.05,0.5,0.3333333333333333,1.0,3.0
n,1000,12,0.4872785829307568,0.35273832919819986,1.0948997738312145,3.105,0.05,0.5,0.3333333333333333,1.0,3.0
n,1000,13,0.4876140808344198,0.345754739320338,1.0607755402347985,3.068,0.05,0.5,0.3333333333333333,1.0,3.0
n,1000,14,0.49159248269040556,0.3428962401065155,1.0396614000029558,3.033,0.04,0.5,0.3333333333333333,1.0,3.0
n,1000,15,0.4940159574468085,0.34324401266610743,1.0324779900996521,3.008,0.05,0.5,0.3333333333333333,1.0,3.0
n,1000,16,0.48050231328486454,0.3797971549586374,1.1482373489071696,3.026,0.04,0.5,0.3333333333333333,1.0,3.0
n,1000,17,0.4932386747802569,0.3522323506536913,1.0419032932336172,2.958,0.05,0.5,0.3333333333333333,1.0,3.0
n,1000,18,0.4792611795204148,0.3415566208412145,1.054043731915989,3.086,0.05,0.5,0.3333333333333333,1.0,3.0
n,1000,19,0.49915511997296386,0.34440089245155064,1.0188817179087852,2.959,0.04,0.5,0.3333333333333333,1.0,3.0
n,1000,20,0.49868680236375573,0.3380660071769162,1.0297490578608868,3.046,0.04,0.5,0.3333333333333333,1.0,3.0
n,1000,21,0.46632124352331605,0.37292962573890837,1.1516066842817523,3.088,0.05,0.5,0.3333333333333333,1.0,3.0
n,1000,22,0.5084802128367143,0.3198604326406959,0.9611991833607657,3.007,0.05,0.5,0.3333333333333333,1.0,3.0
n,1000,23,0.5068722762319813,0.31979771799275913,0.9534429112428914,2.983,0.04,0.5,0.3333333333333333,1.0,3.0
n,1000,24,0.5083500334001336,0.3341927790113794,1.00057318036007,2.994,0.05,0.5,0.3333333333333333,1.0,3.0
n,1000,25,0.5480109739368999,0.28614815512336755,0.8344080203397398,2.916,0.05,0.5,0.3333333333333333,1.0,3.0
n,1000,26,0.4935897435897436,0.33245260325726006,0.985057063451262,2.964,0.04,0.5,0.3333333333333333,1.0,3.0
n,1000,27,0.5122866894197953,0.3248241222617674,0.9514098541047168,2.93,0.04,0.5,0.3333333333333333,1.0,3.0
n,1000,28,0.5080267558528428,0.326394798563413,0.9758720908648822,2.99,0.04,0.5,0.3333333333333333,1.0,3.0
n,1000,29,0.5091514143094842,0.3354870922961375,1.007277590074321,3.005,0.05,0.5,0.3333333333333333,1.0,3.0
n,1000,30,0.5019907100199071,0.3073993629824387,0.9265016800290702,3.014,0.05,0.5,0.3333333333333333,1.0,3.0
n,1000,31,0.5128119800332779,0.31969123181855885,0.9603524603829509,3.005,0.05,0.5,0.3333333333333333,1.0,3.0
n,1000,32,0.4867862969004894,0.365864165469532,1.1207057627081705,3.065,0.05,0.5,0.3333333333333333,1.0,3.0
n,1000,33,0.5039102346140768,0.31286482190870407,0.9198225764115902,2.941,0.05,0.5,0.3333333333333333,1.0,3.0
n,1000,34,0.5180120080053369,0.3070427725078278,0.9205142319784677,2.998,0.04,0.5,0.3333333333333333,1.0,3.0
n,1000,35,0.4991702621971457,0.3284498840949011,0.9892910508938422,3.013,0.04,0.5,0.3333333333333333,1.0,3.0
n,1000,36,0.48951747088186354,0.3591348146399307,1.079200117992993,3.005,0.05,0.5,0.3333333333333333,1.0,3.0
n,1000,37,0.49750747756729813,0.3306752885111678,0.9947627358362884,3.009,0.04,0.5,0.3333333333333333,1.0,3.0
n,1000,38,0.5061278569062604,0.3327334167375983,1.0048277987757854,3.019,0.05,0.5,0.3333333333333333,1.0,3.0
n,1000,39,0.4880636604774536,0.34571144216459837,1.0426657095684295,3.016,0.05,0.5,0.3333333333333333,1.0,3.0
n,1000,40,0.48594771241830065,0.3668891010827035,1.1226806493130714,3.06,0.04,0.5,0.3333333333333333,1.0,3.0
n,1000,41,0.46981627296587924,0.35441720845399743,1.079665970138574,3.048,0.05,0.5,0.3333333333333333,1.0,3.0
n,1000,42,0.5199733688415447,0.2960496359246728,0.8893331063177171,3.004,0.05,0.5,0.3333333333333333,1.0,3.0
n,1000,43,0.5224983210208194,0.308740574603505,0.9194294311692379,2.978,0.04,0.5,0.3333333333333333,1.0,3.0
n,1000,44,0.478905735003296,0.36030248177411794,1.0931577297026747,3.034,0.04,0.5,0.3333333333333333,1.0,3.0
n,1000,45,0.5126078301260784,0.3173425707549187,0.9564705082553248,3.014,0.05,0.5,0.3333333333333333,1.0,3.0
n,1000,46,0.49054758800521514,0.359247467858016,1.1020640756947946,3.068,0.05,0.5,0.3333333333333333,1.0,3.0
n,1000,47,0.5,0.3379589154497952,1.0253673494746796,3.034,0.05,0.5,0.3333333333333333,1.0,3.0
n,1000,48,0.5265486725663717,0.31314996540891904,0.9200345983714041,2.938,0.05,0.5,0.3333333333333333,1.0,3.0
n,1000,49,0.4978737324174027,0.3302690827201105,1.0096325858753779,3.057,0.05,0.5,0.3333333333333333,1.0,3.0
n,1000,50,0.4816753926701571,0.35992127012565345,1.0995594802338748,3.056,0.05,0.5,0.3333333333333333,1.0,3.0
n,1000,51,0.4881548214881548,0.34436701597665187,1.0320679468820244,2.997,0.04,0.5,0.3333333333333333,1.0,3.0
n,1000,52,0.5013262599469496,0.33149849421026795,1.000075922376573,3.016,0.04,0.5,0.3333333333333333,1.0,3.0
n,1000,53,0.5011426705843944,0.32492491629654513,0.9947673974162189,3.063,0.05,0.5,0.3333333333333333,1.0,3.0
n,1000,54,0.507135745104547,0.30555927959245127,0.9206501094120557,3.013,0.04,0.5,0.3333333333333333,1.0,3.0
n,1000,55,0.4981549815498155,0.32495492741997867,0.9686906386389562,2.981,0.04,0.5,0.3333333333333333,1.0,3.0
n,1000,56,0.48758689175769615,0.3473047008493357,1.0518301253189914,3.021,0.05,0.5,0.3333333333333333,1.0,3.0
n,1000,57,0.49541907024092297,0.3286328879687223,0.9684811208438246,2.947,0.05,0.5,0.3333333333333333,1.0,3.0
n,1000,58,0.5195911413969335,0.3209612344471816,0.9420212231024782,2.935,0.05,0.5,0.3333333333333333,1.0,3.0
n,1000,59,0.4810333551340746,0.35687317683006137,1.090961301569495,3.058,0.04,0.5,0.3333333333333333,1.0,3.0
n,1000,60,0.5046979865771812,0.3345703055439074,0.9970195105208445,2.98,0.05,0.5,0.3333333333333333,1.0,3.0
n,1000,61,0.5205015249068112,0.3123485678769091,0.921428275236882,2.951,0.05,0.5,0.3333333333333333,1.0,3.0
n,1000,62,0.5045045045045045,0.33588067025285706,1.0066343687478128,2.997,0.05,0.5,0.3333333333333333,1.0,3.0
n,1000,63,0.510958904109589,0.3477643195390147,1.0155208037243224,2.92,0.04,0.5,0.3333333333333333,1.0,3.0
n,1000,64,0.4839238845144357,0.3386484424225358,1.032200452503889,3.048,0.04,0.5,0.3333333333333333,1.0,3.0
n,1000,65,0.4922056384742952,0.3387160446077475,1.0212288744923586,3.015,0.04,0.5,0.3333333333333333,1.0,3.0
n,1000,66,0.472852912142152,0.3605677109256452,1.0954047057921112,3.039,0.04,0.5,0.3333333333333333,1.0,3.0
n,1000,67,0.4663430420711974,0.37230955211218303,1.1506813569256638,3.09,0.05,0.5,0.3333333333333333,1.0,3.0
n,1000,68,0.5148819705781731,0.32617793779529175,0.9530919342378427,2.923,0.04,0.5,0.3333333333333333,1.0,3.0
n,1000,69,0.4861299052774019,0.3471482759217321,1.025732782665376,2.956,0.05,0.5,0.3333333333333333,1.0,3.0
n,1000,70,0.4871366521884397,0.33889213125698053,1.0143041488521416,2.993,0.04,0.5,0.3333333333333333,1.0,3.0
n,1000,71,0.518581081081081,0.3253515899394848,0.9627153546309355,2.96,0.04,0.5,0.3333333333333333,1.0,3.0
n,1000,72,0.49278152069297404,0.330492442363543,1.029545952421276,3.117,0.04,0.5,0.3333333333333333,1.0,3.0
n,1000,73,0.47439949431099876,0.33988381347328506,1.0752515826748072,3.164,0.04,0.5,0.3333333333333333,1.0,3.0
n,1000,74,0.4979892761394102,0.32448164662320395,0.9682532335236407,2.984,0.05,0.5,0.3333333333333333,1.0,3.0
n,1000,75,0.5113107119095143,0.3286562185060203,0.9902068165371499,3.006,0.05,0.5,0.3333333333333333,1.0,3.0
n,1000,76,0.507910349373764,0.3183660474217452,0.9659225878775747,3.034,0.04,0.5,0.3333333333333333,1.0,3.0
n,1000,77,0.5227736233854521,0.32611876685519586,0.9591152933211311,2.942,0.06,0.5,0.3333333333333333,1.0,3.0
n,1000,78,0.48916305435145047,0.3570605025116197,1.0708244470323494,2.999,0.04,0.5,0.3333333333333333,1.0,3.0
n,1000,79,0.5230307076101469,0.2957001730260282,0.8859177183859803,2.996,0.04,0.5,0.3333333333333333,1.0,3.0
n,1000,80,0.5017886178861789,0.3286337943806817,1.00994132174666,3.075,0.05,0.5,0.3333333333333333,1.0,3.0
n,1000,81,0.5219951506754417,0.31349623657663006,0.9050636349967304,2.887,0.05,0.5,0.3333333333333333,1.0,3.0
n,1000,82,0.49555774925962487,0.31477447672126224,0.9565996347559157,3.039,0.05,0.5,0.3333333333333333,1.0,3.0
n,1000,83,0.4908722109533469,0.3325661752862365,0.9837307464966882,2.958,0.05,0.5,0.3333333333333333,1.0,3.0
n,1000,84,0.49198931909212285,0.31626210216106193,0.9473713427237991,2.996,0.04,0.5,0.3333333333333333,1.0,3.0
n,1000,85,0.47501622323166776,0.3320188400438262,1.0232820650150716,3.082,0.05,0.5,0.3333333333333333,1.0,3.0
n,1000,86,0.5088408644400786,0.334999894543275,1.0226119030735037,3.054,0.05,0.5,0.3333333333333333,1.0,3.0
n,1000,87,0.4986495611073599,0.3253428906560022,0.9636656421230785,2.962,0.04,0.5,0.3333333333333333,1.0,3.0
n,1000,88,0.5060769750168805,0.3094950987878285,0.916724482609548,2.962,0.04,0.5,0.3333333333333333,1.0,3.0
n,1000,89,0.4993472584856397,0.3232110222057782,0.9903185720385046,3.064,0.05,0.5,0.3333333333333333,1.0,3.0
n,1000,90,0.5333333333333333,0.3056347788971107,0.8710591198567654,2.85,0.05,0.5,0.3333333333333333,1.0,3.0
n,1000,91,0.4704336399474376,0.36147884437097333,1.099952760804658,3.044,0.04,0.5,0.3333333333333333,1.0,3.0
n,1000,92,0.5,0.33928532017110336,1.0172606342480537,3.0,0.05,0.5,0.3333333333333333,1.0,3.0
n,1000,93,0.489556135770235,0.322237613801912,0.9874513115934143,3.064,0.05,0.5,0.3333333333333333,1.0,3.0
n,1000,94,0.5053120849933599,0.31929465020733583,0.9617154864244956,3.012,0.05,0.5,0.3333333333333333,1.0,3.0
n,1000,95,0.5026490066225165,0.32522719560790386,0.9818609035402617,3.02,0.04,0.5,0.3333333333333333,1.0,3.0
n,1000,96,0.5110431532449881,0.3267017631568929,0.9613125275068509,2.943,0.04,0.5,0.3333333333333333,1.0,3.0
n,1000,97,0.49642160052049444,0.3289048154669707,1.011404135343457,3.074,0.04,0.5,0.3333333333333333,1.0,3.0
n,1000,98,0.5076666666666667,0.3380427617738209,1.013790242559689,3.0,0.05,0.5,0.3333333333333333,1.0,3.0
n,1000,99,0.4917234664070107,0.31568354796145764,0.972621011269251,3.081,0.05,0.5,0.3333333333333333,1.0,3.0
n,1000,100,0.5258473125641904,0.31138347439514674,0.9092397452338286,2.921,0.04,0.5,0.3333333333333333,1.0,3.0
n,10000,1,0.4955778693975263,0.34376808844784246,1.033882526006889,3.0076,0.06,0.5,0.3333333333333333,1.0,3.0
n,10000,2,0.4940039198750955,0.3350167307765132,1.00850086465654,3.0103,0.06,0.5,0.3333333333333333,1.0,3.0
n,10000,3,0.5012792822728028,0.32630564166197185,0.981976866146801,3.0095,0.06,0.5,0.3333333333333333,1.0,3.0
n,10000,4,0.5046447904831919,0.3283673692034659,0.9826721890782912,2.9926,0.06,0.5,0.3333333333333333,1.0,3.0
n,10000,5,0.49591397849462365,0.334039987563851,1.009635862411741,3.0225,0.06,0.5,0.3333333333333333,1.0,3.0
n,10000,6,0.5033934004212497,0.3356142901103623,1.003822341720093,2.9911,0.06,0.5,0.3333333333333333,1.0,3.0
n,10000,7,0.4976198347107438,0.3308321395080909,1.0007344776604834,3.025,0.06,0.5,0.3333333333333333,1.0,3.0
n,10000,8,0.4943993045106497,0.33993474532631374,1.0166023560009503,2.9907,0.05,0.5,0.3333333333333333,1.0,3.0
n,10000,9,0.5031878860330743,0.3280657131064007,0.987892378292156,3.0114,0.06,0.5,0.3333333333333333,1.0,3.0
n,10000,10,0.5011513432337728,0.3240611664112508,0.9710168790346719,2.9965,0.05,0.5,0.3333333333333333,1.0,3.0
n,10000,11,0.5009167583425009,0.32998209009741303,0.9898472756652096,2.9997,0.05,0.5,0.3333333333333333,1.0,3.0
n,10000,12,0.4955193280645481,0.3337522025295404,1.0092669798081813,3.0241,0.06,0.5,0.3333333333333333,1.0,3.0
n,10000,13,0.5069687584163749,0.32658615763576265,0.9700915226412699,2.9704,0.05,0.5,0.3333333333333333,1.0,3.0
n,10000,14,0.504775262138516,0.32663026815850027,0.9780901352250888,2.9946,0.05,0.5,0.3333333333333333,1.0,3.0
n,10000,15,0.4929740836481739,0.33930765454210193,1.0237749039882642,3.0174,0.06,0.5,0.3333333333333333,1.0,3.0
n,10000,16,0.49558925562493805,0.3353907617700702,1.015107025991942,3.0267,0.06,0.5,0.3333333333333333,1.0,3.0
n,10000,17,0.5027677737761771,0.3277331457698466,0.9827733842200387,2.9988,0.06,0.5,0.3333333333333333,1.0,3.0
n,10000,18,0.4970619658119658,0.33737861846497724,1.0105164380263003,2.9952,0.06,0.5,0.3333333333333333,1.0,3.0
n,10000,19,0.4964614413396684,0.33026915804320783,0.9940110849626426,3.0097,0.06,0.5,0.3333333333333333,1.0,3.0
n,10000,20,0.4940967925348674,0.345295472058166,1.0323989319067113,2.9899,0.06,0.5,0.3333333333333333,1.0,3.0
n,10000,21,0.4956037028434918,0.3421160463861771,1.0310743305141397,3.0139,0.06,0.5,0.3333333333333333,1.0,3.0
n,10000,22,0.49755607633076665,0.33577129077320317,1.002948845539558,2.987,0.06,0.5,0.3333333333333333,1.0,3.0
n,10000,23,0.5016804765232438,0.3306044082291362,0.9934993071693773,3.0051,0.06,0.5,0.3333333333333333,1.0,3.0
n,10000,24,0.49570564448751797,0.3391053304030214,1.014639500120703,2.9923,0.06,0.5,0.3333333333333333,1.0,3.0
n,10000,25,0.5015581487866331,0.3267937927414828,0.9856497795942231,3.0164,0.06,0.5,0.3333333333333333,1.0,3.0
n,10000,26,0.49457048347756355,0.33908439250586875,1.0148456783308146,2.9929,0.06,0.5,0.3333333333333333,1.0,3.0
n,10000,27,0.505432406068149,0.33251482633405555,0.9885333272085134,2.9729,0.06,0.5,0.3333333333333333,1.0,3.0
n,10000,28,0.49746007503569173,0.33436120406902864,1.0070625105355067,3.0119,0.05,0.5,0.3333333333333333,1.0,3.0
n,10000,29,0.5025577996279564,0.33218867935551183,0.9999875814638987,3.0104,0.05,0.5,0.3333333333333333,1.0,3.0
n,10000,30,0.5000166041244645,0.3317406808012835,0.9989663900639082,3.0113,0.06,0.5,0.3333333333333333,1.0,3.0
n,10000,31,0.4954724016246088,0.3368489874065993,1.011807262697959,3.0038,0.05,0.5,0.3333333333333333,1.0,3.0
n,10000,32,0.5072045141571222,0.3268214803971702,0.9730455935864951,2.9773,0.05,0.5,0.3333333333333333,1.0,3.0
n,10000,33,0.5027953533527502,0.32506177794105506,0.9709324810040555,2.9871,0.06,0.5,0.3333333333333333,1.0,3.0
n,10000,34,0.5032002133475565,0.32717655103299415,0.9814450658818443,2.9998,0.05,0.5,0.3333333333333333,1.0,3.0
n,10000,35,0.5011231434606229,0.3332349041675445,0.9939064251701182,2.9827,0.05,0.5,0.3333333333333333,1.0,3.0
n,10000,36,0.49759048157133834,0.33879076238343714,1.0193875249355229,3.0089,0.05,0.5,0.3333333333333333,1.0,3.0
n,10000,37,0.5128161774651697,0.31972319533313937,0.9454086848879902,2.9572,0.06,0.5,0.3333333333333333,1.0,3.0
n,10000,38,0.5023131076097888,0.32841261177380277,0.9796548209212537,2.983,0.06,0.5,0.3333333333333333,1.0,3.0
n,10000,39,0.5064831438260523,0.3233019822824209,0.972404632841549,3.0078,0.06,0.5,0.3333333333333333,1.0,3.0
n,10000,40,0.4917897379984802,0.342846261432825,1.037692779478737,3.0267,0.06,0.5,0.3333333333333333,1.0,3.0
n,10000,41,0.49610165555223784,0.3342452789401335,1.0074486952534558,3.0141,0.06,0.5,0.3333333333333333,1.0,3.0
n,10000,42,0.5066612838110618,0.32637501260249674,0.970035757736463,2.9724,0.05,0.5,0.3333333333333333,1.0,3.0
n,10000,43,0.4986930483406677,0.3344494294642709,1.01077306572692,3.0223,0.06,0.5,0.3333333333333333,1.0,3.0
n,10000,44,0.49193924455399374,0.34402235573022755,1.0327597441883256,3.0022,0.06,0.5,0.3333333333333333,1.0,3.0
n,10000,45,0.4994653835872761,0.33381829375405087,0.9990140366453252,2.9928,0.06,0.5,0.3333333333333333,1.0,3.0
n,10000,46,0.5036442414267961,0.3349566219952889,0.9972663506665738,2.9773,0.06,0.5,0.3333333333333333,1.0,3.0
n,10000,47,0.5051809127795849,0.3239287802084537,0.9659880154596298,2.9821,0.06,0.5,0.3333333333333333,1.0,3.0
n,10000,48,0.5133814210597276,0.3229364192981726,0.9580877687738186,2.9668,0.06,0.5,0.3333333333333333,1.0,3.0
n,10000,49,0.4954022988505747,0.33060623837341124,1.0066959958470378,3.045,0.05,0.5,0.3333333333333333,1.0,3.0
n,10000,50,0.49490519373454245,0.3418853448854439,1.0367673083651119,3.0325,0.06,0.5,0.3333333333333333,1.0,3.0
n,10000,51,0.4987242328610757,0.3335205955555663,0.9933910938622539,2.9786,0.05,0.5,0.3333333333333333,1.0,3.0
n,10000,52,0.5027023397898553,0.32960222202071576,0.9818190989553081,2.9789,0.06,0.5,0.3333333333333333,1.0,3.0
n,10000,53,0.5019405781584583,0.33218005320510674,0.9927865250141025,2.9888,0.06,0.5,0.3333333333333333,1.0,3.0
n,10000,54,0.4906852960745176,0.3393386018763054,1.0201177806018291,3.006,0.06,0.5,0.3333333333333333,1.0,3.0
n,10000,55,0.5017150088248027,0.33055936520025836,0.9925720109363912,3.0029,0.06,0.5,0.3333333333333333,1.0,3.0
n,10000,56,0.5067363764327367,0.3340597643302695,0.9967675248086589,2.9838,0.06,0.5,0.3333333333333333,1.0,3.0
n,10000,57,0.4949710963344137,0.33133605841930186,0.9915598139030517,2.9927,0.05,0.5,0.3333333333333333,1.0,3.0
n,10000,58,0.5038241234314472,0.321707836366896,0.9716220073952992,3.0203,0.05,0.5,0.3333333333333333,1.0,3.0
n,10000,59,0.4999668016731957,0.33683648388618304,1.0145552884054367,3.0122,0.04,0.5,0.3333333333333333,1.0,3.0
n,10000,60,0.5002316346790205,0.3366121343772624,1.0171830285604655,3.022,0.06,0.5,0.3333333333333333,1.0,3.0
n,10000,61,0.4950068013669089,0.3359776719118777,1.012670300909589,3.0141,0.05,0.5,0.3333333333333333,1.0,3.0
n,10000,62,0.49673635731089094,0.33923020312559937,1.0238162689503003,3.0181,0.06,0.5,0.3333333333333333,1.0,3.0
n,10000,63,0.5007326983281156,0.3356294007309926,1.0077608386348786,3.0026,0.06,0.5,0.3333333333333333,1.0,3.0
n,10000,64,0.49140689427676065,0.3377601648014032,1.023919939595453,3.0315,0.06,0.5,0.3333333333333333,1.0,3.0
n,10000,65,0.5004816155711297,0.335380518547015,1.009669823469436,3.0107,0.06,0.5,0.3333333333333333,1.0,3.0
n,10000,66,0.49459046860480554,0.3379667718845816,1.0183614770426208,3.0132,0.06,0.5,0.3333333333333333,1.0,3.0
n,10000,67,0.48729648109243695,0.35400170021440214,1.078358752070591,3.0464,0.06,0.5,0.3333333333333333,1.0,3.0
n,10000,68,0.49939927913496196,0.3358019651138905,1.0061534967867725,2.9964,0.05,0.5,0.3333333333333333,1.0,3.0
n,10000,69,0.4887045181927229,0.34198255797401655,1.0263238547358164,3.0012,0.06,0.5,0.3333333333333333,1.0,3.0
n,10000,70,0.4931871939234434,0.33492144721218287,1.005333708096807,3.0017,0.06,0.5,0.3333333333333333,1.0,3.0
n,10000,71,0.5083453672297411,0.3312904344490179,0.9864835266588403,2.9777,0.06,0.5,0.3333333333333333,1.0,3.0
n,10000,72,0.4958729529846804,0.339130713626101,1.0271251923593696,3.0288,0.06,0.5,0.3333333333333333,1.0,3.0
n,10000,73,0.49091868015954115,0.3444737700493489,1.044975232027624,3.0337,0.06,0.5,0.3333333333333333,1.0,3.0
n,10000,74,0.5063413657299246,0.3293858553285165,0.9868729611497683,2.9962,0.06,0.5,0.3333333333333333,1.0,3.0
n,10000,75,0.4944457417353304,0.33841043136475546,1.0144273920294797,2.9977,0.06,0.5,0.3333333333333333,1.0,3.0
n,10000,76,0.5013147821455913,0.33745683419757166,1.0138215669797663,3.0043,0.06,0.5,0.3333333333333333,1.0,3.0
n,10000,77,0.5023168983565023,0.3295760027730015,0.9885961779178951,2.9997,0.06,0.5,0.3333333333333333,1.0,3.0
n,10000,78,0.4963867514218802,0.3400759904575402,1.0164871354775886,2.989,0.06,0.5,0.3333333333333333,1.0,3.0
n,10000,79,0.5025137417884435,0.33063781162441364,0.9864909747626005,2.9836,0.06,0.5,0.3333333333333333,1.0,3.0
n,10000,80,0.5017104910115374,0.3339422186456496,0.9957344458184436,2.9816,0.06,0.5,0.3333333333333333,1.0,3.0
n,10000,81,0.5070101294693768,0.3294410229308598,0.9821625216637724,2.9814,0.06,0.5,0.3333333333333333,1.0,3.0
n,10000,82,0.4991941982272361,0.3329239447321641,0.9915806769902769,2.9784,0.05,0.5,0.3333333333333333,1.0,3.0
n,10000,83,0.49708770178066236,0.3388689599076029,1.0181317900423947,3.0045,0.05,0.5,0.3333333333333333,1.0,3.0
n,10000,84,0.49823451032644905,0.3346432269441199,1.0045989672862479,3.002,0.06,0.5,0.3333333333333333,1.0,3.0
n,10000,85,0.4935163744624545,0.337981738339123,1.02171879499917,3.023,0.06,0.5,0.3333333333333333,1.0,3.0
n,10000,86,0.5017618509407619,0.33444510098385993,1.0060144524308807,3.0082,0.06,0.5,0.3333333333333333,1.0,3.0
n,10000,87,0.4979346475467643,0.33285202594214985,0.9911001924453451,2.9777,0.06,0.5,0.3333333333333333,1.0,3.0
n,10000,88,0.49981609656602133,0.3332689422847767,0.9966461445441676,2.9907,0.06,0.5,0.3333333333333333,1.0,3.0
n,10000,89,0.4970694018915679,0.3344776547050094,1.0042952509282417,3.0028,0.06,0.5,0.3333333333333333,1.0,3.0
n,10000,90,0.4986141258974787,0.33259006964725835,0.9959090680607456,2.9945,0.06,0.5,0.3333333333333333,1.0,3.0
n,10000,91,0.4961852231066486,0.3382707880588676,1.0244504567218007,3.0277,0.06,0.5,0.3333333333333333,1.0,3.0
n,10000,92,0.5034892994815898,0.32900543034763013,0.9900115393445303,3.0092,0.06,0.5,0.3333333333333333,1.0,3.0
n,10000,93,0.4911254272942414,0.34031963569968965,1.0353884596527394,3.0424,0.05,0.5,0.3333333333333333,1.0,3.0
n,10000,94,0.5070214833931025,0.3294306304011413,0.9829844880358324,2.9837,0.06,0.5,0.3333333333333333,1.0,3.0
n,10000,95,0.4916058394160584,0.34064611260015243,1.0266733187656014,3.014,0.06,0.5,0.3333333333333333,1.0,3.0
n,10000,96,0.504685861217309,0.329513723100817,0.9739178508809476,2.9557,0.06,0.5,0.3333333333333333,1.0,3.0
n,10000,97,0.49444150344097404,0.3381226840026955,1.0219420001297481,3.0224,0.06,0.5,0.3333333333333333,1.0,3.0
n,10000,98,0.5049267643142477,0.32802116943014753,0.9853427908512209,3.004,0.05,0.5,0.3333333333333333,1.0,3.0
n,10000,99,0.4990189883941339,0.3284843410543483,0.9877244155007613,3.0071,0.05,0.5,0.3333333333333333,1.0,3.0
n,10000,100,0.49206296493092455,0.33772295840042293,1.0169513723353536,3.0112,0.06,0.5,0.3333333333333333,1.0,3.0
n,100000,1,0.5004863683607388,0.3338547019803007,1.0021783985925472,3.00184,0.10,0.5,0.3333333333333333,1.0,3.0
n,100000,2,0.49957063831770104,0.33323805956771,1.0012004204488012,3.00446,0.09,0.5,0.3333333333333333,1.0,3.0
n,100000,3,0.50096547308181,0.33169390424816236,0.9945941227052422,2.99853,0.09,0.5,0.3333333333333333,1.0,3.0
n,100000,4,0.4987710650769333,0.33433788738153014,1.0038871288032032,3.0026,0.08,0.5,0.3333333333333333,1.0,3.0
n,100000,5,0.4977591138782114,0.33398820111602295,1.0052944657131941,3.00997,0.09,0.5,0.3333333333333333,1.0,3.0
n,100000,6,0.5018434070696162,0.3302287436864593,0.9906466036101371,2.99988,0.09,0.5,0.3333333333333333,1.0,3.0
n,100000,7,0.5004080327492081,0.3326651093813316,0.9987305180357273,3.00221,0.09,0.5,0.3333333333333333,1.0,3.0
n,100000,8,0.49820140283904724,0.3334782128232864,0.9993608386245693,2.99678,0.09,0.5,0.3333333333333333,1.0,3.0
n,100000,9,0.4999450258378562,0.3354438935290861,1.006804656477134,3.00141,0.09,0.5,0.3333333333333333,1.0,3.0
n,100000,10,0.5001035265829549,0.33268704156545337,0.9961980772635936,2.9944,0.10,0.5,0.3333333333333333,1.0,3.0
n,100000,11,0.49827458262203544,0.33514987989988526,1.007146647976763,3.00507,0.09,0.5,0.3333333333333333,1.0,3.0
n,100000,12,0.49993505347264083,0.3337398297289812,1.00204382656637,3.00247,0.09,0.5,0.3333333333333333,1.0,3.0
n,100000,13,0.5012554005595882,0.3322891091300539,0.9952258191910591,2.99506,0.09,0.5,0.3333333333333333,1.0,3.0
n,100000,14,0.5003847960580892,0.33362677694836856,1.0014040867449885,3.00159,0.08,0.5,0.3333333333333333,1.0,3.0
n,100000,15,0.5004752550535454,0.3339867268057888,1.0014224617872087,2.99839,0.09,0.5,0.3333333333333333,1.0,3.0
n,100000,16,0.4985687831831193,0.3336190924314251,1.0034965501705226,3.00793,0.08,0.5,0.3333333333333333,1.0,3.0
n,100000,17,0.503097980303789,0.33005332673665116,0.988667217528486,2.9955,0.09,0.5,0.3333333333333333,1.0,3.0
n,100000,18,0.5011256941780765,0.3335494397180327,1.0000312526906205,2.99815,0.09,0.5,0.3333333333333333,1.0,3.0
n,100000,19,0.4990373148746511,0.333544586559418,1.0013041842972374,3.00202,0.08,0.5,0.3333333333333333,1.0,3.0
n,100000,20,0.5005699924001014,0.3343104323289436,1.0029446694041262,3.00004,0.09,0.5,0.3333333333333333,1.0,3.0
n,100000,21,0.4994605610165428,0.33437828046281365,1.0041781016234832,3.00312,0.09,0.5,0.3333333333333333,1.0,3.0
n,100000,22,0.498996720174924,0.333849190810926,1.0016010504781352,3.00016,0.09,0.5,0.3333333333333333,1.0,3.0
n,100000,23,0.4989563396530913,0.335224213467645,1.0053575296422754,2.99906,0.09,0.5,0.3333333333333333,1.0,3.0
n,100000,24,0.5001569051625137,0.3315939083626698,0.9932696568658755,2.99544,0.09,0.5,0.3333333333333333,1.0,3.0
n,100000,25,0.4989987171584226,0.33526274295872716,1.0061704284031525,3.00115,0.09,0.5,0.3333333333333333,1.0,3.0
n,100000,26,0.4991654872219403,0.33425194190231367,1.0013352549538554,2.99576,0.08,0.5,0.3333333333333333,1.0,3.0
n,100000,27,0.5015033675432969,0.33212216699690084,0.9941346400284834,2.99328,0.09,0.5,0.3333333333333333,1.0,3.0
n,100000,28,0.5002976081614466,0.3313044187878007,0.9963317786205546,3.00731,0.09,0.5,0.3333333333333333,1.0,3.0
n,100000,29,0.5033875723344363,0.3312273287399987,0.9919446038618045,2.99477,0.08,0.5,0.3333333333333333,1.0,3.0
n,100000,30,0.5010298027237367,0.3334166090939643,1.0020561852350607,3.00543,0.08,0.5,0.3333333333333333,1.0,3.0
n,100000,31,0.5007105163085175,0.33340997790039806,0.9994951640717704,2.99782,0.08,0.5,0.3333333333333333,1.0,3.0
n,100000,32,0.5003670141066877,0.33318665456031854,0.9986137135820042,2.99716,0.09,0.5,0.3333333333333333,1.0,3.0
n,100000,33,0.49869900551381785,0.3324575577379656,0.9978885128022563,3.00155,0.09,0.5,0.3333333333333333,1.0,3.0
n,100000,34,0.5004137139501675,0.3318722250709059,0.9947024807903055,2.99724,0.09,0.5,0.3333333333333333,1.0,3.0
n,100000,35,0.4976150663850935,0.33683256059407024,1.0112286084386968,3.00218,0.08,0.5,0.3333333333333333,1.0,3.0
n,100000,36,0.5022565506583133,0.33259773345119137,0.9985761090251323,3.00237,0.08,0.5,0.3333333333333333,1.0,3.0
n,100000,37,0.5025999420384478,0.32961519265180955,0.9894879571639185,3.00199,0.09,0.5,0.3333333333333333,1.0,3.0
n,100000,38,0.5026858655698409,0.3305404439750852,0.9900677918385729,2.99531,0.10,0.5,0.3333333333333333,1.0,3.0
n,100000,39,0.5010999633345555,0.3335219561992529,1.0005958855738166,3.0001,0.09,0.5,0.3333333333333333,1.0,3.0
n,100000,40,0.49803389694954114,0.3343721771261529,1.0034040914507902,3.00086,0.08,0.5,0.3333333333333333,1.0,3.0
n,100000,41,0.4989920897339516,0.33385765499018705,1.003644373616112,3.00622,0.09,0.5,0.3333333333333333,1.0,3.0
n,100000,42,0.49902534761492917,0.3339419582986419,1.0038963150373783,3.0062,0.09,0.5,0.3333333333333333,1.0,3.0
n,100000,43,0.4974222346398446,0.3365880018799278,1.0119450958919596,3.00648,0.09,0.5,0.3333333333333333,1.0,3.0
n,100000,44,0.4978838373083475,0.3365095627650196,1.0113559999930175,3.00544,0.09,0.5,0.3333333333333333,1.0,3.0
n,100000,45,0.5008003361411792,0.3311787649178196,0.9931158603011241,2.99874,0.09,0.5,0.3333333333333333,1.0,3.0
n,100000,46,0.4994012055727801,0.33356075380214806,1.0026969683594091,3.00604,0.09,0.5,0.3333333333333333,1.0,3.0
n,100000,47,0.49911167006028667,0.3347970388873251,1.006275313876888,3.00564,0.09,0.5,0.3333333333333333,1.0,3.0
n,100000,48,0.5005159271710549,0.33510457312726855,1.0067546690462534,3.0043,0.08,0.5,0.3333333333333333,1.0,3.0
n,100000,49,0.5001277758049046,0.3316978535937612,0.9994354856848251,3.01309,0.09,0.5,0.3333333333333333,1.0,3.0
n,100000,50,0.5007574898055888,0.33256392129694545,0.996606386125442,2.99674,0.09,0.5,0.3333333333333333,1.0,3.0
n,100000,51,0.5006082866980198,0.3334913441438077,1.0005474005271346,3.00023,0.08,0.5,0.3333333333333333,1.0,3.0
n,100000,52,0.4988837763294041,0.33379699943161883,1.0032836272816343,3.00567,0.09,0.5,0.3333333333333333,1.0,3.0
n,100000,53,0.4996431549107887,0.3347887837145683,1.0038640346832088,2.9985,0.09,0.5,0.3333333333333333,1.0,3.0
n,100000,54,0.5005480514098957,0.33344913352620975,0.9978133684698077,2.99242,0.10,0.5,0.3333333333333333,1.0,3.0
n,100000,55,0.495892501658925,0.3371995105610986,1.0163193248311515,3.014,0.09,0.5,0.3333333333333333,1.0,3.0
n,100000,56,0.500768259524748,0.33236502424019687,0.9950277622698172,2.99378,0.09,0.5,0.3333333333333333,1.0,3.0
n,100000,57,0.49729130755971435,0.33512629285926215,1.007101427723083,3.00514,0.09,0.5,0.3333333333333333,1.0,3.0
n,100000,58,0.49961726883037355,0.3323395574364627,0.9985873150204884,3.00472,0.09,0.5,0.3333333333333333,1.0,3.0
n,100000,59,0.5004857075139453,0.33532642431358634,1.0045093717284632,2.99563,0.09,0.5,0.3333333333333333,1.0,3.0
n,100000,60,0.4996901156901423,0.3322815053193433,0.9972166712439846,3.00112,0.10,0.5,0.3333333333333333,1.0,3.0
n,100000,61,0.49864708541644504,0.3356301143503735,1.0096772309843831,3.00832,0.08,0.5,0.3333333333333333,1.0,3.0
n,100000,62,0.4976542079413968,0.33492222334829885,1.0058551672707785,3.00325,0.09,0.5,0.3333333333333333,1.0,3.0
n,100000,63,0.4976492681432548,0.3353565636066836,1.0071830746112216,3.00332,0.09,0.5,0.3333333333333333,1.0,3.0
n,100000,64,0.4997996299833693,0.33201880911693965,0.9942170431483119,2.99446,0.10,0.5,0.3333333333333333,1.0,3.0
n,100000,65,0.5003675758041556,0.3321260508120274,0.9939137771390564,2.99258,0.08,0.5,0.3333333333333333,1.0,3.0
n,100000,66,0.5012402894008602,0.3300439637567462,0.9898975600559708,2.9993,0.09,0.5,0.3333333333333333,1.0,3.0
n,100000,67,0.49993520152326265,0.33201903643512903,0.9991548469153272,3.00933,0.09,0.5,0.3333333333333333,1.0,3.0
n,100000,68,0.5001115963609593,0.3329585202403564,0.999497002264586,3.00189,0.08,0.5,0.3333333333333333,1.0,3.0
n,100000,69,0.49841769519252205,0.3330329467216246,1.000792905342379,3.00511,0.08,0.5,0.3333333333333333,1.0,3.0
n,100000,70,0.4983626476704866,0.3361599506249939,1.0070310024877889,2.99569,0.09,0.5,0.3333333333333333,1.0,3.0
n,100000,71,0.4991463157929908,0.3344691559315657,1.0010360814791408,2.99291,0.09,0.5,0.3333333333333333,1.0,3.0
n,100000,72,0.49934707412785384,0.3330532712209233,1.002330480804795,3.00953,0.09,0.5,0.3333333333333333,1.0,3.0
n,100000,73,0.5006573276220716,0.3339293583039662,1.003320810666512,3.00459,0.09,0.5,0.3333333333333333,1.0,3.0
n,100000,74,0.4990637265681747,0.3357904926787624,1.0077881842334702,3.00126,0.09,0.5,0.3333333333333333,1.0,3.0
n,100000,75,0.5003017984519907,0.3319628349610495,0.9954503139409996,2.99869,0.09,0.5,0.3333333333333333,1.0,3.0
n,100000,76,0.49910843845568925,0.33364074093086477,1.0047846984250393,3.01157,0.09,0.5,0.3333333333333333,1.0,3.0
n,100000,77,0.500337286620521,0.33211938100277644,0.9994691958519599,3.00931,0.08,0.5,0.3333333333333333,1.0,3.0
n,100000,78,0.5003050132172394,0.3340817238018667,1.0021983999642683,2.99987,0.09,0.5,0.3333333333333333,1.0,3.0
n,100000,79,0.497632968533973,0.3358846483019423,1.0082047957290412,3.00165,0.09,0.5,0.3333333333333333,1.0,3.0
n,100000,80,0.5023237942498204,0.3313148272978671,0.9916087123611512,2.99295,0.10,0.5,0.3333333333333333,1.0,3.0
n,100000,81,0.4984788611852179,0.3346285008998551,1.0009570450430185,2.99118,0.09,0.5,0.3333333333333333,1.0,3.0
n,100000,82,0.5001003371327661,0.3348263164271298,1.0011039000118076,2.98992,0.09,0.5,0.3333333333333333,1.0,3.0
n,100000,83,0.49971967482279445,0.3334030088433565,0.9990487840592946,2.99652,0.09,0.5,0.3333333333333333,1.0,3.0
n,100000,84,0.5011313838207115,0.3323926318213581,0.9974242202475545,3.00075,0.09,0.5,0.3333333333333333,1.0,3.0
n,100000,85,0.49863782905254184,0.3350987685068371,1.0061541583678897,3.00256,0.08,0.5,0.3333333333333333,1.0,3.0
n,100000,86,0.4991569476841053,0.33408348219990397,1.0025785022535778,3.001,0.09,0.5,0.3333333333333333,1.0,3.0
n,100000,87,0.5012358757062146,0.33265951592818704,0.9986143187254601,3.00192,0.09,0.5,0.3333333333333333,1.0,3.0
n,100000,88,0.501476302512047,0.332008627107477,0.9962715677064905,3.00074,0.09,0.5,0.3333333333333333,1.0,3.0
n,100000,89,0.5021902388411251,0.3307738846800703,0.991458334201196,2.99739,0.09,0.5,0.3333333333333333,1.0,3.0
n,100000,90,0.5007329689080934,0.3328559743636465,0.9967938007475815,2.99467,0.09,0.5,0.3333333333333333,1.0,3.0
n,100000,91,0.5017325733800689,0.3333032682291965,0.9993801698548777,2.99843,0.09,0.5,0.3333333333333333,1.0,3.0
n,100000,92,0.5008147836482272,0.3347052897187636,1.0023254421081704,2.99466,0.09,0.5,0.3333333333333333,1.0,3.0
n,100000,93,0.4982896313057367,0.333291230067021,1.0016068045974091,3.0052,0.08,0.5,0.3333333333333333,1.0,3.0
n,100000,94,0.5010116996554211,0.33210006009722515,0.9946228635011908,2.99496,0.08,0.5,0.3333333333333333,1.0,3.0
n,100000,95,0.4994063619324587,0.334584412876549,1.0032327159296444,2.99846,0.09,0.5,0.3333333333333333,1.0,3.0
n,100000,96,0.5033166663319879,0.33000499060770533,0.9860327185888529,2.98794,0.09,0.5,0.3333333333333333,1.0,3.0
n,100000,97,0.5012528742899547,0.33224891406275203,0.9984386836910306,3.00509,0.09,0.5,0.3333333333333333,1.0,3.0
n,100000,98,0.5013070849338455,0.32958660894561725,0.9884401278261747,2.99904,0.08,0.5,0.3333333333333333,1.0,3.0
n,100000,99,0.5016822192598235,0.33122556035737066,0.9913812879388353,2.99307,0.09,0.5,0.3333333333333333,1.0,3.0
n,100000,100,0.5011606499639798,0.3317025458368662,0.9945470602081345,2.99832,0.09,0.5,0.3333333333333333,1.0,3.0
n,1000000,1,0.5002505894604373,0.3339589820315546,1.0015189840970111,2.998929,0.33,0.5,0.3333333333333333,1.0,3.0
n,1000000,2,0.5002957936607451,0.33341005964844167,0.9998005208313298,2.998712,0.33,0.5,0.3333333333333333,1.0,3.0
n,1000000,3,0.500270021241671,0.3326925409572777,0.9979987747396262,2.999764,0.33,0.5,0.3333333333333333,1.0,3.0
n,1000000,4,0.5001532574461606,0.3326779641335143,0.997442723658278,2.998223,0.33,0.5,0.3333333333333333,1.0,3.0
n,1000000,5,0.4999871662174843,0.33336922026481597,1.0000723236570994,2.999895,0.33,0.5,0.3333333333333333,1.0,3.0
n,1000000,6,0.5006418635048081,0.33237713482923015,0.9968252851465129,2.99908,0.33,0.5,0.3333333333333333,1.0,3.0
n,1000000,7,0.5003912737452483,0.33292492009288854,0.9985014289192694,2.999179,0.34,0.5,0.3333333333333333,1.0,3.0
n,1000000,8,0.4999748403696433,0.33313857425109306,0.9996952260170815,3.000839,0.32,0.5,0.3333333333333333,1.0,3.0
n,1000000,9,0.4999203427859894,0.33360082092657717,1.0009208910711604,3.000356,0.33,0.5,0.3333333333333333,1.0,3.0
n,1000000,10,0.500162888801245,0.33352805277559927,1.001267223778883,3.002048,0.33,0.5,0.3333333333333333,1.0,3.0
n,1000000,11,0.49910307598641657,0.3344258967261055,1.004108404105793,3.002484,0.33,0.5,0.3333333333333333,1.0,3.0
n,1000000,12,0.5004752859639997,0.33272809988728713,0.9972336954804829,2.997143,0.32,0.5,0.3333333333333333,1.0,3.0
n,1000000,13,0.4990899313036326,0.33409182881643495,1.0033002913037414,3.00307,0.32,0.5,0.3333333333333333,1.0,3.0
n,1000000,14,0.5006075625789457,0.3324843135455614,0.9973502029837973,2.999691,0.33,0.5,0.3333333333333333,1.0,3.0
n,1000000,15,0.5000682287775972,0.3334628154190245,0.9994774258453454,2.997269,0.34,0.5,0.3333333333333333,1.0,3.0
n,1000000,16,0.49979136935689106,0.33307149567167715,0.9993869157776444,3.000518,0.33,0.5,0.3333333333333333,1.0,3.0
n,1000000,17,0.5000914816731715,0.33322011217812714,0.9998603088539813,3.000601,0.34,0.5,0.3333333333333333,1.0,3.0
n,1000000,18,0.5011293745123307,0.33243631012300856,0.9965364061113139,2.997677,0.32,0.5,0.3333333333333333,1.0,3.0
n,1000000,19,0.5000591452757919,0.33388070604750525,1.0020043787085762,3.001085,0.33,0.5,0.3333333333333333,1.0,3.0
n,1000000,20,0.5005219307571862,0.33261609494663547,0.9979806660456958,3.000398,0.33,0.5,0.3333333333333333,1.0,3.0
n,1000000,21,0.49908558772346145,0.33366220737804964,1.0018122708418997,3.002475,0.32,0.5,0.3333333333333333,1.0,3.0
n,1000000,22,0.49944820983815374,0.3329668061205315,0.999581440079984,3.002047,0.32,0.5,0.3333333333333333,1.0,3.0
n,1000000,23,0.5004226844194123,0.33316252728428547,0.999445603374419,2.999874,0.33,0.5,0.3333333333333333,1.0,3.0
n,1000000,24,0.5002446552494217,0.33385890601674556,1.001623458297079,3.00014,0.34,0.5,0.3333333333333333,1.0,3.0
n,1000000,25,0.4996144143411882,0.3336256088205355,1.001519389384195,3.001927,0.33,0.5,0.3333333333333333,1.0,3.0
n,1000000,26,0.49969598557540773,0.3335223823894262,0.9999711426709487,2.998213,0.32,0.5,0.3333333333333333,1.0,3.0
n,1000000,27,0.49989126036398635,0.3336854478054444,1.0019189202989056,3.002585,0.32,0.5,0.3333333333333333,1.0,3.0
n,1000000,28,0.5003043765548041,0.33360630974544747,1.000676812948391,2.999574,0.34,0.5,0.3333333333333333,1.0,3.0
n,1000000,29,0.5014297201618904,0.3324339110369959,0.996334005282632,2.99709,0.32,0.5,0.3333333333333333,1.0,3.0
n,1000000,30,0.5002078849825153,0.33274695084245987,0.9995934688825544,3.004065,0.33,0.5,0.3333333333333333,1.0,3.0
n,1000000,31,0.5003213647344646,0.33340174324097965,0.9995884364979434,2.998151,0.33,0.5,0.3333333333333333,1.0,3.0
n,1000000,32,0.4988906435333395,0.3339758019744811,1.0026583749702347,3.002191,0.33,0.5,0.3333333333333333,1.0,3.0
n,1000000,33,0.49912392866728794,0.33354369920765137,1.0003592595080997,2.999185,0.32,0.5,0.3333333333333333,1.0,3.0
n,1000000,34,0.500311668196937,0.33329490011652174,0.9993450959062766,2.998381,0.33,0.5,0.3333333333333333,1.0,3.0
n,1000000,35,0.5002046265274028,0.33360693113426304,1.000201952545538,2.998145,0.33,0.5,0.3333333333333333,1.0,3.0
n,1000000,36,0.499563078063386,0.3341035457794175,1.0024893827352406,3.000536,0.32,0.5,0.3333333333333333,1.0,3.0
n,1000000,37,0.49984911256202874,0.3323471626612105,0.9977847931761434,3.002238,0.32,0.5,0.3333333333333333,1.0,3.0
n,1000000,38,0.5001382276250493,0.3341277558651368,1.001940882446645,2.998677,0.33,0.5,0.3333333333333333,1.0,3.0
n,1000000,39,0.5006366088477614,0.33296602164898,0.9974196958108175,2.99556,0.32,0.5,0.3333333333333333,1.0,3.0
n,1000000,40,0.49997501221069973,0.3332713074089885,1.000302497963627,3.001466,0.33,0.5,0.3333333333333333,1.0,3.0
n,1000000,41,0.49965207051370925,0.3337645450120831,1.0014965638796163,3.000608,0.32,0.5,0.3333333333333333,1.0,3.0
n,1000000,42,0.49977828218165005,0.33340823916226797,1.000745647919179,3.001563,0.32,0.5,0.3333333333333333,1.0,3.0
n,1000000,43,0.49964799433329127,0.33359288877414434,1.0021839240340005,3.004213,0.33,0.5,0.3333333333333333,1.0,3.0
n,1000000,44,0.49975471207933786,0.33384043383151674,1.001025761355393,2.998517,0.33,0.5,0.3333333333333333,1.0,3.0
n,1000000,45,0.49983705581030297,0.3336778042576955,1.0003523763745965,2.997959,0.33,0.5,0.3333333333333333,1.0,3.0
n,1000000,46,0.4998782089281686,0.33323567506543605,1.0000539235340486,3.001041,0.32,0.5,0.3333333333333333,1.0,3.0
n,1000000,47,0.4988073250232538,0.3348958043434461,1.0052416655865262,3.001656,0.32,0.5,0.3333333333333333,1.0,3.0
n,1000000,48,0.49997116481160286,0.3339453509287812,1.0017716013336124,2.999807,0.34,0.5,0.3333333333333333,1.0,3.0
n,1000000,49,0.5004092416632008,0.3327993836535103,0.9986217921463457,3.000672,0.34,0.5,0.3333333333333333,1.0,3.0
n,1000000,50,0.4992439656393464,0.33443211167756015,1.0034716980043423,3.000525,0.33,0.5,0.3333333333333333,1.0,3.0
n,1000000,51,0.5007812122051271,0.3321297050838817,0.9954807405082404,2.997265,0.32,0.5,0.3333333333333333,1.0,3.0
n,1000000,52,0.5003799104551557,0.33271544623768357,0.9979436592074927,2.999391,0.33,0.5,0.3333333333333333,1.0,3.0
n,1000000,53,0.5001404944270544,0.3338564699115909,1.0016091386546901,3.000119,0.32,0.5,0.3333333333333333,1.0,3.0
n,1000000,54,0.4986836071430476,0.3346062315029114,1.0040271541909636,3.000624,0.33,0.5,0.3333333333333333,1.0,3.0
n,1000000,55,0.5002188606909197,0.3329857636524118,0.9988320883100972,2.999625,0.33,0.5,0.3333333333333333,1.0,3.0
n,1000000,56,0.5001378480830783,0.33307001182520074,0.9991031200018065,2.999679,0.33,0.5,0.3333333333333333,1.0,3.0
n,1000000,57,0.4992024062106681,0.3338901989439801,1.0019712669288932,3.000901,0.32,0.5,0.3333333333333333,1.0,3.0
n,1000000,58,0.4999048471939254,0.3335405696906178,1.0007668219800312,3.000437,0.33,0.5,0.3333333333333333,1.0,3.0
n,1000000,59,0.49983265138215954,0.3338386882201454,1.001424592859856,2.999726,0.33,0.5,0.3333333333333333,1.0,3.0
n,1000000,60,0.49991980940980724,0.33337055238215985,0.9998132905021001,2.999105,0.32,0.5,0.3333333333333333,1.0,3.0
n,1000000,61,0.49956600026779413,0.334206544859517,1.003390362093851,3.002306,0.32,0.5,0.3333333333333333,1.0,3.0
n,1000000,62,0.4992117019210623,0.333643432266854,1.001609928472096,3.002037,0.33,0.5,0.3333333333333333,1.0,3.0
n,1000000,63,0.5002439048770979,0.3329889175717993,0.9993560910584348,3.00117,0.32,0.5,0.3333333333333333,1.0,3.0
n,1000000,64,0.5000963153544672,0.3335156846500054,1.0007338227334166,3.00056,0.33,0.5,0.3333333333333333,1.0,3.0
n,1000000,65,0.49989763288551886,0.3329018907335416,0.9983760993287984,2.99901,0.32,0.5,0.3333333333333333,1.0,3.0
n,1000000,66,0.5007576181977756,0.33250659560267354,0.9971447748166298,2.998872,0.34,0.5,0.3333333333333333,1.0,3.0
n,1000000,67,0.49955575840053035,0.33369468665815805,1.0016657508979239,3.001745,0.33,0.5,0.3333333333333333,1.0,3.0
n,1000000,68,0.5001881758872851,0.33267757637068723,0.9979834928307588,2.999853,0.33,0.5,0.3333333333333333,1.0,3.0
n,1000000,69,0.5006100431417438,0.3325521652817576,0.9967679164596396,2.997329,0.32,0.5,0.3333333333333333,1.0,3.0
n,1000000,70,0.4996258953100103,0.33333529861190125,1.0001715634791104,3.000497,0.32,0.5,0.3333333333333333,1.0,3.0
n,1000000,71,0.49975544648009523,0.33352724903398784,1.0010441488756125,3.001388,0.34,0.5,0.3333333333333333,1.0,3.0
n,1000000,72,0.5000453269271277,0.3333863286627154,1.0003000841176104,3.000424,0.32,0.5,0.3333333333333333,1.0,3.0
n,1000000,73,0.5008655033474688,0.33292794697617806,0.9983949810864645,2.998833,0.32,0.5,0.3333333333333333,1.0,3.0
n,1000000,74,0.49919219549901794,0.3345055761440385,1.0039663846623426,3.001345,0.33,0.5,0.3333333333333333,1.0,3.0
n,1000000,75,0.499836450870641,0.33387143241686607,1.0023337461041324,3.002156,0.33,0.5,0.3333333333333333,1.0,3.0
n,1000000,76,0.4993293334029899,0.33329880418235114,1.0016359788952853,3.005219,0.32,0.5,0.3333333333333333,1.0,3.0
n,1000000,77,0.4990273018496091,0.33430589769487423,1.0034007651067893,3.001445,0.33,0.5,0.3333333333333333,1.0,3.0
n,1000000,78,0.5011798996384178,0.3323349523499666,0.9953996792300496,2.99517,0.33,0.5,0.3333333333333333,1.0,3.0
n,1000000,79,0.49909513654651283,0.3343042054345694,1.002509054797109,2.998795,0.33,0.5,0.3333333333333333,1.0,3.0
n,1000000,80,0.4994080152240833,0.333914301465689,1.0026144021687096,3.002611,0.32,0.5,0.3333333333333333,1.0,3.0
n,1000000,81,0.49896531332939104,0.33384997912710535,1.001530287428002,2.999942,0.33,0.5,0.3333333333333333,1.0,3.0
n,1000000,82,0.5005469921105689,0.3333076317812006,0.9990232980454263,2.997301,0.32,0.5,0.3333333333333333,1.0,3.0
n,1000000,83,0.499658393532651,0.3332302867066424,0.9993792898018566,2.999065,0.33,0.5,0.3333333333333333,1.0,3.0
n,1000000,84,0.4990361064970623,0.3339412827715866,1.001588085769122,2.999294,0.33,0.5,0.3333333333333333,1.0,3.0
n,1000000,85,0.500954744955753,0.33235634265106784,0.9969868221685549,2.999754,0.34,0.5,0.3333333333333333,1.0,3.0
n,1000000,86,0.4994379900097477,0.3331886027518627,1.0001401428728558,3.001726,0.33,0.5,0.3333333333333333,1.0,3.0
n,1000000,87,0.5002904633048025,0.33322279666993515,0.9997946814497434,3.000379,0.33,0.5,0.3333333333333333,1.0,3.0
n,1000000,88,0.4996112025613009,0.3332666629680517,1.0007490638196346,3.002849,0.34,0.5,0.3333333333333333,1.0,3.0
n,1000000,89,0.5005334838176575,0.33230937372120367,0.9969583613166197,3.000091,0.33,0.5,0.3333333333333333,1.0,3.0
n,1000000,90,0.4996884880587089,0.333805824790305,1.0013787528952394,2.999885,0.33,0.5,0.3333333333333333,1.0,3.0
n,1000000,91,0.5003860252203144,0.3325989707532037,0.99773165104252,2.999804,0.34,0.5,0.3333333333333333,1.0,3.0
n,1000000,92,0.5002064787326905,0.33319351466131997,0.9996829386130642,3.000309,0.33,0.5,0.3333333333333333,1.0,3.0
n,1000000,93,0.49895870652320623,0.33452058607003854,1.0037607979588274,3.000595,0.32,0.5,0.3333333333333333,1.0,3.0
n,1000000,94,0.5006292549721144,0.333273274079435,0.9996791809166435,2.999579,0.32,0.5,0.3333333333333333,1.0,3.0
n,1000000,95,0.4998950960663193,0.33382824606222006,1.000810405129621,2.997981,0.33,0.5,0.3333333333333333,1.0,3.0
n,1000000,96,0.5003324460329274,0.3335625948885161,1.000850229649259,3.000487,0.32,0.5,0.3333333333333333,1.0,3.0
n,1000000,97,0.49976745666942607,0.3336711946081426,1.0008267279554466,2.999441,0.32,0.5,0.3333333333333333,1.0,3.0
n,1000000,98,0.5006121012585603,0.33278537542561876,0.9976472934271997,2.99787,0.34,0.5,0.3333333333333333,1.0,3.0
n,1000000,99,0.5000953683653129,0.333017596629263,0.9986852626546079,2.998898,0.33,0.5,0.3333333333333333,1.0,3.0
n,1000000,100,0.49958333583132,0.3341742893820014,1.0033303971091065,3.002418,0.34,0.5,0.3333333333333333,1.0,3.0
n,10000000,1,0.4999221888345827,0.3333451472173983,1.0001061441579198,3.0002121,2.67,0.5,0.3333333333333333,1.0,3.0
n,10000000,2,0.4998098104218288,0.333539732148736,1.0004986175209214,2.9996386,2.65,0.5,0.3333333333333333,1.0,3.0
n,10000000,3,0.500200838782759,0.33303814001551924,0.9990873107419607,2.9999186,2.67,0.5,0.3333333333333333,1.0,3.0
n,10000000,4,0.5000005666837806,0.3333132961122669,0.9999096901521731,2.9999094,2.64,0.5,0.3333333333333333,1.0,3.0
n,10000000,5,0.5003285645604274,0.3330957918144402,0.99914171265356,2.9995627,2.64,0.5,0.3333333333333333,1.0,3.0
n,10000000,6,0.5002018213034665,0.33316490569442975,0.9991415955997439,2.9989401,2.64,0.5,0.3333333333333333,1.0,3.0
n,10000000,7,0.5000873945513549,0.3333877921161342,0.9998442057789851,2.9990428,2.68,0.5,0.3333333333333333,1.0,3.0
n,10000000,8,0.5000755606570757,0.33352189201083576,1.0006452543559496,3.0002386,2.63,0.5,0.3333333333333333,1.0,3.0
n,10000000,9,0.49985454278805214,0.3333326308181518,1.000062892317473,3.000195,2.63,0.5,0.3333333333333333,1.0,3.0
n,10000000,10,0.49993982329613357,0.33348685369324016,1.0005707458023327,3.0003305,2.66,0.5,0.3333333333333333,1.0,3.0
n,10000000,11,0.4999829813404483,0.33350553068668914,1.000399605885442,2.9996487,2.66,0.5,0.3333333333333333,1.0,3.0
n,10000000,12,0.49997023492278847,0.33333609500309375,1.0000616854517008,3.0001602,2.64,0.5,0.3333333333333333,1.0,3.0
n,10000000,13,0.5000203142648434,0.3331934001835167,0.9996983842495992,3.0003547,2.63,0.5,0.3333333333333333,1.0,3.0
n,10000000,14,0.49990274564573456,0.33349501113735663,1.0006116274327825,3.0003798,2.63,0.5,0.3333333333333333,1.0,3.0
n,10000000,15,0.5000466121592708,0.33343515175746086,1.0004021169141932,3.0002901,2.64,0.5,0.3333333333333333,1.0,3.0
n,10000000,16,0.5001982953830828,0.3330201645359093,0.9990000372667767,2.9998177,2.65,0.5,0.3333333333333333,1.0,3.0
n,10000000,17,0.4999192933275096,0.3335086040153447,1.0006497104924277,3.0003715,2.66,0.5,0.3333333333333333,1.0,3.0
n,10000000,18,0.5002175297982154,0.33309188267141837,0.9992153250743033,2.9998189,2.64,0.5,0.3333333333333333,1.0,3.0
n,10000000,19,0.49983364948762277,0.3335392824957865,1.0008152693886792,3.0005919,2.65,0.5,0.3333333333333333,1.0,3.0
n,10000000,20,0.4999444889899053,0.33338001812909257,1.0002419686588075,3.0003057,2.65,0.5,0.3333333333333333,1.0,3.0
n,10000000,21,0.5002256891904479,0.3332125494101528,0.9995378843931785,2.9997006,2.63,0.5,0.3333333333333333,1.0,3.0
n,10000000,22,0.5001028608719476,0.3329887239271756,0.9991842540323168,3.0006551,2.64,0.5,0.3333333333333333,1.0,3.0
n,10000000,23,0.500237792385109,0.33298420086859787,0.9987045293761466,2.999255,2.66,0.5,0.3333333333333333,1.0,3.0
n,10000000,24,0.500044402086898,0.3332663526256367,0.9997520673211878,2.999859,2.64,0.5,0.3333333333333333,1.0,3.0
n,10000000,25,0.49990358801574203,0.3335857860604199,1.0008059350489542,3.0001457,2.68,0.5,0.3333333333333333,1.0,3.0
n,10000000,26,0.4997408555370534,0.3336275968441001,1.0009041760612376,3.0000641,2.66,0.5,0.3333333333333333,1.0,3.0
n,10000000,27,0.4997351387296105,0.3338141242585746,1.0015257929253847,3.0002499,2.69,0.5,0.3333333333333333,1.0,3.0
n,10000000,28,0.5001322283351023,0.33327847979018355,0.9998731736306973,3.0001134,2.68,0.5,0.3333333333333333,1.0,3.0
n,10000000,29,0.5002025755823986,0.3332714959535803,0.9995236751533682,2.9991275,2.64,0.5,0.3333333333333333,1.0,3.0
n,10000000,30,0.49995892508291717,0.3332459495306439,0.9999426948770996,3.0006147,2.62,0.5,0.3333333333333333,1.0,3.0
n,10000000,31,0.5000853816626988,0.3332716582097154,0.9998345043483198,3.0000587,2.65,0.5,0.3333333333333333,1.0,3.0
n,10000000,32,0.49984086381793286,0.3335957968613038,1.0006646026908945,2.9996321,2.64,0.5,0.3333333333333333,1.0,3.0
n,10000000,33,0.5000521266732504,0.3334066226424855,1.0000278590534766,2.9994241,2.64,0.5,0.3333333333333333,1.0,3.0
n,10000000,34,0.5000295872635082,0.333280470454207,0.9997085647914061,2.9996015,2.65,0.5,0.3333333333333333,1.0,3.0
n,10000000,35,0.50021820695929,0.3332652904950523,0.999534858109642,2.9992169,2.66,0.5,0.3333333333333333,1.0,3.0
n,10000000,36,0.4998375027734182,0.3334743358732559,1.0005426357094913,3.0003589,2.62,0.5,0.3333333333333333,1.0,3.0
n,10000000,37,0.5001716440210344,0.33328343607263333,0.9997880508720212,2.9998132,2.67,0.5,0.3333333333333333,1.0,3.0
n,10000000,38,0.5000309937048601,0.3333156392733865,0.999612268918336,2.9989961,2.63,0.5,0.3333333333333333,1.0,3.0
n,10000000,39,0.4999153130192118,0.33324922542665225,0.9999013708227236,3.0004612,2.66,0.5,0.3333333333333333,1.0,3.0
n,10000000,40,0.5000591205430036,0.3332275612873131,0.9996171380006341,2.9998033,2.65,0.5,0.3333333333333333,1.0,3.0
n,10000000,41,0.5000428543382875,0.3332374900871935,0.999611274858277,2.9996963,2.64,0.5,0.3333333333333333,1.0,3.0
n,10000000,42,0.49980527861254664,0.3336208784164508,1.0010952841476133,3.0006976,2.64,0.5,0.3333333333333333,1.0,3.0
n,10000000,43,0.5002589738807867,0.3329246339344288,0.9988103570507009,3.0001095,2.65,0.5,0.3333333333333333,1.0,3.0
n,10000000,44,0.5000180361662139,0.33333373511029973,0.9998441175461229,2.9995288,2.63,0.5,0.3333333333333333,1.0,3.0
n,10000000,45,0.49972626738202125,0.3336983171793284,1.0011585210674134,3.0001905,2.64,0.5,0.3333333333333333,1.0,3.0
n,10000000,46,0.4999554619070291,0.3332961374881063,0.9997815577226388,2.9996794,2.64,0.5,0.3333333333333333,1.0,3.0
n,10000000,47,0.4998322337545686,0.3336247764835315,1.0010756582078035,3.0006036,2.65,0.5,0.3333333333333333,1.0,3.0
n,10000000,48,0.49994036867794206,0.33338972089576085,0.9999233322915396,2.9992627,2.66,0.5,0.3333333333333333,1.0,3.0
n,10000000,49,0.4998646877122378,0.3336151697716905,1.0010011579943252,3.0004666,2.64,0.5,0.3333333333333333,1.0,3.0
n,10000000,50,0.49981671603739175,0.3334259399282306,1.0002743836536212,2.9999897,2.63,0.5,0.3333333333333333,1.0,3.0
n,10000000,51,0.4999685995583005,0.33333761333794637,0.9999987731665563,2.9999578,2.67,0.5,0.3333333333333333,1.0,3.0
n,10000000,52,0.5001946837564263,0.333133458091124,0.9991414805475471,2.999223,2.65,0.5,0.3333333333333333,1.0,3.0
n,10000000,53,0.4999504051413337,0.333548126188385,1.0007481102642413,3.000311,2.64,0.5,0.3333333333333333,1.0,3.0
n,10000000,54,0.49971619013801216,0.3335394649003098,1.0009361396021903,3.0009528,2.65,0.5,0.3333333333333333,1.0,3.0
n,10000000,55,0.4999598789106519,0.3332577850944926,0.999663047708698,2.9996693,2.66,0.5,0.3333333333333333,1.0,3.0
n,10000000,56,0.5000498061361159,0.33320768403160655,0.9994998985347997,2.9996304,2.65,0.5,0.3333333333333333,1.0,3.0
n,10000000,57,0.4999835653661393,0.33337127421899126,1.0000346803164788,2.9997626,2.66,0.5,0.3333333333333333,1.0,3.0
n,10000000,58,0.5000218340756919,0.33338935309439804,1.0001339926054036,2.999898,2.66,0.5,0.3333333333333333,1.0,3.0
n,10000000,59,0.4996864615162505,0.3336547901718223,1.001160726359504,3.0005886,2.65,0.5,0.3333333333333333,1.0,3.0
n,10000000,60,0.49985924293868744,0.3332930334226226,0.9998289396663346,2.9998495,2.66,0.5,0.3333333333333333,1.0,3.0
n,10000000,61,0.49987795482014785,0.3336730153551327,1.0009218804833153,2.9997088,2.66,0.5,0.3333333333333333,1.0,3.0
n,10000000,62,0.4998033506333016,0.333178653469068,0.9998780349307207,3.0010267,2.64,0.5,0.3333333333333333,1.0,3.0
n,10000000,63,0.5002782310505852,0.33297778530023003,0.9988218749381779,2.9996652,2.62,0.5,0.3333333333333333,1.0,3.0
n,10000000,64,0.5001390568091484,0.3333005142511735,0.9998525562267676,2.9998531,2.65,0.5,0.3333333333333333,1.0,3.0
n,10000000,65,0.4998139370173804,0.3333280925537374,1.0000040440171096,3.0000594,2.64,0.5,0.3333333333333333,1.0,3.0
n,10000000,66,0.4999289981066162,0.33332888075172806,0.9999599759447264,2.99992,2.65,0.5,0.3333333333333333,1.0,3.0
n,10000000,67,0.49989544286519944,0.3333700826807783,1.000360842333508,3.0007517,2.67,0.5,0.3333333333333333,1.0,3.0
n,10000000,68,0.4999500907794747,0.33317851127635617,1.0000184427633125,3.0014494,2.63,0.5,0.3333333333333333,1.0,3.0
n,10000000,69,0.4999682179750267,0.33333656104075815,1.000050816853915,3.0001235,2.64,0.5,0.3333333333333333,1.0,3.0
n,10000000,70,0.4997821479865245,0.33340961774164424,1.0003726527930763,3.0004313,2.65,0.5,0.3333333333333333,1.0,3.0
n,10000000,71,0.4999042941555631,0.3335539025120241,1.000600600461125,2.9998168,2.67,0.5,0.3333333333333333,1.0,3.0
n,10000000,72,0.4997095341952018,0.3336413129238563,1.001386327039973,3.001386,2.64,0.5,0.3333333333333333,1.0,3.0
n,10000000,73,0.5000684677719514,0.3334038728891861,0.9999519970717393,2.9992213,2.64,0.5,0.3333333333333333,1.0,3.0
n,10000000,74,0.5001523421636668,0.3330389090129591,0.9989495082026625,2.9994979,2.66,0.5,0.3333333333333333,1.0,3.0
n,10000000,75,0.49991493823549477,0.33317592209228863,0.9997811756574793,3.0007607,2.67,0.5,0.3333333333333333,1.0,3.0
n,10000000,76,0.49981328503395145,0.33346027532065636,1.0005685307509407,3.0005629,2.65,0.5,0.3333333333333333,1.0,3.0
n,10000000,77,0.49982137190642406,0.33346964726122064,1.000438253765677,3.000088,2.65,0.5,0.3333333333333333,1.0,3.0
n,10000000,78,0.5003326608315004,0.3331350630070158,0.9990721895732485,2.9990005,2.71,0.5,0.3333333333333333,1.0,3.0
n,10000000,79,0.49966761524363396,0.3337073417446506,1.0010173412408492,2.9996863,2.65,0.5,0.3333333333333333,1.0,3.0
n,10000000,80,0.5000026337779151,0.3332090870184508,0.9994585239736868,2.9994936,2.64,0.5,0.3333333333333333,1.0,3.0
n,10000000,81,0.49981006610645917,0.33348771679972544,1.000723570957232,3.0007809,2.64,0.5,0.3333333333333333,1.0,3.0
n,10000000,82,0.5000167160498444,0.33358294018401935,1.000785748183542,3.0001107,2.63,0.5,0.3333333333333333,1.0,3.0
n,10000000,83,0.5002461687149387,0.33301838464197114,0.998843898426259,2.9993657,2.63,0.5,0.3333333333333333,1.0,3.0
n,10000000,84,0.4998998323850799,0.3333953711289141,1.000176618785554,2.9999716,2.63,0.5,0.3333333333333333,1.0,3.0
n,10000000,85,0.4999553353432429,0.33331181986931113,0.9999804567036154,3.000135,2.62,0.5,0.3333333333333333,1.0,3.0
n,10000000,86,0.500134093725597,0.3333059824340065,0.9998404536611035,2.9997675,2.64,0.5,0.3333333333333333,1.0,3.0
n,10000000,87,0.5000582661422713,0.33311291828172407,0.9993477488939689,3.000027,2.63,0.5,0.3333333333333333,1.0,3.0
n,10000000,88,0.49987119454016815,0.33360393878610184,1.0010283827302795,3.0006492,2.63,0.5,0.3333333333333333,1.0,3.0
n,10000000,89,0.5001136123001673,0.33312357492954736,0.9994091047559495,3.0001153,2.68,0.5,0.3333333333333333,1.0,3.0
n,10000000,90,0.4998396604915485,0.33358969631555324,1.0008345726040824,3.0001963,2.65,0.5,0.3333333333333333,1.0,3.0
n,10000000,91,0.4999735844683207,0.3333007632989463,0.9999452190351559,3.0001289,2.66,0.5,0.3333333333333333,1.0,3.0
n,10000000,92,0.49997090000582,0.333621049055748,1.0008633003310392,3.0000006,2.63,0.5,0.3333333333333333,1.0,3.0
n,10000000,93,0.49990625681113277,0.3335392058434671,1.0005123878047448,2.9996846,2.61,0.5,0.3333333333333333,1.0,3.0
n,10000000,94,0.5001854176593605,0.33322508367635123,0.999759719511284,3.0002536,2.65,0.5,0.3333333333333333,1.0,3.0
n,10000000,95,0.5001165435018045,0.333291610481105,0.999501611497897,2.9988802,2.65,0.5,0.3333333333333333,1.0,3.0
n,10000000,96,0.5000350832105421,0.3333379753577748,1.000017428034685,3.0000105,2.63,0.5,0.3333333333333333,1.0,3.0
n,10000000,97,0.49981383294387294,0.3335583984107258,1.0007626876000724,3.0002623,2.65,0.5,0.3333333333333333,1.0,3.0
n,10000000,98,0.5002668924374296,0.3334343141977372,1.0000189232443761,2.9991483,2.63,0.5,0.3333333333333333,1.0,3.0
n,10000000,99,0.500023685784812,0.33339530226032316,1.0000826238441956,2.9996895,2.63,0.5,0.3333333333333333,1.0,3.0
n,10000000,100,0.4998900773524188,0.3333377110485515,1.000261925797181,3.0007465,2.64,0.5,0.3333333333333333,1.0,3.0
n,1000,1,0.18023952095808382,0.8815582065341205,4.417497990703771,5.01,0.05,0.16666666666666663,1.0000000000000002,5.000000000000002,5.0
n,1000,2,0.14412238325281804,0.9718747592811908,4.828273804108961,4.968,0.05,0.16666666666666663,1.0000000000000002,5.000000000000002,5.0
n,1000,3,0.18430983118172792,0.8196590343994646,4.126983238201327,5.035,0.05,0.16666666666666663,1.0000000000000002,5.000000000000002,5.0
n,1000,4,0.1754456238734228,0.8047611567500927,4.016617222104943,4.993,0.05,0.16666666666666663,1.0000000000000002,5.000000000000002,5.0
n,1000,5,0.14816278150928486,1.042137519379744,5.275300123100264,5.062,0.05,0.16666666666666663,1.0000000000000002,5.000000000000002,5.0
n,1000,6,0.15319662243667068,1.0520988064058032,5.230290312202609,4.974,0.05,0.16666666666666663,1.0000000000000002,5.000000000000002,5.0
n,1000,7,0.17407553107789142,0.9739258095375048,4.952984488900638,5.084,0.05,0.16666666666666663,1.0000000000000002,5.000000000000002,5.0
n,1000,8,0.16673362796303737,0.9714531048071389,4.833352391807467,4.978,0.05,0.16666666666666663,1.0000000000000002,5.000000000000002,5.0
n,1000,9,0.19384864427357346,0.7875044430537375,3.8912169613550023,4.942,0.04,0.16666666666666663,1.0000000000000002,5.000000000000002,5.0
n,1000,10,0.1906474820143885,0.8121611172020267,4.06098352952701,5.004,0.05,0.16666666666666663,1.0000000000000002,5.000000000000002,5.0
n,1000,11,0.16957556525188416,0.8004727159637453,4.03598343388919,5.042,0.05,0.16666666666666663,1.0000000000000002,5.000000000000002,5.0
n,1000,12,0.15027110766847404,1.4475605639726763,7.4670634639544415,5.164,0.05,0.16666666666666663,1.0000000000000002,5.000000000000002,5.0
n,1000,13,0.14438191344847662,1.1027158004843813,5.680493605028747,5.153,0.06,0.16666666666666663,1.0000000000000002,5.000000000000002,5.0
n,1000,14,0.1524522355721883,1.117964447941136,5.673834225463618,5.077,0.05,0.16666666666666663,1.0000000000000002,5.000000000000002,5.0
n,1000,15,0.15173237753882915,1.1088456387426888,5.56592963319323,5.022,0.05,0.16666666666666663,1.0000000000000002,5.000000000000002,5.0
n,1000,16,0.13524343818873974,1.181544039454114,5.893441918382218,4.991,0.05,0.16666666666666663,1.0000000000000002,5.000000000000002,5.0
n,1000,17,0.16609485368314833,1.0045416535644593,4.98678324048495,4.955,0.05,0.16666666666666663,1.0000000000000002,5.000000000000002,5.0
n,1000,18,0.1490757304710793,1.0860826470489133,5.462995714656037,5.031,0.05,0.16666666666666663,1.0000000000000002,5.000000000000002,5.0
n,1000,19,0.16799680766161212,0.8539894290207304,4.2789338271341935,5.012,0.05,0.16666666666666663,1.0000000000000002,5.000000000000002,5.0
n,1000,20,0.16597180861623984,0.9039432903406479,4.550947716751357,5.037,0.05,0.16666666666666663,1.0000000000000002,5.000000000000002,5.0
n,1000,21,0.16066095958590484,1.3905870729687493,6.979585533706416,5.023,0.05,0.16666666666666663,1.0000000000000002,5.000000000000002,5.0
n,1000,22,0.15484775641025642,1.0485003330573877,5.2332633212175,4.992,0.06,0.16666666666666663,1.0000000000000002,5.000000000000002,5.0
n,1000,23,0.17380051761895282,0.9161270995631644,4.600379304251075,5.023,0.05,0.16666666666666663,1.0000000000000002,5.000000000000002,5.0
n,1000,24,0.15606820461384152,0.9809262565835442,4.886993230949093,4.985,0.05,0.16666666666666663,1.0000000000000002,5.000000000000002,5.0
n,1000,25,0.20343087790111,0.91150397932961,4.513705871161758,4.955,0.05,0.16666666666666663,1.0000000000000002,5.000000000000002,5.0
n,1000,26,0.14796225657498493,1.2138080104876905,6.042595972595254,4.981,0.05,0.16666666666666663,1.0000000000000002,5.000000000000002,5.0
n,1000,27,0.16525252525252526,1.0242543423609822,5.070058994686868,4.95,0.05,0.16666666666666663,1.0000000000000002,5.000000000000002,5.0
n,1000,28,0.15873971503110576,1.0127925878702895,5.055607916816566,4.983,0.06,0.16666666666666663,1.0000000000000002,5.000000000000002,5.0
n,1000,29,0.17037037037037037,0.8885429921777966,4.433575671842974,4.995,0.05,0.16666666666666663,1.0000000000000002,5.000000000000002,5.0
n,1000,30,0.18552127445049404,0.7688975357558938,3.811573499261275,4.959,0.05,0.16666666666666663,1.0000000000000002,5.000000000000002,5.0
n,1000,31,0.14468252408099075,1.0363308110466194,5.267136769463708,5.087,0.05,0.16666666666666663,1.0000000000000002,5.000000000000002,5.0
n,1000,32,0.15259549461312438,1.0369825023311616,5.289984033891088,5.105,0.05,0.16666666666666663,1.0000000000000002,5.000000000000002,5.0
n,1000,33,0.1767052253689669,0.9514340963534536,4.808280250234377,5.014,0.05,0.16666666666666663,1.0000000000000002,5.000000000000002,5.0
n,1000,34,0.17048396733718382,0.9790519260039975,4.9125337250920404,5.021,0.05,0.16666666666666663,1.0000000000000002,5.000000000000002,5.0
n,1000,35,0.16385637770283673,1.0093793996686249,5.08569123414798,5.041,0.06,0.16666666666666663,1.0000000000000002,5.000000000000002,5.0
n,1000,36,0.15282791817087846,1.0503957894518046,5.2330846773651425,4.986,0.05,0.16666666666666663,1.0000000000000002,5.000000000000002,5.0
n,1000,37,0.18904771491846184,0.8994647453318435,4.475630912132427,4.967,0.05,0.16666666666666663,1.0000000000000002,5.000000000000002,5.0
n,1000,38,0.1664019062748213,0.9438500545288291,4.751587280770827,5.036,0.05,0.16666666666666663,1.0000000000000002,5.000000000000002,5.0
n,1000,39,0.163220675944334,0.9465347309366584,4.758944424537589,5.03,0.05,0.16666666666666663,1.0000000000000002,5.000000000000002,5.0
n,1000,40,0.14700616669982097,1.1714556340308453,5.885110071330595,5.027,0.05,0.16666666666666663,1.0000000000000002,5.000000000000002,5.0
n,1000,41,0.13407930899096976,1.5595233558103454,7.9442119744979065,5.094,0.05,0.16666666666666663,1.0000000000000002,5.000000000000002,5.0
n,1000,42,0.20365168539325842,0.8000341157050767,3.986819926823179,4.984,0.05,0.16666666666666663,1.0000000000000002,5.000000000000002,5.0
n,1000,43,0.18992403038784486,0.9662793478682381,4.833806450541943,5.002,0.05,0.16666666666666663,1.0000000000000002,5.000000000000002,5.0
n,1000,44,0.16958947787963333,1.064660008804888,5.339866935101161,5.018,0.05,0.16666666666666663,1.0000000000000002,5.000000000000002,5.0
n,1000,45,0.1905146316851665,0.8181775770368432,4.054161028277724,4.955,0.05,0.16666666666666663,1.0000000000000002,5.000000000000002,5.0
n,1000,46,0.1607249551882095,1.0000685361053057,5.018978290545144,5.021,0.05,0.16666666666666663,1.0000000000000002,5.000000000000002,5.0
n,1000,47,0.1553784860557769,1.063488011137072,5.3358129383970505,5.02,0.05,0.16666666666666663,1.0000000000000002,5.000000000000002,5.0
n,1000,48,0.18559837728194725,0.8880835294920947,4.376585503592019,4.93,0.05,0.16666666666666663,1.0000000000000002,5.000000000000002,5.0
n,1000,49,0.16414389620601533,0.9898633406519498,5.0320510066167,5.087,0.05,0.16666666666666663,1.0000000000000002,5.000000000000002,5.0
n,1000,50,0.14296982843620587,1.1533916455266184,5.8488490344654736,5.071,0.05,0.16666666666666663,1.0000000000000002,5.000000000000002,5.0
n,1000,51,0.16676761558651323,1.0285338262206607,5.14415317602482,4.953,0.05,0.16666666666666663,1.0000000000000002,5.000000000000002,5.0
n,1000,52,0.14631221267239655,1.0155892330748197,5.079977343840238,5.003,0.05,0.16666666666666663,1.0000000000000002,5.000000000000002,5.0
n,1000,53,0.1797078246948169,0.9227700817261628,4.61108209838565,4.997,0.05,0.16666666666666663,1.0000000000000002,5.000000000000002,5.0
n,1000,54,0.1926328502415459,0.7979830987513421,3.962287593712328,4.968,0.05,0.16666666666666663,1.0000000000000002,5.000000000000002,5.0
n,1000,55,0.1682769726247987,0.9669798822967951,4.8012671488995,4.968,0.05,0.16666666666666663,1.0000000000000002,5.000000000000002,5.0
n,1000,56,0.17247632480354624,0.8997715308483015,4.46556610760012,4.963,0.05,0.16666666666666663,1.0000000000000002,5.000000000000002,5.0
n,1000,57,0.16937119675456389,0.8926571419209041,4.399907052528144,4.93,0.05,0.16666666666666663,1.0000000000000002,5.000000000000002,5.0
n,1000,58,0.2158199091284593,0.7417528178860403,3.5896128904099056,4.842,0.05,0.16666666666666663,1.0000000000000002,5.000000000000002,5.0
n,1000,59,0.14913657770800628,1.0367863605244128,5.280569245082987,5.096,0.05,0.16666666666666663,1.0000000000000002,5.000000000000002,5.0
n,1000,60,0.1728468899521531,0.9690289956765549,4.87047141944024,5.016,0.05,0.16666666666666663,1.0000000000000002,5.000000000000002,5.0
n,1000,61,0.16454436927974533,0.9407841552034407,4.72765465306727,5.026,0.05,0.16666666666666663,1.0000000000000002,5.000000000000002,5.0
n,1000,62,0.16773804740859782,0.9597526162163857,4.777648523525187,4.978,0.05,0.16666666666666663,1.0000000000000002,5.000000000000002,5.0
n,1000,63,0.17777322124256714,0.9801630765544371,4.780975711493877,4.877,0.05,0.16666666666666663,1.0000000000000002,5.000000000000002,5.0
n,1000,64,0.14076246334310852,1.1753756791106054,6.007683821491934,5.115,0.05,0.16666666666666663,1.0000000000000002,5.000000000000002,5.0
n,1000,65,0.16944723618090451,1.085195973769731,5.406627062588813,4.975,0.05,0.16666666666666663,1.0000000000000002,5.000000000000002,5.0
n,1000,66,0.16736652669466107,1.0048668298025825,5.0200636761724855,5.001,0.05,0.16666666666666663,1.0000000000000002,5.000000000000002,5.0
n,1000,67,0.15262135922330097,1.0488663899583757,5.401390950268653,5.15,0.05,0.16666666666666663,1.0000000000000002,5.000000000000002,5.0
n,1000,68,0.1752786220871327,0.8616760677858878,4.249928049830688,4.935,0.05,0.16666666666666663,1.0000000000000002,5.000000000000002,5.0
n,1000,69,0.1748082357690755,0.987974412639535,4.889889431893467,4.954,0.05,0.16666666666666663,1.0000000000000002,5.000000000000002,5.0
n,1000,70,0.13415831860145355,1.2293938346784115,6.255429360705481,5.091,0.05,0.16666666666666663,1.0000000000000002,5.000000000000002,5.0
n,1000,71,0.17125506072874494,0.9508892291359923,4.695428708218323,4.94,0.05,0.16666666666666663,1.0000000000000002,5.000000000000002,5.0
n,1000,72,0.14163921720596784,1.2515817809748753,6.454651010349069,5.161,0.05,0.16666666666666663,1.0000000000000002,5.000000000000002,5.0
n,1000,73,0.1312621359223301,1.0979667705038856,5.653430901324479,5.15,0.05,0.16666666666666663,1.0000000000000002,5.000000000000002,5.0
n,1000,74,0.19039836567926455,0.8935973742735156,4.374159147068861,4.895,0.05,0.16666666666666663,1.0000000000000002,5.000000000000002,5.0
n,1000,75,0.1779165827120693,0.9285238070886794,4.605097136048388,4.963,0.05,0.16666666666666663,1.0000000000000002,5.000000000000002,5.0
n,1000,76,0.177601585728444,0.8414865965523692,4.243318389122775,5.045,0.05,0.16666666666666663,1.0000000000000002,5.000000000000002,5.0
n,1000,77,0.1917193554966347,0.8460540432352162,4.146353953105296,4.903,0.05,0.16666666666666663,1.0000000000000002,5.000000000000002,5.0
n,1000,78,0.1562562362801836,1.1649051196602394,5.836084811266766,5.011,0.05,0.16666666666666663,1.0000000000000002,5.000000000000002,5.0
n,1000,79,0.1649791542584872,1.0031527589706652,5.049458022477449,5.037,0.05,0.16666666666666663,1.0000000000000002,5.000000000000002,5.0
n,1000,80,0.1609331751680506,1.0225890099359538,5.172255212256057,5.058,0.05,0.16666666666666663,1.0000000000000002,5.000000000000002,5.0
n,1000,81,0.18863682812180665,0.7790578410699792,3.8102564353605914,4.893,0.05,0.16666666666666663,1.0000000000000002,5.000000000000002,5.0
n,1000,82,0.18287781350482316,1.0543688869136612,5.2425991532540115,4.976,0.05,0.16666666666666663,1.0000000000000002,5.000000000000002,5.0
n,1000,83,0.17281947261663286,0.8437154341738127,4.156347709992584,4.93,0.05,0.16666666666666663,1.0000000000000002,5.000000000000002,5.0
n,1000,84,0.15683511173746728,0.9447058956890408,4.6983473832106935,4.967,0.05,0.16666666666666663,1.0000000000000002,5.000000000000002,5.0
n,1000,85,0.15165313799247673,0.934278396710442,4.717484564068691,5.051,0.05,0.16666666666666663,1.0000000000000002,5.000000000000002,5.0
n,1000,86,0.154595015576324,1.0563815481644978,5.4211466905963395,5.136,0.05,0.16666666666666663,1.0000000000000002,5.000000000000002,5.0
n,1000,87,0.15904572564612326,0.9422239460353122,4.738048540145852,5.03,0.04,0.16666666666666663,1.0000000000000002,5.000000000000002,5.0
n,1000,88,0.17151576805696847,0.9367290706410041,4.601077432378299,4.915,0.05,0.16666666666666663,1.0000000000000002,5.000000000000002,5.0
n,1000,89,0.1636946503706672,0.871735820606014,4.35083348064463,4.991,0.05,0.16666666666666663,1.0000000000000002,5.000000000000002,5.0
n,1000,90,0.19418271200327736,0.8922649841777776,4.356037652755915,4.882,0.05,0.16666666666666663,1.0000000000000002,5.000000000000002,5.0
n,1000,91,0.1496031746031746,1.0445295555810572,5.262431019659527,5.04,0.05,0.16666666666666663,1.0000000000000002,5.000000000000002,5.0
n,1000,92,0.17002369668246445,0.9572084813912927,4.848165863995371,5.064,0.05,0.16666666666666663,1.0000000000000002,5.000000000000002,5.0
n,1000,93,0.15760441292356187,1.0338870599941676,5.243671027566444,5.076,0.05,0.16666666666666663,1.0000000000000002,5.000000000000002,5.0
n,1000,94,0.16566626650660263,0.9985776082492122,4.989892308421333,4.998,0.05,0.16666666666666663,1.0000000000000002,5.000000000000002,5.0
n,1000,95,0.1541331238955429,1.1600585215086112,5.906133339338886,5.093,0.05,0.16666666666666663,1.0000000000000002,5.000000000000002,5.0
n,1000,96,0.18240910014218972,0.9299194713351842,4.5774685210054935,4.923,0.05,0.16666666666666663,1.0000000000000002,5.000000000000002,5.0
n,1000,97,0.14954919639357114,1.0732504688102553,5.473979902053333,5.102,0.05,0.16666666666666663,1.0000000000000002,5.000000000000002,5.0
n,1000,98,0.1466535433070866,1.420311752046829,7.209264460824493,5.08,0.05,0.16666666666666663,1.0000000000000002,5.000000000000002,5.0
n,1000,99,0.15620696439110762,1.0833946023518977,5.503230694659273,5.083,0.05,0.16666666666666663,1.0000000000000002,5.000000000000002,5.0
n,1000,100,0.19496211345484332,0.8146366817375116,3.9759776796530106,4.883,0.05,0.16666666666666663,1.0000000000000002,5.000000000000002,5.0
n,10000,1,0.16072462899714382,1.0703740323000555,5.358796458856987,5.0067,0.05,0.16666666666666663,1.0000000000000002,5.000000000000002,5.0
n,10000,2,0.16251520650938317,1.0356429757779984,5.192888850666635,5.0143,0.07,0.16666666666666663,1.0000000000000002,5.000000000000002,5.0
n,10000,3,0.16879019051803332,0.9500381389217598,4.757038291047578,5.0074,0.06,0.16666666666666663,1.0000000000000002,5.000000000000002,5.0
n,10000,4,0.1689385295942673,0.932983337880057,4.662089218821961,4.9959,0.06,0.16666666666666663,1.0000000000000002,5.000000000000002,5.0
n,10000,5,0.15754840761798736,1.032168812190288,5.1915870527765176,5.0302,0.06,0.16666666666666663,1.0000000000000002,5.000000000000002,5.0
n,10000,6,0.16847880498988807,1.0609741886829105,5.2983303165242095,4.9941,0.06,0.16666666666666663,1.0000000000000002,5.000000000000002,5.0
n,10000,7,0.1638186556326961,1.0182744679124371,5.118683504100183,5.0269,0.06,0.16666666666666663,1.0000000000000002,5.000000000000002,5.0
n,10000,8,0.16129547861181595,1.0518671235452073,5.264338121875793,5.0051,0.06,0.16666666666666663,1.0000000000000002,5.000000000000002,5.0
n,10000,9,0.17205372444302738,0.9279321871161985,4.656549301386608,5.0182,0.06,0.16666666666666663,1.0000000000000002,5.000000000000002,5.0
n,10000,10,0.17416892638344883,0.8821377919538187,4.391494576482923,4.9785,0.06,0.16666666666666663,1.0000000000000002,5.000000000000002,5.0
n,10000,11,0.16675989930874655,0.9992626319301523,5.001477166483666,5.0054,0.06,0.16666666666666663,1.0000000000000002,5.000000000000002,5.0
n,10000,12,0.16501505393495902,1.0589067588769174,5.310629177119507,5.0153,0.06,0.16666666666666663,1.0000000000000002,5.000000000000002,5.0
n,10000,13,0.17842817117171594,0.9068681194425712,4.498908369785272,4.9611,0.06,0.16666666666666663,1.0000000000000002,5.000000000000002,5.0
n,10000,14,0.1691838078327315,0.9398434536257058,4.710686928304429,5.0123,0.06,0.16666666666666663,1.0000000000000002,5.000000000000002,5.0
n,10000,15,0.16157056979089693,1.0438168052732368,5.226495125683545,5.0071,0.06,0.16666666666666663,1.0000000000000002,5.000000000000002,5.0
n,10000,16,0.15346289962237292,1.0542638132665996,5.332360941121153,5.0579,0.06,0.16666666666666663,1.0000000000000002,5.000000000000002,5.0
n,10000,17,0.1715071352588162,1.0067765825500379,5.015818743631593,4.9823,0.07,0.16666666666666663,1.0000000000000002,5.000000000000002,5.0
n,10000,18,0.15825077554288003,1.0290766501614994,5.141520437711159,4.9965,0.06,0.16666666666666663,1.0000000000000002,5.000000000000002,5.0
n,10000,19,0.16939147139455304,0.9471472533549338,4.734002730998602,4.9973,0.06,0.16666666666666663,1.0000000000000002,5.000000000000002,5.0
n,10000,20,0.16793678806353282,1.0459289293665346,5.215236231746943,4.9864,0.06,0.16666666666666663,1.0000000000000002,5.000000000000002,5.0
n,10000,21,0.1709699371522357,1.0340595942948512,5.166265139056452,4.9962,0.06,0.16666666666666663,1.0000000000000002,5.000000000000002,5.0
n,10000,22,0.15916504893229533,1.0828599385681952,5.410568651732666,4.9967,0.05,0.16666666666666663,1.0000000000000002,5.000000000000002,5.0
n,10000,23,0.1651741094630792,1.0364135978321023,5.184688706299016,5.0026,0.06,0.16666666666666663,1.0000000000000002,5.000000000000002,5.0
n,10000,24,0.1669079794079794,1.002183406619501,4.983657644437522,4.9728,0.06,0.16666666666666663,1.0000000000000002,5.000000000000002,5.0
n,10000,25,0.16823867950921226,1.016015189314313,5.084187346443612,5.0042,0.06,0.16666666666666663,1.0000000000000002,5.000000000000002,5.0
n,10000,26,0.16219997202070469,1.06004185489238,5.30390740388578,5.0037,0.06,0.16666666666666663,1.0000000000000002,5.000000000000002,5.0
n,10000,27,0.1736119499134356,0.98524468635566,4.895726754537181,4.9674,0.06,0.16666666666666663,1.0000000000000002,5.000000000000002,5.0
n,10000,28,0.16097667667468635,1.040315032765213,5.231827224508372,5.0293,0.06,0.16666666666666663,1.0000000000000002,5.000000000000002,5.0
n,10000,29,0.1668601625365307,1.0104036138757375,5.0472516307993835,4.9958,0.05,0.16666666666666663,1.0000000000000002,5.000000000000002,5.0
n,10000,30,0.17270630702897824,1.0460806368493458,5.216281095649368,4.9865,0.06,0.16666666666666663,1.0000000000000002,5.000000000000002,5.0
n,10000,31,0.16506120810756572,1.0309493692775213,5.13711761217296,4.983,0.06,0.16666666666666663,1.0000000000000002,5.000000000000002,5.0
n,10000,32,0.17212488949610222,0.945461953364806,4.705808165589376,4.9772,0.06,0.16666666666666663,1.0000000000000002,5.000000000000002,5.0
n,10000,33,0.17019315540594696,0.9733238942121311,4.857455654039213,4.9908,0.05,0.16666666666666663,1.0000000000000002,5.000000000000002,5.0
n,10000,34,0.17210926680448788,0.9617259090740046,4.7913328446521035,4.9823,0.07,0.16666666666666663,1.0000000000000002,5.000000000000002,5.0
n,10000,35,0.16642596381433786,1.036054003827533,5.165143630681753,4.9854,0.06,0.16666666666666663,1.0000000000000002,5.000000000000002,5.0
n,10000,36,0.1647549322747312,0.9856887105826432,4.941060368408662,5.0129,0.06,0.16666666666666663,1.0000000000000002,5.000000000000002,5.0
n,10000,37,0.1842030801568374,0.8929483198531927,4.417974080836529,4.9478,0.06,0.16666666666666663,1.0000000000000002,5.000000000000002,5.0
n,10000,38,0.17624660018132365,0.9375224462079972,4.653249423990029,4.9635,0.06,0.16666666666666663,1.0000000000000002,5.000000000000002,5.0
n,10000,39,0.17929054664445024,0.870037710465295,4.333918847140737,4.9813,0.06,0.16666666666666663,1.0000000000000002,5.000000000000002,5.0
n,10000,40,0.1594580614356199,1.0263755272815336,5.158485121627037,5.0264,0.06,0.16666666666666663,1.0000000000000002,5.000000000000002,5.0
n,10000,41,0.15896304248424484,1.0457387913162723,5.260066120320881,5.0301,0.06,0.16666666666666663,1.0000000000000002,5.000000000000002,5.0
n,10000,42,0.1654142851432911,1.0833660967975023,5.4207820660799975,5.0038,0.06,0.16666666666666663,1.0000000000000002,5.000000000000002,5.0
n,10000,43,0.15521956246036778,1.1371011366885124,5.7379966007008765,5.0464,0.06,0.16666666666666663,1.0000000000000002,5.000000000000002,5.0
n,10000,44,0.16637722817733597,1.017808993130403,5.098626617530109,5.0097,0.06,0.16666666666666663,1.0000000000000002,5.000000000000002,5.0
n,10000,45,0.16159513132607303,1.0296649233351594,5.143280441768191,4.9952,0.06,0.16666666666666663,1.0000000000000002,5.000000000000002,5.0
n,10000,46,0.170288471203136,0.9815646405012222,4.8823166629067085,4.9745,0.06,0.16666666666666663,1.0000000000000002,5.000000000000002,5.0
n,10000,47,0.16859182609393172,0.9642019105277009,4.808095655935559,4.9866,0.06,0.16666666666666663,1.0000000000000002,5.000000000000002,5.0
n,10000,48,0.17570472765264913,0.9828609573214233,4.891335562921061,4.9771,0.06,0.16666666666666663,1.0000000000000002,5.000000000000002,5.0
n,10000,49,0.16920638065986326,0.9471794701032877,4.779941195876179,5.0465,0.06,0.16666666666666663,1.0000000000000002,5.000000000000002,5.0
n,10000,50,0.16292659656933872,1.0304580912080228,5.184337702676721,5.0311,0.07,0.16666666666666663,1.0000000000000002,5.000000000000002,5.0
n,10000,51,0.16744381516540255,1.0197269958855775,5.0952738447678545,4.9969,0.06,0.16666666666666663,1.0000000000000002,5.000000000000002,5.0
n,10000,52,0.16176470588235295,1.0079315810443938,5.037504177521987,4.998,0.06,0.16666666666666663,1.0000000000000002,5.000000000000002,5.0
n,10000,53,0.16748364378463818,1.0362888187558603,5.179290393021281,4.9981,0.06,0.16666666666666663,1.0000000000000002,5.000000000000002,5.0
n,10000,54,0.16165862989678395,1.0666167118934642,5.352714493411963,5.0186,0.06,0.16666666666666663,1.0000000000000002,5.000000000000002,5.0
n,10000,55,0.16960735338195623,0.9784008766806291,4.89610731588592,5.0045,0.06,0.16666666666666663,1.0000000000000002,5.000000000000002,5.0
n,10000,56,0.17303271084580324,0.991748159919483,4.917202541134687,4.9586,0.06,0.16666666666666663,1.0000000000000002,5.000000000000002,5.0
n,10000,57,0.15881298546106354,0.9622797046442163,4.8322256845175895,5.021,0.06,0.16666666666666663,1.0000000000000002,5.000000000000002,5.0
n,10000,58,0.1673677704898423,0.9663624998861391,4.846621843540226,5.0159,0.06,0.16666666666666663,1.0000000000000002,5.000000000000002,5.0
n,10000,59,0.1664565195636946,0.9641016089822151,4.8171336892796885,4.9965,0.06,0.16666666666666663,1.0000000000000002,5.000000000000002,5.0
n,10000,60,0.1667332268370607,1.0022454703496324,5.019145090963909,5.008,0.06,0.16666666666666663,1.0000000000000002,5.000000000000002,5.0
n,10000,61,0.1636002088940666,1.000673216573496,4.983474857448699,4.9786,0.06,0.16666666666666663,1.0000000000000002,5.000000000000002,5.0
n,10000,62,0.16086288439663946,1.0262235418467662,5.142406168194118,5.0111,0.06,0.16666666666666663,1.0000000000000002,5.000000000000002,5.0
n,10000,63,0.16851481184947958,1.021475873470282,5.103028727475148,4.996,0.06,0.16666666666666663,1.0000000000000002,5.000000000000002,5.0
n,10000,64,0.16027978124752318,1.016743031236533,5.130854982085707,5.0468,0.06,0.16666666666666663,1.0000000000000002,5.000000000000002,5.0
n,10000,65,0.16361238234177342,1.0496236901663074,5.251909370327608,5.0039,0.06,0.16666666666666663,1.0000000000000002,5.000000000000002,5.0
n,10000,66,0.1619966192701601,1.0395471357579442,5.227362772158744,5.0285,0.06,0.16666666666666663,1.0000000000000002,5.000000000000002,5.0
n,10000,67,0.15305476416587527,1.080104826438511,5.458987343940935,5.0544,0.06,0.16666666666666663,1.0000000000000002,5.000000000000002,5.0
n,10000,68,0.1675985490691196,0.980151963222542,4.890735187155295,4.9899,0.06,0.16666666666666663,1.0000000000000002,5.000000000000002,5.0
n,10000,69,0.16079727564102564,0.9935143929176534,4.959524498005622,4.992,0.05,0.16666666666666663,1.0000000000000002,5.000000000000002,5.0
n,10000,70,0.16055310924704616,0.9870176789650658,4.953644327189882,5.0189,0.07,0.16666666666666663,1.0000000000000002,5.000000000000002,5.0
n,10000,71,0.16884708908583027,1.0182888970138855,5.067012643903109,4.9761,0.06,0.16666666666666663,1.0000000000000002,5.000000000000002,5.0
n,10000,72,0.16223082266547584,1.060053346069989,5.340798849451026,5.0385,0.06,0.16666666666666663,1.0000000000000002,5.000000000000002,5.0
n,10000,73,0.1513193215485872,1.1033882069677154,5.548939292840648,5.0291,0.06,0.16666666666666663,1.0000000000000002,5.000000000000002,5.0
n,10000,74,0.1707013778856375,0.9878921043686513,4.925369760153813,4.9859,0.06,0.16666666666666663,1.0000000000000002,5.000000000000002,5.0
n,10000,75,0.17335544058011546,0.9324215802398674,4.6674260293409,5.0059,0.06,0.16666666666666663,1.0000000000000002,5.000000000000002,5.0
n,10000,76,0.1642682975576608,1.0332348408415877,5.169422729845758,5.0034,0.06,0.16666666666666663,1.0000000000000002,5.000000000000002,5.0
n,10000,77,0.17561855153761394,0.9574409403402176,4.778970709614132,4.9915,0.06,0.16666666666666663,1.0000000000000002,5.000000000000002,5.0
n,10000,78,0.1697035517477173,1.0453551547235003,5.19743308396049,4.9722,0.05,0.16666666666666663,1.0000000000000002,5.000000000000002,5.0
n,10000,79,0.17272453587556447,0.9233601330350286,4.602161945975711,4.9825,0.06,0.16666666666666663,1.0000000000000002,5.000000000000002,5.0
n,10000,80,0.1707047128425967,0.9375844020333861,4.659231927464776,4.9694,0.06,0.16666666666666663,1.0000000000000002,5.000000000000002,5.0
n,10000,81,0.16679042324750648,0.9597437620848195,4.782119443415479,4.9829,0.06,0.16666666666666663,1.0000000000000002,5.000000000000002,5.0
n,10000,82,0.1708005525193682,0.9978156858113016,4.984388695333173,4.9953,0.06,0.16666666666666663,1.0000000000000002,5.000000000000002,5.0
n,10000,83,0.1685109959378064,0.9604728723205008,4.799519423372655,4.9973,0.06,0.16666666666666663,1.0000000000000002,5.000000000000002,5.0
n,10000,84,0.16497745500977615,1.0432023644267379,5.228738890979663,5.0122,0.05,0.16666666666666663,1.0000000000000002,5.000000000000002,5.0
n,10000,85,0.15772244816982442,1.0081451352944018,5.081379314978012,5.0405,0.05,0.16666666666666663,1.0000000000000002,5.000000000000002,5.0
n,10000,86,0.16170948322107648,1.0315943578913624,5.1918499032409295,5.0331,0.06,0.16666666666666663,1.0000000000000002,5.000000000000002,5.0
n,10000,87,0.1749742387812418,0.9812907001784994,4.8567082266287676,4.9493,0.06,0.16666666666666663,1.0000000000000002,5.000000000000002,5.0
n,10000,88,0.16309713375796178,1.0022073244231258,5.034896309336877,5.024,0.06,0.16666666666666663,1.0000000000000002,5.000000000000002,5.0
n,10000,89,0.17286297422762925,0.9106877564008447,4.551253131388833,4.9976,0.06,0.16666666666666663,1.0000000000000002,5.000000000000002,5.0
n,10000,90,0.1700702170895117,1.0091013325205975,5.014991062877889,4.9703,0.06,0.16666666666666663,1.0000000000000002,5.000000000000002,5.0
n,10000,91,0.16043607532210108,1.035478575767696,5.223884968597976,5.045,0.06,0.16666666666666663,1.0000000000000002,5.000000000000002,5.0
n,10000,92,0.17878568265088376,0.9162158744933566,4.551240469616051,4.9674,0.06,0.16666666666666663,1.0000000000000002,5.000000000000002,5.0
n,10000,93,0.15817662461318735,1.0849139040628313,5.469061354598844,5.0412,0.06,0.16666666666666663,1.0000000000000002,5.000000000000002,5.0
n,10000,94,0.17372098626616336,0.9971112376605666,4.966012808044684,4.9804,0.06,0.16666666666666663,1.0000000000000002,5.000000000000002,5.0
n,10000,95,0.15163608927011357,1.113532543740135,5.608195303292885,5.0364,0.06,0.16666666666666663,1.0000000000000002,5.000000000000002,5.0
n,10000,96,0.1776925406278389,0.9122361460351237,4.518204443576397,4.9535,0.05,0.16666666666666663,1.0000000000000002,5.000000000000002,5.0
n,10000,97,0.16213694387643685,1.0943209694824398,5.5129038039465925,5.0371,0.05,0.16666666666666663,1.0000000000000002,5.000000000000002,5.0
n,10000,98,0.1650415887292554,0.9917003206827754,4.985698849147853,5.0254,0.06,0.16666666666666663,1.0000000000000002,5.000000000000002,5.0
n,10000,99,0.1679707142426132,0.9579227394155203,4.762221708647061,4.9717,0.06,0.16666666666666663,1.0000000000000002,5.000000000000002,5.0
n,10000,100,0.16126144050935137,0.9998215591334317,5.024989769560236,5.026,0.06,0.16666666666666663,1.0000000000000002,5.000000000000002,5.0
n,100000,1,0.16595022353025857,1.013517847085673,5.06913062116897,5.00156,0.11,0.16666666666666663,1.0000000000000002,5.000000000000002,5.0
n,100000,2,0.16647939251196622,0.9992702781831612,4.997913554961634,5.00158,0.11,0.16666666666666663,1.0000000000000002,5.000000000000002,5.0
n,100000,3,0.16786403013559018,0.9697299571805666,4.8525628944182895,5.00405,0.11,0.16666666666666663,1.0000000000000002,5.000000000000002,5.0
n,100000,4,0.16722346400044863,0.9996236070687811,4.990950734081171,4.99284,0.11,0.16666666666666663,1.0000000000000002,5.000000000000002,5.0
n,100000,5,0.16578631932235896,1.009563377342121,5.053473264454911,5.0056,0.11,0.16666666666666663,1.0000000000000002,5.000000000000002,5.0
n,100000,6,0.16912417339015984,0.9904165190313321,4.954411507196692,5.00236,0.11,0.16666666666666663,1.0000000000000002,5.000000000000002,5.0
n,100000,7,0.16496266260719622,1.0029019443432368,5.013516848791097,4.99901,0.10,0.16666666666666663,1.0000000000000002,5.000000000000002,5.0
n,100000,8,0.16532000127936544,1.0162797431803074,5.083855977495359,5.00248,0.11,0.16666666666666663,1.0000000000000002,5.000000000000002,5.0
n,100000,9,0.16657065591346232,1.0029825501808887,5.014327833269621,4.99944,0.10,0.16666666666666663,1.0000000000000002,5.000000000000002,5.0
n,100000,10,0.16868245214138364,0.9949251034294123,4.962772241285006,4.98813,0.11,0.16666666666666663,1.0000000000000002,5.000000000000002,5.0
n,100000,11,0.16661537600716203,1.013982628332643,5.074110686102236,5.00416,0.12,0.16666666666666663,1.0000000000000002,5.000000000000002,5.0
n,100000,12,0.16996691402656897,0.9848072612083278,4.914185540694941,4.99003,0.11,0.16666666666666663,1.0000000000000002,5.000000000000002,5.0
n,100000,13,0.166293379620927,0.9875226281721139,4.938199307437656,5.00062,0.12,0.16666666666666663,1.0000000000000002,5.000000000000002,5.0
n,100000,14,0.16584693606101275,0.9941217971249893,4.970221278124133,4.99961,0.10,0.16666666666666663,1.0000000000000002,5.000000000000002,5.0
n,100000,15,0.16459575182604316,1.003912774492937,5.022160154021844,5.00262,0.10,0.16666666666666663,1.0000000000000002,5.000000000000002,5.0
n,100000,16,0.16943934817615908,0.985514802146261,4.92042933404835,4.99276,0.11,0.16666666666666663,1.0000000000000002,5.000000000000002,5.0
n,100000,17,0.16848615499275743,0.9913276364308847,4.9480433715463334,4.99133,0.10,0.16666666666666663,1.0000000000000002,5.000000000000002,5.0
n,100000,18,0.1666449873826567,1.007423548201154,5.034175367810148,4.99709,0.11,0.16666666666666663,1.0000000000000002,5.000000000000002,5.0
n,100000,19,0.1669433739104028,0.9948356380217512,4.9794408706340505,5.00529,0.11,0.16666666666666663,1.0000000000000002,5.000000000000002,5.0
n,100000,20,0.16590353785185571,1.0238201432462946,5.120442320900351,5.00134,0.11,0.16666666666666663,1.0000000000000002,5.000000000000002,5.0
n,100000,21,0.1649110671739213,1.022052801877335,5.1123671729790345,5.00209,0.12,0.16666666666666663,1.0000000000000002,5.000000000000002,5.0
n,100000,22,0.1652200700527496,1.0102131114701964,5.050114333445333,4.99909,0.11,0.16666666666666663,1.0000000000000002,5.000000000000002,5.0
n,100000,23,0.16687717050811157,1.0124648208513602,5.058192781872889,4.99595,0.10,0.16666666666666663,1.0000000000000002,5.000000000000002,5.0
n,100000,24,0.16777812065420822,1.0030661205450528,5.0057528009565555,4.99046,0.11,0.16666666666666663,1.0000000000000002,5.000000000000002,5.0
n,100000,25,0.16299078551627652,1.0173247840964545,5.097387216698014,5.01059,0.10,0.16666666666666663,1.0000000000000002,5.000000000000002,5.0
n,100000,26,0.1673246279987853,1.0055086831046143,5.032913001040798,5.00536,0.11,0.16666666666666663,1.0000000000000002,5.000000000000002,5.0
n,100000,27,0.16758758017551056,0.989165339356325,4.942710825962809,4.99685,0.12,0.16666666666666663,1.0000000000000002,5.000000000000002,5.0
n,100000,28,0.16597898014791748,1.0128563181146109,5.07393190665565,5.00955,0.10,0.16666666666666663,1.0000000000000002,5.000000000000002,5.0
n,100000,29,0.1693951659720304,0.9731323359014254,4.861182524663202,4.99542,0.11,0.16666666666666663,1.0000000000000002,5.000000000000002,5.0
n,100000,30,0.16858811797691062,1.0183430306031471,5.095782012723977,5.00403,0.11,0.16666666666666663,1.0000000000000002,5.000000000000002,5.0
n,100000,31,0.1658449457664206,1.0090897141813449,5.045062342167107,4.99967,0.11,0.16666666666666663,1.0000000000000002,5.000000000000002,5.0
n,100000,32,0.16558273438827634,1.0034779448887934,5.01922795625037,5.00185,0.11,0.16666666666666663,1.0000000000000002,5.000000000000002,5.0
n,100000,33,0.16705740089331655,0.9879451396343328,4.934621124083913,4.99487,0.11,0.16666666666666663,1.0000000000000002,5.000000000000002,5.0
n,100000,34,0.16834921086307408,1.0082693032290035,5.034700040028179,4.99343,0.10,0.16666666666666663,1.0000000000000002,5.000000000000002,5.0
n,100000,35,0.16480487712189004,1.0129406511806105,5.064342556299129,4.99967,0.11,0.16666666666666663,1.0000000000000002,5.000000000000002,5.0
n,100000,36,0.166052420556281,1.0038239336629242,5.019814120965433,5.00071,0.10,0.16666666666666663,1.0000000000000002,5.000000000000002,5.0
n,100000,37,0.16794360159630195,0.9844914438091026,4.923983180783473,5.00156,0.12,0.16666666666666663,1.0000000000000002,5.000000000000002,5.0
n,100000,38,0.16747755239108011,1.0079418333904884,5.042491086412581,5.00276,0.11,0.16666666666666663,1.0000000000000002,5.000000000000002,5.0
n,100000,39,0.16816407695708624,0.9974594940569531,4.9859309507777585,4.99863,0.12,0.16666666666666663,1.0000000000000002,5.000000000000002,5.0
n,100000,40,0.16592249258658648,0.996886665762965,4.9854675408579086,5.00107,0.10,0.16666666666666663,1.0000000000000002,5.000000000000002,5.0
n,100000,41,0.16411022722278382,1.022194256565883,5.116756902321471,5.00566,0.11,0.16666666666666663,1.0000000000000002,5.000000000000002,5.0
n,100000,42,0.16585807219626775,1.0156603132214292,5.084997297660287,5.00663,0.11,0.16666666666666663,1.0000000000000002,5.000000000000002,5.0
n,100000,43,0.16490204185166765,1.0093109326594099,5.053310518417756,5.00673,0.11,0.16666666666666663,1.0000000000000002,5.000000000000002,5.0
n,100000,44,0.16762783929060462,0.9945059113898901,4.9750639547518505,5.00257,0.11,0.16666666666666663,1.0000000000000002,5.000000000000002,5.0
n,100000,45,0.16835498788813036,0.9867366179592183,4.928801647487142,4.9951,0.11,0.16666666666666663,1.0000000000000002,5.000000000000002,5.0
n,100000,46,0.16673030138870287,1.017190211654893,5.088484420515013,5.00251,0.11,0.16666666666666663,1.0000000000000002,5.000000000000002,5.0
n,100000,47,0.16736975806854892,1.0109360905978413,5.054003977058439,4.99935,0.10,0.16666666666666663,1.0000000000000002,5.000000000000002,5.0
n,100000,48,0.16396297790578301,1.0202876100842584,5.1082910195272815,5.00674,0.11,0.16666666666666663,1.0000000000000002,5.000000000000002,5.0
n,100000,49,0.1659671318274401,0.9985958950406534,5.010571772725749,5.01762,0.09,0.16666666666666663,1.0000000000000002,5.000000000000002,5.0
n,100000,50,0.16635185292756746,0.9936036331334591,4.96053600622761,4.99237,0.10,0.16666666666666663,1.0000000000000002,5.000000000000002,5.0
n,100000,51,0.1692147108732803,0.9906974304962972,4.9449479291427325,4.99141,0.11,0.16666666666666663,1.0000000000000002,5.000000000000002,5.0
n,100000,52,0.16553937911240096,1.001675485749598,5.011542723283029,5.00316,0.11,0.16666666666666663,1.0000000000000002,5.000000000000002,5.0
n,100000,53,0.1650567920583073,1.024251617845701,5.1237586581319166,5.00246,0.12,0.16666666666666663,1.0000000000000002,5.000000000000002,5.0
n,100000,54,0.16672477148776393,0.9943123281840964,4.9625569265070695,4.99098,0.11,0.16666666666666663,1.0000000000000002,5.000000000000002,5.0
n,100000,55,0.16329491593074888,1.0426493852151992,5.224445104743945,5.01075,0.11,0.16666666666666663,1.0000000000000002,5.000000000000002,5.0
n,100000,56,0.1664968767325078,1.0040822347818454,5.016718933939431,4.99637,0.11,0.16666666666666663,1.0000000000000002,5.000000000000002,5.0
n,100000,57,0.16470350810939338,1.0060127771959007,5.034762398283076,5.00469,0.12,0.16666666666666663,1.0000000000000002,5.000000000000002,5.0
n,100000,58,0.16570814662161623,1.0063316551567072,5.039420402727819,5.00772,0.11,0.16666666666666663,1.0000000000000002,5.000000000000002,5.0
n,100000,59,0.16523060922436897,1.000236863515904,5.000967522873857,4.9998,0.11,0.16666666666666663,1.0000000000000002,5.000000000000002,5.0
n,100000,60,0.16722490335902424,0.991331746972693,4.954538075663804,4.99788,0.11,0.16666666666666663,1.0000000000000002,5.000000000000002,5.0
n,100000,61,0.16341726891141523,1.0385710582075516,5.210840052826113,5.01734,0.11,0.16666666666666663,1.0000000000000002,5.000000000000002,5.0
n,100000,62,0.1638759209460878,1.019997776121377,5.101627551662866,5.00165,0.11,0.16666666666666663,1.0000000000000002,5.000000000000002,5.0
n,100000,63,0.16433908086170962,1.0076955498153535,5.042952336154583,5.00447,0.11,0.16666666666666663,1.0000000000000002,5.000000000000002,5.0
n,100000,64,0.169353673803486,0.9662884453650722,4.81642167653797,4.98448,0.10,0.16666666666666663,1.0000000000000002,5.000000000000002,5.0
n,100000,65,0.16810840251663003,0.9888864186736387,4.938452952980293,4.99398,0.10,0.16666666666666663,1.0000000000000002,5.000000000000002,5.0
n,100000,66,0.1683806606291954,0.9944413471015334,4.973171558688149,5.00099,0.11,0.16666666666666663,1.0000000000000002,5.000000000000002,5.0
n,100000,67,0.16512254510617916,0.9962077276681283,4.991367613902607,5.0104,0.11,0.16666666666666663,1.0000000000000002,5.000000000000002,5.0
n,100000,68,0.16755057474022703,1.0032444953956483,5.016707228210303,5.00052,0.10,0.16666666666666663,1.0000000000000002,5.000000000000002,5.0
n,100000,69,0.16448806308868702,1.0070488225411003,5.045386582859484,5.01009,0.11,0.16666666666666663,1.0000000000000002,5.000000000000002,5.0
n,100000,70,0.16571538318418888,0.9974211553744206,4.985593342613338,4.99851,0.11,0.16666666666666663,1.0000000000000002,5.000000000000002,5.0
n,100000,71,0.16788429430711474,0.9905116219346932,4.941861633196983,4.98921,0.11,0.16666666666666663,1.0000000000000002,5.000000000000002,5.0
n,100000,72,0.16589628139419776,0.9854313052166751,4.937466640860984,5.01048,0.11,0.16666666666666663,1.0000000000000002,5.000000000000002,5.0
n,100000,73,0.1660848924881318,1.0326959674356049,5.17731796314163,5.0134,0.10,0.16666666666666663,1.0000000000000002,5.000000000000002,5.0
n,100000,74,0.164577799468749,1.0285405377900485,5.142226728561006,4.99952,0.10,0.16666666666666663,1.0000000000000002,5.000000000000002,5.0
n,100000,75,0.16780624730099322,0.9872281173576813,4.9379472142433425,5.00184,0.10,0.16666666666666663,1.0000000000000002,5.000000000000002,5.0
n,100000,76,0.1629108420681565,1.0150078337997936,5.0964129352541,5.02109,0.10,0.16666666666666663,1.0000000000000002,5.000000000000002,5.0
n,100000,77,0.1639165893051438,1.0243289311117296,5.1307906429274635,5.00895,0.10,0.16666666666666663,1.0000000000000002,5.000000000000002,5.0
n,100000,78,0.1677739865920177,0.9949880422364338,4.968979214763654,4.99404,0.10,0.16666666666666663,1.0000000000000002,5.000000000000002,5.0
n,100000,79,0.16386860292677466,1.032615354603752,5.166634531307083,5.00346,0.10,0.16666666666666663,1.0000000000000002,5.000000000000002,5.0
n,100000,80,0.16677443183069326,0.9938584016280338,4.964734628838322,4.99543,0.11,0.16666666666666663,1.0000000000000002,5.000000000000002,5.0
n,100000,81,0.16611086201098532,0.9902497529053663,4.947014643724518,4.99576,0.11,0.16666666666666663,1.0000000000000002,5.000000000000002,5.0
n,100000,82,0.16741624377690661,1.0080533127857514,5.029651762544918,4.98948,0.10,0.16666666666666663,1.0000000000000002,5.000000000000002,5.0
n,100000,83,0.1652338431969248,0.9904226532804371,4.946963068605155,4.9948,0.12,0.16666666666666663,1.0000000000000002,5.000000000000002,5.0
n,100000,84,0.16841244484254006,0.9846682349472821,4.924870889217507,5.00159,0.12,0.16666666666666663,1.0000000000000002,5.000000000000002,5.0
n,100000,85,0.16360530626922923,1.014338639924973,5.077139058866786,5.0054,0.11,0.16666666666666663,1.0000000000000002,5.000000000000002,5.0
n,100000,86,0.16461239505857567,1.0097842832690118,5.061424667580005,5.01232,0.11,0.16666666666666663,1.0000000000000002,5.000000000000002,5.0
n,100000,87,0.16738093619947308,0.9858811338004337,4.93212183086097,5.00278,0.11,0.16666666666666663,1.0000000000000002,5.000000000000002,5.0
n,100000,88,0.16498018921000235,0.998352344837407,5.004151276786587,5.01242,0.12,0.16666666666666663,1.0000000000000002,5.000000000000002,5.0
n,100000,89,0.1696488709987812,0.9756732189984021,4.867116582776839,4.98848,0.11,0.16666666666666663,1.0000000000000002,5.000000000000002,5.0
n,100000,90,0.16851554985572298,0.9893912048150999,4.937431482096728,4.9904,0.12,0.16666666666666663,1.0000000000000002,5.000000000000002,5.0
n,100000,91,0.168798583883667,0.9719536308834605,4.853868182144209,4.99394,0.11,0.16666666666666663,1.0000000000000002,5.000000000000002,5.0
n,100000,92,0.1695118214931506,0.9839699832342492,4.913784891059596,4.99387,0.10,0.16666666666666663,1.0000000000000002,5.000000000000002,5.0
n,100000,93,0.16592647717815762,1.0182758351286272,5.09005078386017,4.99872,0.11,0.16666666666666663,1.0000000000000002,5.000000000000002,5.0
n,100000,94,0.1675760218245238,1.0026468682734744,5.0131308695464405,4.99988,0.11,0.16666666666666663,1.0000000000000002,5.000000000000002,5.0
n,100000,95,0.16497192776050357,1.013460783613206,5.065068109338213,4.99782,0.12,0.16666666666666663,1.0000000000000002,5.000000000000002,5.0
n,100000,96,0.17203893237005818,0.9573670239029911,4.770607192503777,4.983,0.10,0.16666666666666663,1.0000000000000002,5.000000000000002,5.0
n,100000,97,0.16696051269134973,1.0084851272413635,5.045036437776392,5.00262,0.11,0.16666666666666663,1.0000000000000002,5.000000000000002,5.0
n,100000,98,0.1677561701267161,0.9834398085698735,4.91211405750028,4.99463,0.11,0.16666666666666663,1.0000000000000002,5.000000000000002,5.0
n,100000,99,0.16608954316223673,1.012215666936248,5.059995263917426,4.99893,0.11,0.16666666666666663,1.0000000000000002,5.000000000000002,5.0
n,100000,100,0.16934330513678558,0.9818957434470824,4.908919309213883,4.99943,0.11,0.16666666666666663,1.0000000000000002,5.000000000000002,5.0
n,1000000,1,0.16750226922688166,0.9942198040968206,4.967316014129851,4.996195,0.50,0.16666666666666663,1.0000000000000002,5.000000000000002,5.0
n,1000000,2,0.16645871185342437,1.0001155600521827,5.000861867307473,5.000285,0.50,0.16666666666666663,1.0000000000000002,5.000000000000002,5.0
n,1000000,3,0.16699579994990987,0.9915424173770598,4.956704502956309,4.998988,0.51,0.16666666666666663,1.0000000000000002,5.000000000000002,5.0
n,1000000,4,0.16638587354928835,0.9973379328254394,4.986216463691425,4.999529,0.49,0.16666666666666663,1.0000000000000002,5.000000000000002,5.0
n,1000000,5,0.16751242321657758,0.9985587210831701,4.990291999609155,4.997498,0.51,0.16666666666666663,1.0000000000000002,5.000000000000002,5.0
n,1000000,6,0.16766457840504992,0.99114413631995,4.953674960102007,4.997937,0.50,0.16666666666666663,1.0000000000000002,5.000000000000002,5.0
n,1000000,7,0.1666638331015477,1.0007312245809497,5.003244878245802,4.999591,0.50,0.16666666666666663,1.0000000000000002,5.000000000000002,5.0
n,1000000,8,0.16666213270946081,0.9994049066587918,4.9963351598714425,4.999312,0.50,0.16666666666666663,1.0000000000000002,5.000000000000002,5.0
n,1000000,9,0.1666839037956158,1.006588074760807,5.031834519338577,4.998899,0.50,0.16666666666666663,1.0000000000000002,5.000000000000002,5.0
n,1000000,10,0.16659423667854598,1.0043260139522179,5.024169132521005,5.002532,0.50,0.16666666666666663,1.0000000000000002,5.000000000000002,5.0
n,1000000,11,0.16591276487759166,1.0024362366860542,5.014831003903313,5.002641,0.51,0.16666666666666663,1.0000000000000002,5.000000000000002,5.0
n,1000000,12,0.16712620038551607,1.000457646726262,4.999740379159912,4.997457,0.50,0.16666666666666663,1.0000000000000002,5.000000000000002,5.0
n,1000000,13,0.16583271766628607,1.0033390582254567,5.0194064152271896,5.002704,0.50,0.16666666666666663,1.0000000000000002,5.000000000000002,5.0
n,1000000,14,0.16659188637875055,0.9993600302431714,4.998114758890568,5.001318,0.50,0.16666666666666663,1.0000000000000002,5.000000000000002,5.0
n,1000000,15,0.16639392734224398,1.0019313223530342,5.008322039244412,4.998668,0.50,0.16666666666666663,1.0000000000000002,5.000000000000002,5.0
n,1000000,16,0.16708464533025116,0.9965708377158329,4.981912790192607,4.999059,0.51,0.16666666666666663,1.0000000000000002,5.000000000000002,5.0
n,1000000,17,0.16634403288164604,0.9988337797588187,4.994159308209985,4.999993,0.50,0.16666666666666663,1.0000000000000002,5.000000000000002,5.0
n,1000000,18,0.16718474831633465,0.997785827626951,4.988140906391185,4.999212,0.50,0.16666666666666663,1.0000000000000002,5.000000000000002,5.0
n,1000000,19,0.16641449078763432,1.0048833366086452,5.02688894854483,5.002461,0.52,0.16666666666666663,1.0000000000000002,5.000000000000002,5.0
n,1000000,20,0.16684293685873716,0.996084862731288,4.980323235322267,4.9999,0.50,0.16666666666666663,1.0000000000000002,5.000000000000002,5.0
n,1000000,21,0.16582132515302597,1.0022053696370967,5.013939196188075,5.002909,0.51,0.16666666666666663,1.0000000000000002,5.000000000000002,5.0
n,1000000,22,0.1667194040429945,0.9964688202113364,4.985109848890856,5.002777,0.50,0.16666666666666663,1.0000000000000002,5.000000000000002,5.0
n,1000000,23,0.16709641031384753,0.9996584726052226,4.998168820528162,4.99988,0.49,0.16666666666666663,1.0000000000000002,5.000000000000002,5.0
n,1000000,24,0.1666881915794541,1.006320558041775,5.03357016450804,5.001956,0.51,0.16666666666666663,1.0000000000000002,5.000000000000002,5.0
n,1000000,25,0.16623730841049755,1.007283287904972,5.038859979020588,5.002427,0.50,0.16666666666666663,1.0000000000000002,5.000000000000002,5.0
n,1000000,26,0.16641202281790296,1.003678365120591,5.016211252081694,4.99783,0.50,0.16666666666666663,1.0000000000000002,5.000000000000002,5.0
n,1000000,27,0.16574208940406682,1.0074237435309548,5.041419409616531,5.004269,0.50,0.16666666666666663,1.0000000000000002,5.000000000000002,5.0
n,1000000,28,0.16664723740959148,1.000661286749008,5.004356127434899,5.001049,0.51,0.16666666666666663,1.0000000000000002,5.000000000000002,5.0
n,1000000,29,0.16796382448800193,0.9929589373135119,4.961128682171448,4.996308,0.50,0.16666666666666663,1.0000000000000002,5.000000000000002,5.0
n,1000000,30,0.16651696361436333,1.0036361178398168,5.021429404960283,5.003238,0.51,0.16666666666666663,1.0000000000000002,5.000000000000002,5.0
n,1000000,31,0.16720735596231256,0.9975091353731129,4.985182798810466,4.997633,0.51,0.16666666666666663,1.0000000000000002,5.000000000000002,5.0
n,1000000,32,0.16623408817164534,0.9997409983788624,5.000878540839259,5.002175,0.51,0.16666666666666663,1.0000000000000002,5.000000000000002,5.0
n,1000000,33,0.16686257934463458,1.0030368972609114,5.0131533365875,4.997975,0.50,0.16666666666666663,1.0000000000000002,5.000000000000002,5.0
n,1000000,34,0.1667723948248301,1.0020717085779856,5.007521844441169,4.997092,0.50,0.16666666666666663,1.0000000000000002,5.000000000000002,5.0
n,1000000,35,0.16641419177596634,1.0033174799595865,5.015758866894091,4.999177,0.50,0.16666666666666663,1.0000000000000002,5.000000000000002,5.0
n,1000000,36,0.16613611117553395,1.0066628552842898,5.0349960316580304,5.001676,0.50,0.16666666666666663,1.0000000000000002,5.000000000000002,5.0
n,1000000,37,0.1663508021505845,1.0038946672233047,5.021096118095851,5.001617,0.51,0.16666666666666663,1.0000000000000002,5.000000000000002,5.0
n,1000000,38,0.16618829018347464,1.0097646111840088,5.05013219541716,5.001291,0.51,0.16666666666666663,1.0000000000000002,5.000000000000002,5.0
n,1000000,39,0.16713963855327643,0.992844434002879,4.960663054817572,4.996421,0.51,0.16666666666666663,1.0000000000000002,5.000000000000002,5.0
n,1000000,40,0.16626396421163123,0.9977233800035794,4.990236834988,5.001625,0.51,0.16666666666666663,1.0000000000000002,5.000000000000002,5.0
n,1000000,41,0.1675380134014568,0.9996507245401318,4.997407580977302,4.999158,0.52,0.16666666666666663,1.0000000000000002,5.000000000000002,5.0
n,1000000,42,0.16642217176634588,1.003999827345985,5.022840456241825,5.002831,0.50,0.16666666666666663,1.0000000000000002,5.000000000000002,5.0
n,1000000,43,0.16613086826111642,1.0027236883277615,5.0192456616418495,5.005614,0.51,0.16666666666666663,1.0000000000000002,5.000000000000002,5.0
n,1000000,44,0.16673344929438136,1.0026791970137618,5.012197783429215,4.998805,0.50,0.16666666666666663,1.0000000000000002,5.000000000000002,5.0
n,1000000,45,0.16635991828223037,0.9983582335843086,4.990461354754794,4.998668,0.51,0.16666666666666663,1.0000000000000002,5.000000000000002,5.0
n,1000000,46,0.16681157165658397,0.9993629280264865,4.997786442343505,5.000978,0.52,0.16666666666666663,1.0000000000000002,5.000000000000002,5.0
n,1000000,47,0.16577941826310727,1.0097342531070659,5.049911255775612,5.00123,0.52,0.16666666666666663,1.0000000000000002,5.000000000000002,5.0
n,1000000,48,0.16605138963398217,0.9996495514166891,4.997619193980575,4.999374,0.51,0.16666666666666663,1.0000000000000002,5.000000000000002,5.0
n,1000000,49,0.1666184793110288,1.0005854096988092,5.004235161168938,5.001312,0.51,0.16666666666666663,1.0000000000000002,5.000000000000002,5.0
n,1000000,50,0.16631990936244723,1.0034321014211187,5.017292397750752,5.000135,0.51,0.16666666666666663,1.0000000000000002,5.000000000000002,5.0
n,1000000,51,0.16747036124152662,0.9956426367944389,4.977832732249666,4.999619,0.51,0.16666666666666663,1.0000000000000002,5.000000000000002,5.0
n,1000000,52,0.16690614324947087,1.0018202889246088,5.008193565165108,4.999097,0.51,0.16666666666666663,1.0000000000000002,5.000000000000002,5.0
n,1000000,53,0.1665356178336209,0.9998127763186548,5.002285284962271,5.003224,0.50,0.16666666666666663,1.0000000000000002,5.000000000000002,5.0
n,1000000,54,0.16559200973509614,1.0062341272167548,5.032462602680928,5.001286,0.50,0.16666666666666663,1.0000000000000002,5.000000000000002,5.0
n,1000000,55,0.1668958729860266,0.9965553224875267,4.981912657960008,4.999135,0.49,0.16666666666666663,1.0000000000000002,5.000000000000002,5.0
n,1000000,56,0.16675173622877734,0.9953559756317695,4.9785564030590725,5.001789,0.50,0.16666666666666663,1.0000000000000002,5.000000000000002,5.0
n,1000000,57,0.1663133650414792,1.0015239597337822,5.007589692298706,4.999977,0.51,0.16666666666666663,1.0000000000000002,5.000000000000002,5.0
n,1000000,58,0.16643859507365358,1.002663668583138,5.013212804459988,4.999892,0.51,0.16666666666666663,1.0000000000000002,5.000000000000002,5.0
n,1000000,59,0.16648977288678252,0.9981031668142301,4.991629426045855,5.001118,0.50,0.16666666666666663,1.0000000000000002,5.000000000000002,5.0
n,1000000,60,0.16671668277185253,0.9973136553833145,4.984962601931718,4.99839,0.50,0.16666666666666663,1.0000000000000002,5.000000000000002,5.0
n,1000000,61,0.1657546180517874,1.0118259887148877,5.062740050916126,5.003571,0.51,0.16666666666666663,1.0000000000000002,5.000000000000002,5.0
n,1000000,62,0.1655109850557344,1.0079805407552151,5.0423048879827,5.002387,0.51,0.16666666666666663,1.0000000000000002,5.000000000000002,5.0
n,1000000,63,0.16641666541716021,0.9974906704274197,4.989422001756717,5.001975,0.50,0.16666666666666663,1.0000000000000002,5.000000000000002,5.0
n,1000000,64,0.166880579213459,0.9979594222021069,4.991054742573533,5.001265,0.51,0.16666666666666663,1.0000000000000002,5.000000000000002,5.0
n,1000000,65,0.1676978743283812,0.9920687580991496,4.958538941420714,4.998185,0.51,0.16666666666666663,1.0000000000000002,5.000000000000002,5.0
n,1000000,66,0.167649264292872,0.9910451574471306,4.950866085077642,4.995602,0.50,0.16666666666666663,1.0000000000000002,5.000000000000002,5.0
n,1000000,67,0.16609731548184858,1.0033682005706892,5.020212605884369,5.003356,0.51,0.16666666666666663,1.0000000000000002,5.000000000000002,5.0
n,1000000,68,0.16706593975566048,0.9928815195411788,4.9647391966868195,5.000337,0.51,0.16666666666666663,1.0000000000000002,5.000000000000002,5.0
n,1000000,69,0.16668150675817767,1.0021384059620282,5.00841016065991,4.997723,0.51,0.16666666666666663,1.0000000000000002,5.000000000000002,5.0
n,1000000,70,0.1655199241350856,0.9987403526133524,4.996284527767717,5.002576,0.51,0.16666666666666663,1.0000000000000002,5.000000000000002,5.0
n,1000000,71,0.16632890289074884,1.0015704986680383,5.010360818608691,5.00251,0.51,0.16666666666666663,1.0000000000000002,5.000000000000002,5.0
n,1000000,72,0.16680575393429697,0.9970289637903191,4.986795898916353,5.001656,0.51,0.16666666666666663,1.0000000000000002,5.000000000000002,5.0
n,1000000,73,0.16739701209231161,0.9970151675609493,4.983625562624501,4.998548,0.50,0.16666666666666663,1.0000000000000002,5.000000000000002,5.0
n,1000000,74,0.16607346526132588,1.0030853179468064,5.016541298579477,5.001112,0.51,0.16666666666666663,1.0000000000000002,5.000000000000002,5.0
n,1000000,75,0.1661627529624467,0.9968817074080404,4.985589655554288,5.001187,0.50,0.16666666666666663,1.0000000000000002,5.000000000000002,5.0
n,1000000,76,0.1661895193271643,1.0040300444524188,5.025622779957206,5.005442,0.51,0.16666666666666663,1.0000000000000002,5.000000000000002,5.0
n,1000000,77,0.16510313023152973,1.005900170024055,5.03163242377621,5.002122,0.51,0.16666666666666663,1.0000000000000002,5.000000000000002,5.0
n,1000000,78,0.1675447438994237,0.9939415040637413,4.964549384429171,4.994815,0.50,0.16666666666666663,1.0000000000000002,5.000000000000002,5.0
n,1000000,79,0.16644262104166607,0.9988058690599242,4.991521340920662,4.997494,0.51,0.16666666666666663,1.0000000000000002,5.000000000000002,5.0
n,1000000,80,0.16608265789827212,0.9991160516027902,4.997785307139845,5.002208,0.49,0.16666666666666663,1.0000000000000002,5.000000000000002,5.0
n,1000000,81,0.1652583353678007,1.0034288868637748,5.018455432589798,5.001309,0.50,0.16666666666666663,1.0000000000000002,5.000000000000002,5.0
n,1000000,82,0.16710186163661456,0.9973175013594705,4.983986152012832,4.997377,0.50,0.16666666666666663,1.0000000000000002,5.000000000000002,5.0
n,1000000,83,0.16617473258583348,0.9971870643069823,4.986602439680873,5.00067,0.50,0.16666666666666663,1.0000000000000002,5.000000000000002,5.0
n,1000000,84,0.16642336525447862,1.0000404781881085,5.0008550261523865,5.000656,0.50,0.16666666666666663,1.0000000000000002,5.000000000000002,5.0
n,1000000,85,0.1673921588434799,0.9925407945569457,4.961842761547797,4.999135,0.50,0.16666666666666663,1.0000000000000002,5.000000000000002,5.0
n,1000000,86,0.1669133706211881,1.0046241295129705,5.024394647250635,5.001271,0.51,0.16666666666666663,1.0000000000000002,5.000000000000002,5.0
n,1000000,87,0.16656652238694392,0.9972122972786103,4.9888320745274815,5.002782,0.52,0.16666666666666663,1.0000000000000002,5.000000000000002,5.0
n,1000000,88,0.16584475948221447,0.99873085153773,4.996648471632373,5.002998,0.51,0.16666666666666663,1.0000000000000002,5.000000000000002,5.0
n,1000000,89,0.16750151777471722,0.993163189043433,4.964916062645852,4.999095,0.50,0.16666666666666663,1.0000000000000002,5.000000000000002,5.0
n,1000000,90,0.1666556704097925,1.0019381118291744,5.0113906157104395,5.001702,0.50,0.16666666666666663,1.0000000000000002,5.000000000000002,5.0
n,1000000,91,0.16806962354029473,0.9887076838979907,4.940048690128833,4.996471,0.51,0.16666666666666663,1.0000000000000002,5.000000000000002,5.0
n,1000000,92,0.16723234853550434,0.9963113142275998,4.981129153584091,4.999571,0.49,0.16666666666666663,1.0000000000000002,5.000000000000002,5.0
n,1000000,93,0.16615870635575217,1.0095103144251216,5.048939648808121,5.001375,0.50,0.16666666666666663,1.0000000000000002,5.000000000000002,5.0
n,1000000,94,0.167156728576344,0.9986264289112786,4.99487602172257,5.001749,0.51,0.16666666666666663,1.0000000000000002,5.000000000000002,5.0
n,1000000,95,0.16670141363471025,0.9984443183367587,4.990258256687667,4.998038,0.50,0.16666666666666663,1.0000000000000002,5.000000000000002,5.0
n,1000000,96,0.16715885540770006,0.9999737022106929,5.000319605999145,5.000453,0.51,0.16666666666666663,1.0000000000000002,5.000000000000002,5.0
n,1000000,97,0.16630814022666657,0.9996919550514323,4.999019344867866,5.000561,0.50,0.16666666666666663,1.0000000000000002,5.000000000000002,5.0
n,1000000,98,0.16693793486400527,0.9985283722063987,4.988317191542824,4.995671,0.50,0.16666666666666663,1.0000000000000002,5.000000000000002,5.0
n,1000000,99,0.16697549268969497,1.0006214005663725,5.002142991965066,4.999039,0.51,0.16666666666666663,1.0000000000000002,5.000000000000002,5.0
n,1000000,100,0.16635967650774552,1.005874532522669,5.031168722482903,5.001789,0.50,0.16666666666666663,1.0000000000000002,5.000000000000002,5.0
n,10000000,1,0.16646422497092153,0.9997250950356659,4.999406630875148,5.0007814,4.58,0.16666666666666663,1.0000000000000002,5.000000000000002,5.0
n,10000000,2,0.16658242377782023,0.9994818690061316,4.997040092718434,4.9996307,4.58,0.16666666666666663,1.0000000000000002,5.000000000000002,5.0
n,10000000,3,0.16670046236920513,0.9991070143738158,4.9961703041099135,5.0006358,4.60,0.16666666666666663,1.0000000000000002,5.000000000000002,5.0
n,10000000,4,0.1666645500697207,0.9995343162803504,4.9978362047050755,5.0001647,4.58,0.16666666666666663,1.0000000000000002,5.000000000000002,5.0
n,10000000,5,0.1669437287590452,0.997444813241201,4.986706138898854,4.999481,4.58,0.16666666666666663,1.0000000000000002,5.000000000000002,5.0
n,10000000,6,0.16700202390814653,0.999004557637331,4.993028005829708,4.9980035,4.60,0.16666666666666663,1.0000000000000002,5.000000000000002,5.0
n,10000000,7,0.16683120408808366,0.9999592584832254,4.999165618109856,4.9993693,4.61,0.16666666666666663,1.0000000000000002,5.000000000000002,5.0
n,10000000,8,0.16657542795183708,1.001765816519274,5.009082629524838,5.0002531,4.67,0.16666666666666663,1.0000000000000002,5.000000000000002,5.0
n,10000000,9,0.16676294023105656,1.0005101243609624,5.002538344791899,4.999988,4.67,0.16666666666666663,1.0000000000000002,5.000000000000002,5.0
n,10000000,10,0.16647595551982908,1.0018417551914323,5.01066673137755,5.0014556,4.64,0.16666666666666663,1.0000000000000002,5.000000000000002,5.0
n,10000000,11,0.16639260248516013,1.0018761922867703,5.0092433889124495,4.9998629,4.60,0.16666666666666663,1.0000000000000002,5.000000000000002,5.0
n,10000000,12,0.16648417933412848,1.002885831236016,5.015143238133484,5.0007124,4.58,0.16666666666666663,1.0000000000000002,5.000000000000002,5.0
n,10000000,13,0.16653625944160774,1.0002663528018039,5.001565962766796,5.0002342,4.59,0.16666666666666663,1.0000000000000002,5.000000000000002,5.0
n,10000000,14,0.16660193553515162,1.0016675868925602,5.00928174330032,5.0009425,4.62,0.16666666666666663,1.0000000000000002,5.000000000000002,5.0
n,10000000,15,0.16651712293402685,1.0009032882149849,5.005284024914488,5.0007668,4.61,0.16666666666666663,1.0000000000000002,5.000000000000002,5.0
n,10000000,16,0.16680308140105793,0.9974610924355808,4.987497872421184,5.000193,4.58,0.16666666666666663,1.0000000000000002,5.000000000000002,5.0
n,10000000,17,0.16666636670941656,1.0012797097274517,5.007111869356604,5.0007126,4.66,0.16666666666666663,1.0000000000000002,5.000000000000002,5.0
n,10000000,18,0.1667488748887129,0.9990657763250448,4.995235249675496,4.9999054,4.62,0.16666666666666663,1.0000000000000002,5.000000000000002,5.0
n,10000000,19,0.1664370138952176,1.0015985846893114,5.008368623077008,5.0003751,4.59,0.16666666666666663,1.0000000000000002,5.000000000000002,5.0
n,10000000,20,0.16679149933059573,0.999731596832483,4.998551387573755,4.9998933,4.63,0.16666666666666663,1.0000000000000002,5.000000000000002,5.0
n,10000000,21,0.16666892647015416,0.9993554842534395,4.9972120062904635,5.0004348,4.61,0.16666666666666663,1.0000000000000002,5.000000000000002,5.0
n,10000000,22,0.16675137879334392,0.9989698717863416,4.99570648378863,5.0008582,4.57,0.16666666666666663,1.0000000000000002,5.000000000000002,5.0
n,10000000,23,0.16691399989277692,0.9979571569917298,4.988711983057619,4.998924,4.58,0.16666666666666663,1.0000000000000002,5.000000000000002,5.0
n,10000000,24,0.16689148404671283,0.9979520817405158,4.989673678410224,4.99991,4.58,0.16666666666666663,1.0000000000000002,5.000000000000002,5.0
n,10000000,25,0.16632265392683662,1.0041349126460755,5.0212666778840545,5.00059,4.61,0.16666666666666663,1.0000000000000002,5.000000000000002,5.0
n,10000000,26,0.16656402733343012,1.0027734098306902,5.0137367888912605,4.9998701,4.61,0.16666666666666663,1.0000000000000002,5.000000000000002,5.0
n,10000000,27,0.16665292264035952,1.0009596461911787,5.00454588902846,4.9997479,4.61,0.16666666666666663,1.0000000000000002,5.000000000000002,5.0
n,10000000,28,0.16684543161730114,1.0003303850748857,5.001420114153322,4.9997683,4.61,0.16666666666666663,1.0000000000000002,5.000000000000002,5.0
n,10000000,29,0.16670814299678416,0.9991720059776322,4.995097426678449,4.9992369,4.61,0.16666666666666663,1.0000000000000002,5.000000000000002,5.0
n,10000000,30,0.1667872490879617,0.9989300045814377,4.994549540486346,4.9998996,4.58,0.16666666666666663,1.0000000000000002,5.000000000000002,5.0
n,10000000,31,0.16675191474163154,0.9998705477739762,4.999269982224714,4.9999174,4.59,0.16666666666666663,1.0000000000000002,5.000000000000002,5.0
n,10000000,32,0.1664538411492578,1.0020918419325795,5.01048580779644,5.000027,4.57,0.16666666666666663,1.0000000000000002,5.000000000000002,5.0
n,10000000,33,0.1666867180594364,1.0001289867788603,5.000297226642082,4.9996527,4.57,0.16666666666666663,1.0000000000000002,5.000000000000002,5.0
n,10000000,34,0.16663070955772755,0.9993719122659179,4.996797854637423,4.9999385,4.60,0.16666666666666663,1.0000000000000002,5.000000000000002,5.0
n,10000000,35,0.16685634327947696,0.9997237074538605,4.997829355375362,4.9992106,4.61,0.16666666666666663,1.0000000000000002,5.000000000000002,5.0
n,10000000,36,0.16676578228179184,0.9997773012950755,4.9991073605183916,5.0002212,4.58,0.16666666666666663,1.0000000000000002,5.000000000000002,5.0
n,10000000,37,0.16674981500386693,0.9990558202906511,4.994978074845764,4.9996991,4.66,0.16666666666666663,1.0000000000000002,5.000000000000002,5.0
n,10000000,38,0.16681829092275455,1.0002303301906024,4.99969191481085,4.9985406,4.57,0.16666666666666663,1.0000000000000002,5.000000000000002,5.0
n,10000000,39,0.1664208753689644,1.0009590585506336,5.005582917484462,5.0007873,4.61,0.16666666666666663,1.0000000000000002,5.000000000000002,5.0
n,10000000,40,0.16683887146016135,0.9965714760515375,4.982236799770577,4.9993769,4.62,0.16666666666666663,1.0000000000000002,5.000000000000002,5.0
n,10000000,41,0.1668304869500753,0.998809291385991,4.993631165042014,4.9995844,4.65,0.16666666666666663,1.0000000000000002,5.000000000000002,5.0
n,10000000,42,0.16631990663202886,1.0032110589728707,5.0172599066819625,5.0012011,4.58,0.16666666666666663,1.0000000000000002,5.000000000000002,5.0
n,10000000,43,0.16697077731690224,0.9984662340250121,4.9922106578392365,4.9998797,4.59,0.16666666666666663,1.0000000000000002,5.000000000000002,5.0
n,10000000,44,0.16678398598328514,0.9979530537687128,4.989510702693492,4.999745,4.60,0.16666666666666663,1.0000000000000002,5.000000000000002,5.0
n,10000000,45,0.16643823110561998,1.0024043068196271,5.012411469374479,5.000389,4.60,0.16666666666666663,1.0000000000000002,5.000000000000002,5.0
n,10000000,46,0.16666695999151704,0.9992356022245785,4.9963222629075,5.0001446,4.59,0.16666666666666663,1.0000000000000002,5.000000000000002,5.0
n,10000000,47,0.16627583057775913,1.0037226724144432,5.019904852036486,5.0012867,4.57,0.16666666666666663,1.0000000000000002,5.000000000000002,5.0
n,10000000,48,0.16680288278623248,0.9984216629205023,4.991272886561754,4.9991636,4.62,0.16666666666666663,1.0000000000000002,5.000000000000002,5.0
n,10000000,49,0.16628858344100456,1.003496165778964,5.01827831385409,5.0007949,4.57,0.16666666666666663,1.0000000000000002,5.000000000000002,5.0
n,10000000,50,0.16663980146878818,1.0005950828533379,5.002007232653413,4.9990326,4.59,0.16666666666666663,1.0000000000000002,5.000000000000002,5.0
n,10000000,51,0.16682612190636584,0.9979979699202102,4.989825555015194,4.9998357,4.61,0.16666666666666663,1.0000000000000002,5.000000000000002,5.0
n,10000000,52,0.16674890284312477,0.9997330650867106,4.998087225708296,4.9994218,4.64,0.16666666666666663,1.0000000000000002,5.000000000000002,5.0
n,10000000,53,0.16651366227131978,1.0020495429647815,5.0109775163608195,5.0007278,4.61,0.16666666666666663,1.0000000000000002,5.000000000000002,5.0
n,10000000,54,0.1666272524561465,0.999016670303278,4.996239513511757,5.0011573,4.62,0.16666666666666663,1.0000000000000002,5.000000000000002,5.0
n,10000000,55,0.16683237311604968,0.9965654885528794,4.982132250192867,4.9993025,4.60,0.16666666666666663,1.0000000000000002,5.000000000000002,5.0
n,10000000,56,0.16685994243814645,0.9968120913720829,4.983137794162917,4.9990746,4.65,0.16666666666666663,1.0000000000000002,5.000000000000002,5.0
n,10000000,57,0.16658841568399285,0.9992556306303606,4.996429300572413,5.0001502,4.58,0.16666666666666663,1.0000000000000002,5.000000000000002,5.0
n,10000000,58,0.16665738641684233,1.0007141604558116,5.003437344933636,4.9998654,4.61,0.16666666666666663,1.0000000000000002,5.000000000000002,5.0
n,10000000,59,0.16633827551189326,1.0021763609107504,5.011525225742652,5.0006422,4.60,0.16666666666666663,1.0000000000000002,5.000000000000002,5.0
n,10000000,60,0.16656965397941523,0.999597843332165,4.997850772356615,4.9998615,4.63,0.16666666666666663,1.0000000000000002,5.000000000000002,5.0
n,10000000,61,0.16665785575226996,0.9992341916315125,4.995652455533754,4.9994811,4.61,0.16666666666666663,1.0000000000000002,5.000000000000002,5.0
n,10000000,62,0.16650938885076608,1.0017008712994193,5.009741263931958,5.0012351,4.60,0.16666666666666663,1.0000000000000002,5.000000000000002,5.0
n,10000000,63,0.16647433440696377,0.9999661967977556,5.000465587728322,5.0006345,4.61,0.16666666666666663,1.0000000000000002,5.000000000000002,5.0
n,10000000,64,0.16676573598576827,0.9990283403096384,4.994840466919462,4.9996979,4.58,0.16666666666666663,1.0000000000000002,5.000000000000002,5.0
n,10000000,65,0.16666849359217215,1.0017273741972674,5.007926913205011,4.9992916,4.64,0.16666666666666663,1.0000000000000002,5.000000000000002,5.0
n,10000000,66,0.16660219135785,0.9996136051126373,4.99817328487555,5.0001053,4.58,0.16666666666666663,1.0000000000000002,5.000000000000002,5.0
n,10000000,67,0.16663757972198986,1.0008142565562788,5.005170179606415,5.0010982,4.66,0.16666666666666663,1.0000000000000002,5.000000000000002,5.0
n,10000000,68,0.1665675620621215,1.0007606734272017,5.00474888582149,5.0009449,4.61,0.16666666666666663,1.0000000000000002,5.000000000000002,5.0
n,10000000,69,0.16679822794103852,1.0011292480455394,5.0053437079672385,4.9996982,4.57,0.16666666666666663,1.0000000000000002,5.000000000000002,5.0
n,10000000,70,0.16649348777371015,1.0001937128393907,5.001577826338542,5.0006094,4.74,0.16666666666666663,1.0000000000000002,5.000000000000002,5.0
n,10000000,71,0.16666882003746866,1.0003461395371,5.001643160668693,4.999913,4.58,0.16666666666666663,1.0000000000000002,5.000000000000002,5.0
n,10000000,72,0.1664971077406209,1.0002921311018471,5.0026729410444695,5.0012112,4.62,0.16666666666666663,1.0000000000000002,5.000000000000002,5.0
n,10000000,73,0.1668187394625835,0.9983839232081368,4.990952481533524,4.9990313,4.57,0.16666666666666663,1.0000000000000002,5.000000000000002,5.0
n,10000000,74,0.16699478951492222,0.9959391301297612,4.978792052119234,4.9990931,4.58,0.16666666666666663,1.0000000000000002,5.000000000000002,5.0
n,10000000,75,0.1665437584015807,1.0004150181833258,5.003366450067899,5.001291,4.58,0.16666666666666663,1.0000000000000002,5.000000000000002,5.0
n,10000000,76,0.166793251153374,0.9996817843027351,4.998889868421317,5.0004811,4.61,0.16666666666666663,1.0000000000000002,5.000000000000002,5.0
n,10000000,77,0.1664334926494689,1.0010996349780161,5.005912691993013,5.0004142,4.65,0.16666666666666663,1.0000000000000002,5.000000000000002,5.0
n,10000000,78,0.1667543651777201,0.999005714875139,4.994733430176378,4.9997048,4.61,0.16666666666666663,1.0000000000000002,5.000000000000002,5.0
n,10000000,79,0.16652340320542144,1.002226032163334,5.011008983044292,4.9998792,4.57,0.16666666666666663,1.0000000000000002,5.000000000000002,5.0
n,10000000,80,0.1667849902110037,0.9994038263318104,4.996306040386693,4.9992868,4.59,0.16666666666666663,1.0000000000000002,5.000000000000002,5.0
n,10000000,81,0.16639003366966204,1.0017491071613085,5.009777637910948,5.0010303,4.62,0.16666666666666663,1.0000000000000002,5.000000000000002,5.0
n,10000000,82,0.16681374926576212,1.0000773661870213,4.99995814046587,4.9995717,4.60,0.16666666666666663,1.0000000000000002,5.000000000000002,5.0
n,10000000,83,0.1669181707539198,0.9985755658176351,4.992267189513169,4.9993886,4.58,0.16666666666666663,1.0000000000000002,5.000000000000002,5.0
n,10000000,84,0.16660612634698044,1.000590736902501,5.002376081934113,4.999423,4.62,0.16666666666666663,1.0000000000000002,5.000000000000002,5.0
n,10000000,85,0.16661004481059288,1.0002967506884197,5.001908465088635,5.0004248,4.57,0.16666666666666663,1.0000000000000002,5.000000000000002,5.0
n,10000000,86,0.16653118413400084,1.0031876269966593,5.016338005569749,5.0003986,4.60,0.16666666666666663,1.0000000000000002,5.000000000000002,5.0
n,10000000,87,0.1668586691653495,0.9977939518671438,4.988299464735621,4.9993273,4.62,0.16666666666666663,1.0000000000000002,5.000000000000002,5.0
n,10000000,88,0.16631547287775397,1.0016781512577473,5.008954600921308,5.000563,4.63,0.16666666666666663,1.0000000000000002,5.000000000000002,5.0
n,10000000,89,0.16683087883685668,1.000252497457077,5.001602444305521,5.0003399,4.63,0.16666666666666663,1.0000000000000002,5.000000000000002,5.0
n,10000000,90,0.16669310194457904,0.9986938408448772,4.993101884632305,4.9996322,4.64,0.16666666666666663,1.0000000000000002,5.000000000000002,5.0
n,10000000,91,0.16665913999548398,1.0004292488881286,5.002147941687834,4.999997,4.61,0.16666666666666663,1.0000000000000002,5.000000000000002,5.0
n,10000000,92,0.16648388443491152,1.0025059614615932,5.0127427395720785,5.0002125,4.60,0.16666666666666663,1.0000000000000002,5.000000000000002,5.0
n,10000000,93,0.16674218838310575,1.0007888729524057,5.003167955522356,4.9992243,4.59,0.16666666666666663,1.0000000000000002,5.000000000000002,5.0
n,10000000,94,0.16682816024192254,0.9981078588410968,4.9902224380763265,4.9996829,4.60,0.16666666666666663,1.0000000000000002,5.000000000000002,5.0
n,10000000,95,0.16660686625769042,1.0015978889740231,5.007675849292122,4.9996871,4.59,0.16666666666666663,1.0000000000000002,5.000000000000002,5.0
n,10000000,96,0.16692209659800056,0.9976290385839014,4.987430391711734,4.9992836,4.61,0.16666666666666663,1.0000000000000002,5.000000000000002,5.0
n,10000000,97,0.166531936038334,1.0011751901299144,5.006471706233728,5.0005952,4.58,0.16666666666666663,1.0000000000000002,5.000000000000002,5.0
n,10000000,98,0.16690537959797125,0.9997639534509714,4.997641905429543,4.9988215,4.64,0.16666666666666663,1.0000000000000002,5.000000000000002,5.0
n,10000000,99,0.16658306995485778,1.0004018987402539,5.002006613220308,4.9999973,4.61,0.16666666666666663,1.0000000000000002,5.000000000000002,5.0
n,10000000,100,0.16638578350806257,1.0021000107908509,5.012108265489562,5.0016052,4.61,0.16666666666666663,1.0000000000000002,5.000000000000002,5.0
n,1000,1,0.027628032345013476,4.7353744463996374,28.415584175364653,5.936,0.05,0.016666666666666607,10.000000000000036,59.00000000000021,5.9
n,1000,2,0.007317903335602451,13.709010347248645,80.23582276966539,5.876,0.05,0.016666666666666607,10.000000000000036,59.00000000000021,5.9
n,1000,3,0.03709298422289359,3.9385188890408807,23.52366346758362,5.958,0.05,0.016666666666666607,10.000000000000036,59.00000000000021,5.9
n,1000,4,0.039509536784741145,2.8085378897855544,16.5290847318462,5.872,0.05,0.016666666666666607,10.000000000000036,59.00000000000021,5.9
n,1000,5,0.0018223989396951624,11.316490054452487,67.88955441170039,6.036,0.05,0.016666666666666607,10.000000000000036,59.00000000000021,5.9
n,1000,6,0.010439842546637,6.9240096966633295,40.3999660296561,5.843,0.05,0.016666666666666607,10.000000000000036,59.00000000000021,5.9
n,1000,7,0.022317738469168458,5.175904130336298,31.489899231844173,6.049,0.05,0.016666666666666607,10.000000000000036,59.00000000000021,5.9
n,1000,8,0.017050298380221655,4.352193980112422,25.47516072221263,5.865,0.05,0.016666666666666607,10.000000000000036,59.00000000000021,5.9
n,1000,9,0.04233076263924593,2.890707901454321,16.864389897084582,5.835,0.05,0.016666666666666607,10.000000000000036,59.00000000000021,5.9
n,1000,10,0.049693669162695714,2.413604062707331,14.17149559957649,5.876,0.05,0.016666666666666607,10.000000000000036,59.00000000000021,5.9
n,1000,11,0.021490933512424447,5.152865660467088,30.61692876955392,5.956,0.05,0.016666666666666607,10.000000000000036,59.00000000000021,5.9
n,1000,12,0.01167955255798651,16.39961480306393,98.89858192797679,6.079,0.05,0.016666666666666607,10.000000000000036,59.00000000000021,5.9
n,1000,13,0.006466589288675178,9.835381938143753,59.18933128830947,6.031,0.05,0.016666666666666607,10.000000000000036,59.00000000000021,5.9
n,1000,14,0.006334389064844141,8.867848290818856,53.0229400513851,5.999,0.05,0.016666666666666607,10.000000000000036,59.00000000000021,5.9
n,1000,15,0.016445712367846956,10.291536310189278,61.81701555497508,5.959,0.05,0.016666666666666607,10.000000000000036,59.00000000000021,5.9
n,1000,16,0.0011804384485666105,13.227853885949276,78.00954494821694,5.93,0.05,0.016666666666666607,10.000000000000036,59.00000000000021,5.9
n,1000,17,0.030323914541695383,5.6399687978540305,32.63332742543412,5.804,0.05,0.016666666666666607,10.000000000000036,59.00000000000021,5.9
n,1000,18,0.006567867969013136,6.828374861293754,40.38309884652643,5.938,0.05,0.016666666666666607,10.000000000000036,59.00000000000021,5.9
n,1000,19,0.019827147941026944,5.732557433021834,33.8542729912169,5.901,0.05,0.016666666666666607,10.000000000000036,59.00000000000021,5.9
n,1000,20,0.029556650246305417,3.5016128361777428,20.5961504547845,5.887,0.05,0.016666666666666607,10.000000000000036,59.00000000000021,5.9
n,1000,21,0.009754456777665657,16.311608269332986,96.3786312393526,5.946,0.05,0.016666666666666607,10.000000000000036,59.00000000000021,5.9
n,1000,22,0.020716590253014096,7.592375030022746,45.07583289339888,5.889,0.05,0.016666666666666607,10.000000000000036,59.00000000000021,5.9
n,1000,23,0.029471890971039184,4.268110614407264,25.03209695311123,5.87,0.05,0.016666666666666607,10.000000000000036,59.00000000000021,5.9
n,1000,24,0.006306459860235214,4.910287279581721,28.76525155981247,5.867,0.05,0.016666666666666607,10.000000000000036,59.00000000000021,5.9
n,1000,25,0.06048109965635739,3.4158202917115768,19.848345057260914,5.82,0.05,0.016666666666666607,10.000000000000036,59.00000000000021,5.9
n,1000,26,0.012971698113207548,6.8968133417763315,41.23407073364941,5.936,0.05,0.016666666666666607,10.000000000000036,59.00000000000021,5.9
n,1000,27,0.031443298969072164,3.586391265559475,20.851788783531,5.82,0.05,0.016666666666666607,10.000000000000036,59.00000000000021,5.9
n,1000,28,0.014263881813550688,5.347643342250822,31.42413852377674,5.889,0.05,0.016666666666666607,10.000000000000036,59.00000000000021,5.9
n,1000,29,0.024435146443514643,3.1049851502400228,18.7884525483468,5.975,0.06,0.016666666666666607,10.000000000000036,59.00000000000021,5.9
n,1000,30,0.042217264458555004,2.7109975699630438,15.777080283620872,5.827,0.05,0.016666666666666607,10.000000000000036,59.00000000000021,5.9
n,1000,31,0.016223448737247032,8.670754857206797,51.74161208782478,5.979,0.05,0.016666666666666607,10.000000000000036,59.00000000000021,5.9
n,1000,32,0.015088013411567477,10.269479450168133,61.22681090677201,5.965,0.05,0.016666666666666607,10.000000000000036,59.00000000000021,5.9
n,1000,33,0.035690121786197564,4.585356872117686,27.317500130494103,5.912,0.05,0.016666666666666607,10.000000000000036,59.00000000000021,5.9
n,1000,34,0.02622673434856176,8.42890908229325,49.61804764291075,5.91,0.05,0.016666666666666607,10.000000000000036,59.00000000000021,5.9
n,1000,35,0.016218955904713634,6.888641765148362,40.61160351956002,5.919,0.05,0.016666666666666607,10.000000000000036,59.00000000000021,5.9
n,1000,36,0.014394580863674851,6.696279414653237,39.4994073975724,5.905,0.05,0.016666666666666607,10.000000000000036,59.00000000000021,5.9
n,1000,37,0.04386414063833419,3.0705560480065848,17.97851410885821,5.859,0.05,0.016666666666666607,10.000000000000036,59.00000000000021,5.9
n,1000,38,0.027314112291350532,5.518176455300509,32.683219497926245,5.931,0.05,0.016666666666666607,10.000000000000036,59.00000000000021,5.9
n,1000,39,0.01898521505376344,5.420986054274881,32.191483075537725,5.952,0.05,0.016666666666666607,10.000000000000036,59.00000000000021,5.9
n,1000,40,0.009451476793248944,7.8906185793372625,46.67167749500306,5.925,0.04,0.016666666666666607,10.000000000000036,59.00000000000021,5.9
n,1000,41,0.00801068090787717,16.732295735625854,99.4585516136875,5.992,0.05,0.016666666666666607,10.000000000000036,59.00000000000021,5.9
n,1000,42,0.05229092147845341,2.4917911425843324,14.622099898855167,5.871,0.05,0.016666666666666607,10.000000000000036,59.00000000000021,5.9
n,1000,43,0.04300711141212327,3.30222970532637,19.500118624123893,5.906,0.05,0.016666666666666607,10.000000000000036,59.00000000000021,5.9
n,1000,44,0.028885135135135135,4.580920738981539,27.07031386274199,5.92,0.05,0.016666666666666607,10.000000000000036,59.00000000000021,5.9
n,1000,45,0.043233082706766915,2.829357912807827,16.574626416846783,5.852,0.05,0.016666666666666607,10.000000000000036,59.00000000000021,5.9
n,1000,46,0.02527565733672604,7.757807072982074,45.697316159748574,5.895,0.05,0.016666666666666607,10.000000000000036,59.00000000000021,5.9
n,1000,47,0.00971198928332217,8.459059206149979,50.3504051680294,5.972,0.05,0.016666666666666607,10.000000000000036,59.00000000000021,5.9
n,1000,48,0.04665977961432507,2.908108984803719,16.8686628704161,5.808,0.05,0.016666666666666607,10.000000000000036,59.00000000000021,5.9
n,1000,49,0.021042084168336674,9.158746532251387,54.574892632757575,5.988,0.05,0.016666666666666607,10.000000000000036,59.00000000000021,5.9
n,1000,50,0.005159786950732357,9.454508543014272,56.58955012535251,6.008,0.05,0.016666666666666607,10.000000000000036,59.00000000000021,5.9
n,1000,51,0.02838577291381669,4.460128235946607,26.056114832791813,5.848,0.05,0.016666666666666607,10.000000000000036,59.00000000000021,5.9
n,1000,52,0.011864406779661017,7.4735590451006555,43.91168494963627,5.9,0.05,0.016666666666666607,10.000000000000036,59.00000000000021,5.9
n,1000,53,0.033814783347493625,3.4824669929084635,20.48653878580817,5.885,0.05,0.016666666666666607,10.000000000000036,59.00000000000021,5.9
n,1000,54,0.041163463174009186,3.2685392935048,19.16793719745728,5.879,0.05,0.016666666666666607,10.000000000000036,59.00000000000021,5.9
n,1000,55,0.02760265803373658,5.358680718043876,31.34593328610723,5.869,0.05,0.016666666666666607,10.000000000000036,59.00000000000021,5.9
n,1000,56,0.026616618324518,3.3485191627359736,19.596330562871888,5.861,0.05,0.016666666666666607,10.000000000000036,59.00000000000021,5.9
n,1000,57,0.03601585386868861,4.61168739934446,26.729514638780643,5.803,0.05,0.016666666666666607,10.000000000000036,59.00000000000021,5.9
n,1000,58,0.059776925758103866,2.479050962948139,14.217301702541983,5.738,0.05,0.016666666666666607,10.000000000000036,59.00000000000021,5.9
n,1000,59,0.012923799932863377,12.979312931676763,77.33400609892932,5.958,0.05,0.016666666666666607,10.000000000000036,59.00000000000021,5.9
n,1000,60,0.02197802197802198,5.476894424400415,32.3330954938197,5.915,0.06,0.016666666666666607,10.000000000000036,59.00000000000021,5.9
n,1000,61,0.020418410041841004,5.514618188909147,33.02921602661224,5.975,0.05,0.016666666666666607,10.000000000000036,59.00000000000021,5.9
n,1000,62,0.028142589118198873,4.174339401922108,24.440637046102953,5.863,0.05,0.016666666666666607,10.000000000000036,59.00000000000021,5.9
n,1000,63,0.037330122140030966,4.342664038857634,25.24282343404185,5.813,0.05,0.016666666666666607,10.000000000000036,59.00000000000021,5.9
n,1000,64,0.006247944755014798,10.97955516354946,67.66456680897404,6.082,0.05,0.016666666666666607,10.000000000000036,59.00000000000021,5.9
n,1000,65,0.016822429906542057,4.576872092020484,27.03029493421461,5.885,0.05,0.016666666666666607,10.000000000000036,59.00000000000021,5.9
n,1000,66,0.020411634631740092,5.3008858152124425,31.148136904339722,5.879,0.05,0.016666666666666607,10.000000000000036,59.00000000000021,5.9
n,1000,67,0.014647137150466045,6.716309457478813,40.34487091107506,6.008,0.05,0.016666666666666607,10.000000000000036,59.00000000000021,5.9
n,1000,68,0.02979163079042535,5.251715387013084,30.415636108719866,5.807,0.04,0.016666666666666607,10.000000000000036,59.00000000000021,5.9
n,1000,69,0.030756159728122345,3.6032757169044105,21.181515197913075,5.885,0.05,0.016666666666666607,10.000000000000036,59.00000000000021,5.9
n,1000,70,0.0014962593516209476,11.774738165988799,70.46158639924975,6.015,0.05,0.016666666666666607,10.000000000000036,59.00000000000021,5.9
n,1000,71,0.035416311935978204,4.18166795183458,24.63955399839552,5.873,0.05,0.016666666666666607,10.000000000000036,59.00000000000021,5.9
n,1000,72,0.002951303492375799,11.234580826563315,68.19966712498848,6.099,0.05,0.016666666666666607,10.000000000000036,59.00000000000021,5.9
n,1000,73,0.003963011889035667,21.315796027240914,127.4759596705662,6.056,0.04,0.016666666666666607,10.000000000000036,59.00000000000021,5.9
n,1000,74,0.043373493975903614,3.104583902483123,18.030305681052667,5.81,0.05,0.016666666666666607,10.000000000000036,59.00000000000021,5.9
n,1000,75,0.03575705731394354,6.664798636151587,38.931124318720244,5.845,0.05,0.016666666666666607,10.000000000000036,59.00000000000021,5.9
n,1000,76,0.024295596423148304,3.5869767054378845,21.305414936290937,5.927,0.05,0.016666666666666607,10.000000000000036,59.00000000000021,5.9
n,1000,77,0.03578186822638913,3.13639843909658,18.21203426305289,5.813,0.05,0.016666666666666607,10.000000000000036,59.00000000000021,5.9
n,1000,78,0.006727211570803902,5.86881061257871,34.787369226774025,5.946,0.05,0.016666666666666607,10.000000000000036,59.00000000000021,5.9
n,1000,79,0.032914828639294194,8.059531413964894,47.40089650277258,5.894,0.05,0.016666666666666607,10.000000000000036,59.00000000000021,5.9
n,1000,80,0.024332544778641434,8.77824433534728,51.949649976585306,5.918,0.05,0.016666666666666607,10.000000000000036,59.00000000000021,5.9
n,1000,81,0.03505439475047487,5.046147800327141,29.181631338459553,5.791,0.05,0.016666666666666607,10.000000000000036,59.00000000000021,5.9
n,1000,82,0.031281876912614755,3.9480151948200377,23.226455442767723,5.882,0.05,0.016666666666666607,10.000000000000036,59.00000000000021,5.9
n,1000,83,0.021309503351091254,3.1815925262272184,18.50210428376728,5.819,0.05,0.016666666666666607,10.000000000000036,59.00000000000021,5.9
n,1000,84,0.01619778346121057,4.792743003302488,28.213719370751125,5.865,0.05,0.016666666666666607,10.000000000000036,59.00000000000021,5.9
n,1000,85,8.358408559010365,15.716510242384917,93.24243015063428,5.982,0.05,0.016666666666666607,10.000000000000036,59.00000000000021,5.9
n,1000,86,0.011250827266710787,12.700781280180394,76.26043656549615,6.044,0.05,0.016666666666666607,10.000000000000036,59.00000000000021,5.9
n,1000,87,0.01571476850287259,6.895380916324839,40.76484640855655,5.918,0.05,0.016666666666666607,10.000000000000036,59.00000000000021,5.9
n,1000,88,0.027472527472527472,4.775840757876563,27.749812959083872,5.824,0.05,0.016666666666666607,10.000000000000036,59.00000000000021,5.9
n,1000,89,0.02564973670800068,4.794005295867679,28.15049377714911,5.887,0.05,0.016666666666666607,10.000000000000036,59.00000000000021,5.9
n,1000,90,0.03980013783597519,3.8196501389733117,22.215066402309567,5.804,0.05,0.016666666666666607,10.000000000000036,59.00000000000021,5.9
n,1000,91,0.008029441284710606,10.626700702774523,63.41340160647773,5.978,0.05,0.016666666666666607,10.000000000000036,59.00000000000021,5.9
n,1000,92,0.015933609958506224,4.446014199191892,26.7260105455969,6.025,0.05,0.016666666666666607,10.000000000000036,59.00000000000021,5.9
n,1000,93,0.009155984684534709,6.789497135753292,40.74545150261576,6.007,0.06,0.016666666666666607,10.000000000000036,59.00000000000021,5.9
n,1000,94,0.03129274965800274,4.792609320236426,28.01763412276943,5.848,0.05,0.016666666666666607,10.000000000000036,59.00000000000021,5.9
n,1000,95,0.012030075187969926,7.45893301125192,44.501014182754766,5.985,0.05,0.016666666666666607,10.000000000000036,59.00000000000021,5.9
n,1000,96,0.035720419027992445,2.7465191134426865,15.974922174515964,5.823,0.05,0.016666666666666607,10.000000000000036,59.00000000000021,5.9
n,1000,97,0.004518072289156626,7.19243710696238,42.82600002868619,5.976,0.05,0.016666666666666607,10.000000000000036,59.00000000000021,5.9
n,1000,98,0.02062374245472837,14.408846716278706,85.30612853192932,5.964,0.05,0.016666666666666607,10.000000000000036,59.00000000000021,5.9
n,1000,99,0.019189053896212248,5.908265668289097,35.28022049568176,5.993,0.05,0.016666666666666607,10.000000000000036,59.00000000000021,5.9
n,1000,100,0.04874675885911841,2.3638851868123036,13.679884449394207,5.785,0.05,0.016666666666666607,10.000000000000036,59.00000000000021,5.9
n,10000,1,0.010718693469035825,11.710225333710953,69.2636408038346,5.9149,0.06,0.016666666666666607,10.000000000000036,59.00000000000021,5.9
n,10000,2,0.010839054415096892,9.723257237054328,57.49610629391136,5.9138,0.06,0.016666666666666607,10.000000000000036,59.00000000000021,5.9
n,10000,3,0.01907518364307234,6.177214625535623,36.52059313010855,5.9082,0.06,0.016666666666666607,10.000000000000036,59.00000000000021,5.9
n,10000,4,0.019490077317407414,8.819280797128949,52.10515129830532,5.9107,0.06,0.016666666666666607,10.000000000000036,59.00000000000021,5.9
n,10000,5,0.0077459333849728895,19.27764846607298,114.37895134991929,5.9386,0.06,0.016666666666666607,10.000000000000036,59.00000000000021,5.9
n,10000,6,0.0177280901163777,7.69054966717225,45.32652218700105,5.8946,0.06,0.016666666666666607,10.000000000000036,59.00000000000021,5.9
n,10000,7,0.018227540463452093,7.405806732334629,43.87221357728368,5.9251,0.06,0.016666666666666607,10.000000000000036,59.00000000000021,5.9
n,10000,8,0.011840324763193504,10.110570322995581,59.89116240785665,5.912,0.06,0.016666666666666607,10.000000000000036,59.00000000000021,5.9
n,10000,9,0.01822158660721797,7.43090677281587,44.419473845145205,5.9435,0.05,0.016666666666666607,10.000000000000036,59.00000000000021,5.9
n,10000,10,0.025309767695532868,5.64373588972447,33.11141643879125,5.8673,0.06,0.016666666666666607,10.000000000000036,59.00000000000021,5.9
n,10000,11,0.015689456955433827,10.822857061374474,64.06765986628285,5.9148,0.06,0.016666666666666607,10.000000000000036,59.00000000000021,5.9
n,10000,12,0.014339648196116274,10.526211660064297,62.17412179133757,5.9067,0.06,0.016666666666666607,10.000000000000036,59.00000000000021,5.9
n,10000,13,0.0265827749074974,5.618106899743493,32.94322119485991,5.8647,0.06,0.016666666666666607,10.000000000000036,59.00000000000021,5.9
n,10000,14,0.017618910738743002,7.715783992791386,45.652464358941764,5.9141,0.06,0.016666666666666607,10.000000000000036,59.00000000000021,5.9
n,10000,15,0.013345060298022767,20.027651038761388,118.31462240270972,5.9123,0.08,0.016666666666666607,10.000000000000036,59.00000000000021,5.9
n,10000,16,0.0019299187755924012,15.123724006375706,90.08812282993375,5.9588,0.06,0.016666666666666607,10.000000000000036,59.00000000000021,5.9
n,10000,17,0.022665488650265055,5.876525241957063,34.58097942598833,5.8856,0.06,0.016666666666666607,10.000000000000036,59.00000000000021,5.9
n,10000,18,0.011131819722128093,9.193831499947473,54.2345412265357,5.902,0.05,0.016666666666666607,10.000000000000036,59.00000000000021,5.9
n,10000,19,0.023012907608695652,9.063999418797067,53.34637594197807,5.888,0.06,0.016666666666666607,10.000000000000036,59.00000000000021,5.9
n,10000,20,0.019381030031254246,6.77316083619635,39.86018466517959,5.8872,0.06,0.016666666666666607,10.000000000000036,59.00000000000021,5.9
n,10000,21,0.01925297113752122,8.478014201931925,49.93324839627936,5.89,0.06,0.016666666666666607,10.000000000000036,59.00000000000021,5.9
n,10000,22,0.015169294083635189,14.773191502258294,86.83758582182084,5.8803,0.06,0.016666666666666607,10.000000000000036,59.00000000000021,5.9
n,10000,23,0.019156438597680885,8.214597153523465,48.435079883196416,5.8988,0.06,0.016666666666666607,10.000000000000036,59.00000000000021,5.9
n,10000,24,0.018280355413601537,8.017289464394844,47.17354338987465,5.8861,0.06,0.016666666666666607,10.000000000000036,59.00000000000021,5.9
n,10000,25,0.01495787820978171,13.063903591763456,77.57048277598548,5.9233,0.06,0.016666666666666607,10.000000000000036,59.00000000000021,5.9
n,10000,26,0.014765396142709586,11.66607197686802,68.8951546665909,5.9057,0.06,0.016666666666666607,10.000000000000036,59.00000000000021,5.9
n,10000,27,0.02738040301492078,5.4195022792330425,31.739540032529725,5.8509,0.06,0.016666666666666607,10.000000000000036,59.00000000000021,5.9
n,10000,28,0.009421582152831521,12.534778115298412,74.48590221638221,5.9438,0.06,0.016666666666666607,10.000000000000036,59.00000000000021,5.9
n,10000,29,0.01666836060575262,9.405532577775594,55.502195711405584,5.9034,0.06,0.016666666666666607,10.000000000000036,59.00000000000021,5.9
n,10000,30,0.02619254415095625,6.5474109143021,38.45965102099152,5.8719,0.06,0.016666666666666607,10.000000000000036,59.00000000000021,5.9
n,10000,31,0.01516155898900277,10.02114847274924,59.0273729617847,5.8833,0.07,0.016666666666666607,10.000000000000036,59.00000000000021,5.9
n,10000,32,0.022347698901323175,5.812280497284296,34.23734586554873,5.8798,0.06,0.016666666666666607,10.000000000000036,59.00000000000021,5.9
n,10000,33,0.022442491116513932,6.11469779156139,35.963175762818494,5.8817,0.06,0.016666666666666607,10.000000000000036,59.00000000000021,5.9
n,10000,34,0.024376137581438074,6.352041358861596,37.42830089137844,5.8787,0.06,0.016666666666666607,10.000000000000036,59.00000000000021,5.9
n,10000,35,0.01869127117636064,10.248090049517318,60.300470015678684,5.8851,0.06,0.016666666666666607,10.000000000000036,59.00000000000021,5.9
n,10000,36,0.0184385635190735,7.312308257773542,43.17311504899761,5.9061,0.05,0.016666666666666607,10.000000000000036,59.00000000000021,5.9
n,10000,37,0.032574179670160824,6.429132007326586,37.735450471266404,5.8574,0.06,0.016666666666666607,10.000000000000036,59.00000000000021,5.9
n,10000,38,0.0267124106030348,5.315892129232009,31.136895602329595,5.8587,0.06,0.016666666666666607,10.000000000000036,59.00000000000021,5.9
n,10000,39,0.032364990055924796,5.651042863667738,33.23933180084603,5.8829,0.06,0.016666666666666607,10.000000000000036,59.00000000000021,5.9
n,10000,40,0.012529802668289961,12.589604010704816,74.42545082423564,5.9139,0.06,0.016666666666666607,10.000000000000036,59.00000000000021,5.9
n,10000,41,0.008414697897168682,13.7586098040421,81.52523800286772,5.9301,0.07,0.016666666666666607,10.000000000000036,59.00000000000021,5.9
n,10000,42,0.017302738611713667,16.5676327771756,97.68460567276207,5.9008,0.06,0.016666666666666607,10.000000000000036,59.00000000000021,5.9
n,10000,43,0.008292543439134749,24.573593871005468,145.9427080136902,5.9451,0.05,0.016666666666666607,10.000000000000036,59.00000000000021,5.9
n,10000,44,0.02113212658956601,6.496620558115398,38.36408861819997,5.9057,0.06,0.016666666666666607,10.000000000000036,59.00000000000021,5.9
n,10000,45,0.01368469247596276,12.587533095040957,74.21907167639192,5.8971,0.06,0.016666666666666607,10.000000000000036,59.00000000000021,5.9
n,10000,46,0.018480387986046117,8.92791366108071,52.46057771384304,5.8765,0.06,0.016666666666666607,10.000000000000036,59.00000000000021,5.9
n,10000,47,0.01838491181014141,6.113832566279914,36.01243002251917,5.8907,0.06,0.016666666666666607,10.000000000000036,59.00000000000021,5.9
n,10000,48,0.024871136212850656,7.638257702930816,44.88676384558942,5.8783,0.06,0.016666666666666607,10.000000000000036,59.00000000000021,5.9
n,10000,49,0.01739188939162027,6.988720469078218,41.53670798353277,5.9453,0.06,0.016666666666666607,10.000000000000036,59.00000000000021,5.9
n,10000,50,0.015368506383841114,9.802513012410351,58.04165985821311,5.9212,0.06,0.016666666666666607,10.000000000000036,59.00000000000021,5.9
n,10000,51,0.01962718552282468,12.018100304755286,70.66162255183853,5.8796,0.06,0.016666666666666607,10.000000000000036,59.00000000000021,5.9
n,10000,52,0.01747450927166924,10.853431039989035,63.96185450662721,5.8943,0.06,0.016666666666666607,10.000000000000036,59.00000000000021,5.9
n,10000,53,0.016085110701419075,9.907196954333322,58.58036505400814,5.9123,0.06,0.016666666666666607,10.000000000000036,59.00000000000021,5.9
n,10000,54,0.011552212628170534,12.45681891245014,73.816891858594,5.9296,0.06,0.016666666666666607,10.000000000000036,59.00000000000021,5.9
n,10000,55,0.01708158571235286,7.253514325849721,42.87959636499918,5.9128,0.06,0.016666666666666607,10.000000000000036,59.00000000000021,5.9
n,10000,56,0.022259397084428666,5.682371432301448,33.29912331126949,5.8582,0.05,0.016666666666666607,10.000000000000036,59.00000000000021,5.9
n,10000,57,0.011859109722104907,9.05102764571814,53.57259151109377,5.9195,0.06,0.016666666666666607,10.000000000000036,59.00000000000021,5.9
n,10000,58,0.022318629361622804,6.741444686813162,39.76968040658657,5.9009,0.06,0.016666666666666607,10.000000000000036,59.00000000000021,5.9
n,10000,59,0.01457321304649549,9.290870025423471,54.86759565779086,5.9081,0.06,0.016666666666666607,10.000000000000036,59.00000000000021,5.9
n,10000,60,0.01751269035532995,9.109680825836232,53.81352253020828,5.91,0.06,0.016666666666666607,10.000000000000036,59.00000000000021,5.9
n,10000,61,0.017479896415428648,10.855733919558839,63.69565254303247,5.8696,0.06,0.016666666666666607,10.000000000000036,59.00000000000021,5.9
n,10000,62,0.012366536018380862,12.42692826957294,73.592427422936,5.9192,0.05,0.016666666666666607,10.000000000000036,59.00000000000021,5.9
n,10000,63,0.020275089149261336,8.211074933990947,48.371082720840626,5.889,0.06,0.016666666666666607,10.000000000000036,59.00000000000021,5.9
n,10000,64,0.007745150862068966,10.161456485126036,60.31756421249091,5.9392,0.06,0.016666666666666607,10.000000000000036,59.00000000000021,5.9
n,10000,65,0.015315468113975576,8.667339374277796,51.090324400770754,5.896,0.06,0.016666666666666607,10.000000000000036,59.00000000000021,5.9
n,10000,66,0.010268217262705027,11.774457308156311,70.01925332639742,5.9504,0.06,0.016666666666666607,10.000000000000036,59.00000000000021,5.9
n,10000,67,0.005798514235772631,30.71791530295614,182.7086428958793,5.9498,0.07,0.016666666666666607,10.000000000000036,59.00000000000021,5.9
n,10000,68,0.019975560911034928,8.44852135116762,49.76424651049167,5.8922,0.06,0.016666666666666607,10.000000000000036,59.00000000000021,5.9
n,10000,69,0.013005951876282366,11.287539786124192,66.52572524906742,5.8973,0.05,0.016666666666666607,10.000000000000036,59.00000000000021,5.9
n,10000,70,0.010202360876897134,9.648609749362157,57.3130000508836,5.93,0.07,0.016666666666666607,10.000000000000036,59.00000000000021,5.9
n,10000,71,0.022411299242746534,6.459410954814816,37.97745025844568,5.8765,0.06,0.016666666666666607,10.000000000000036,59.00000000000021,5.9
n,10000,72,0.01371270699617594,10.647874744951654,63.18472384869044,5.9361,0.06,0.016666666666666607,10.000000000000036,59.00000000000021,5.9
n,10000,73,0.007739101047651234,15.662978225737294,92.6754617971373,5.918,0.07,0.016666666666666607,10.000000000000036,59.00000000000021,5.9
n,10000,74,0.02131239484015704,10.604036939042448,62.366576248442314,5.8839,0.06,0.016666666666666607,10.000000000000036,59.00000000000021,5.9
n,10000,75,0.02112687968335053,7.28948047792706,43.084027257176544,5.9119,0.06,0.016666666666666607,10.000000000000036,59.00000000000021,5.9
n,10000,76,0.014020275997694369,7.088680471896508,41.812593259979124,5.8986,0.06,0.016666666666666607,10.000000000000036,59.00000000000021,5.9
n,10000,77,0.025041453757910052,7.245740889815682,42.9331286009713,5.9102,0.06,0.016666666666666607,10.000000000000036,59.00000000000021,5.9
n,10000,78,0.023622852467957457,5.554930941471481,32.57795656924573,5.8672,0.06,0.016666666666666607,10.000000000000036,59.00000000000021,5.9
n,10000,79,0.021331159457210307,6.980021551493936,41.13789234125288,5.8881,0.06,0.016666666666666607,10.000000000000036,59.00000000000021,5.9
n,10000,80,0.02063224554414994,7.946360768667083,46.72089982180729,5.8743,0.06,0.016666666666666607,10.000000000000036,59.00000000000021,5.9
n,10000,81,0.015700134232749394,10.960589153873219,64.62408860008945,5.8853,0.06,0.016666666666666607,10.000000000000036,59.00000000000021,5.9
n,10000,82,0.01993214588634436,7.505572674560494,44.229303514682684,5.895,0.06,0.016666666666666607,10.000000000000036,59.00000000000021,5.9
n,10000,83,0.017436644038529906,8.977712568214816,53.43095204507061,5.9071,0.06,0.016666666666666607,10.000000000000036,59.00000000000021,5.9
n,10000,84,0.018483067071001405,7.342308250465429,43.324300612607615,5.9027,0.06,0.016666666666666607,10.000000000000036,59.00000000000021,5.9
n,10000,85,0.006861525007567858,15.145969686258868,90.39773192171015,5.9462,0.06,0.016666666666666607,10.000000000000036,59.00000000000021,5.9
n,10000,86,0.011467503119835408,12.224576257627001,72.46153912820962,5.9298,0.06,0.016666666666666607,10.000000000000036,59.00000000000021,5.9
n,10000,87,0.025890133115167628,6.649924955567975,39.014518994245606,5.8671,0.06,0.016666666666666607,10.000000000000036,59.00000000000021,5.9
n,10000,88,0.013647957029204601,10.842986844252527,64.16568746700707,5.9203,0.06,0.016666666666666607,10.000000000000036,59.00000000000021,5.9
n,10000,89,0.02159127529300022,6.212854335758399,36.6219497471504,5.8959,0.06,0.016666666666666607,10.000000000000036,59.00000000000021,5.9
n,10000,90,0.020727235689549806,9.134431514355631,54.02327660907846,5.8908,0.06,0.016666666666666607,10.000000000000036,59.00000000000021,5.9
n,10000,91,0.012074809855473295,15.229728442792453,90.26810528708612,5.9297,0.07,0.016666666666666607,10.000000000000036,59.00000000000021,5.9
n,10000,92,0.032841422843981914,4.35828662131809,25.543151751177195,5.8615,0.06,0.016666666666666607,10.000000000000036,59.00000000000021,5.9
n,10000,93,0.006753351476665659,17.529903304027435,104.30692675807848,5.9526,0.06,0.016666666666666607,10.000000000000036,59.00000000000021,5.9
n,10000,94,0.023331349375053143,6.597532769807845,38.78290933439306,5.8805,0.06,0.016666666666666607,10.000000000000036,59.00000000000021,5.9
n,10000,95,0.001986766117219201,32.717332565441,194.04902787011036,5.9393,0.06,0.016666666666666607,10.000000000000036,59.00000000000021,5.9
n,10000,96,0.02713231273920175,4.428173047365101,25.93160542942088,5.8528,0.05,0.016666666666666607,10.000000000000036,59.00000000000021,5.9
n,10000,97,0.009711347827547968,11.763584434872081,69.97647795483164,5.9518,0.06,0.016666666666666607,10.000000000000036,59.00000000000021,5.9
n,10000,98,0.013878115409261071,8.874796552239035,52.62839082391318,5.9302,0.06,0.016666666666666607,10.000000000000036,59.00000000000021,5.9
n,10000,99,0.02436657131181038,4.686622018244628,27.51640223705116,5.8728,0.06,0.016666666666666607,10.000000000000036,59.00000000000021,5.9
n,10000,100,0.013422818791946308,11.575746646299852,68.62172820538754,5.9302,0.07,0.016666666666666607,10.000000000000036,59.00000000000021,5.9
n,100000,1,0.015885195668413055,9.032827763564255,53.32471810802085,5.90361,0.10,0.016666666666666607,10.000000000000036,59.00000000000021,5.9
n,100000,2,0.016798759038084986,9.475052725023838,55.88766847023489,5.89865,0.10,0.016666666666666607,10.000000000000036,59.00000000000021,5.9
n,100000,3,0.018358024670448135,7.8686823067179015,46.45684383029287,5.90423,0.11,0.016666666666666607,10.000000000000036,59.00000000000021,5.9
n,100000,4,0.01733570449207879,9.292891073370425,54.7613434379698,5.89304,0.12,0.016666666666666607,10.000000000000036,59.00000000000021,5.9
n,100000,5,0.015443525032431573,11.02982437674639,65.1272033515498,5.90474,0.13,0.016666666666666607,10.000000000000036,59.00000000000021,5.9
n,100000,6,0.019280589200699878,8.046261177268264,47.45759909214358,5.89816,0.13,0.016666666666666607,10.000000000000036,59.00000000000021,5.9
n,100000,7,0.017849928878659185,8.861352447331733,52.20411925648166,5.89134,0.10,0.016666666666666607,10.000000000000036,59.00000000000021,5.9
n,100000,8,0.014692491782968827,10.257849428785779,60.605572751732936,5.90846,0.11,0.016666666666666607,10.000000000000036,59.00000000000021,5.9
n,100000,9,0.016685054970010965,10.701956085279525,63.14475086979358,5.90049,0.11,0.016666666666666607,10.000000000000036,59.00000000000021,5.9
n,100000,10,0.01741695236445699,11.161730508494148,65.7447433483234,5.88909,0.12,0.016666666666666607,10.000000000000036,59.00000000000021,5.9
n,100000,11,0.016122089279056367,9.197643384919726,54.268970174076884,5.9006,0.13,0.016666666666666607,10.000000000000036,59.00000000000021,5.9
n,100000,12,0.020032439134163842,8.420693401396743,49.57839457169019,5.88795,0.12,0.016666666666666607,10.000000000000036,59.00000000000021,5.9
n,100000,13,0.01452782863326971,12.25584307471177,72.3639467935231,5.90453,0.12,0.016666666666666607,10.000000000000036,59.00000000000021,5.9
n,100000,14,0.015998319176803284,8.998817218149616,53.10958426485002,5.90187,0.11,0.016666666666666607,10.000000000000036,59.00000000000021,5.9
n,100000,15,0.015370705244122965,10.619256628506543,62.72288121984111,5.90604,0.12,0.016666666666666607,10.000000000000036,59.00000000000021,5.9
n,100000,16,0.019559623990557305,7.851829307640997,46.23091796181749,5.88815,0.11,0.016666666666666607,10.000000000000036,59.00000000000021,5.9
n,100000,17,0.018998463484409884,7.661411871877249,45.12387481515471,5.88995,0.12,0.016666666666666607,10.000000000000036,59.00000000000021,5.9
n,100000,18,0.016843461965692384,8.727528789597969,51.46056775808253,5.89665,0.12,0.016666666666666607,10.000000000000036,59.00000000000021,5.9
n,100000,19,0.017251887718823012,10.18615488707839,60.16442462576203,5.9066,0.12,0.016666666666666607,10.000000000000036,59.00000000000021,5.9
n,100000,20,0.016254792775948733,9.48640759772765,56.011985487432824,5.90472,0.11,0.016666666666666607,10.000000000000036,59.00000000000021,5.9
n,100000,21,0.013496037348120915,12.169550179459977,71.89018862758748,5.90766,0.11,0.016666666666666607,10.000000000000036,59.00000000000021,5.9
n,100000,22,0.015066350574371784,10.186158513123889,60.108107085390145,5.90123,0.11,0.016666666666666607,10.000000000000036,59.00000000000021,5.9
n,100000,23,0.01661704960857654,9.144673653614996,53.90869799840377,5.89515,0.10,0.016666666666666607,10.000000000000036,59.00000000000021,5.9
n,100000,24,0.020098666489930275,8.481348869306029,49.90650934114235,5.88447,0.12,0.016666666666666607,10.000000000000036,59.00000000000021,5.9
n,100000,25,0.014860794405347988,12.780771207374437,75.43806014932105,5.90278,0.12,0.016666666666666607,10.000000000000036,59.00000000000021,5.9
n,100000,26,0.017817190879359665,8.152957453512675,48.13602560550493,5.90441,0.12,0.016666666666666607,10.000000000000036,59.00000000000021,5.9
n,100000,27,0.017676279605988165,8.68602208665943,51.23054761255662,5.8983,0.12,0.016666666666666607,10.000000000000036,59.00000000000021,5.9
n,100000,28,0.015897040001625257,10.555465209789936,62.347691165864795,5.90676,0.11,0.016666666666666607,10.000000000000036,59.00000000000021,5.9
n,100000,29,0.020254572710592274,7.75470090635126,45.728494400333126,5.89694,0.11,0.016666666666666607,10.000000000000036,59.00000000000021,5.9
n,100000,30,0.01721027369903261,9.672757767066134,57.15436785575319,5.90868,0.12,0.016666666666666607,10.000000000000036,59.00000000000021,5.9
n,100000,31,0.016619624659058526,9.062535352600207,53.42727960532084,5.89544,0.12,0.016666666666666607,10.000000000000036,59.00000000000021,5.9
n,100000,32,0.014667793698896061,9.122956775809673,53.85510546443603,5.90341,0.12,0.016666666666666607,10.000000000000036,59.00000000000021,5.9
n,100000,33,0.015832391231760376,13.397378575123131,79.04644866430172,5.89993,0.12,0.016666666666666607,10.000000000000036,59.00000000000021,5.9
n,100000,34,0.01904889607039079,8.012965965011475,47.20830341991146,5.89168,0.11,0.016666666666666607,10.000000000000036,59.00000000000021,5.9
n,100000,35,0.01389684473834953,12.226170807456153,72.13856758129394,5.90062,0.12,0.016666666666666607,10.000000000000036,59.00000000000021,5.9
n,100000,36,0.015879468482430957,9.640144723058668,56.91145576590406,5.90385,0.11,0.016666666666666607,10.000000000000036,59.00000000000021,5.9
n,100000,37,0.01741997908924689,8.897937403825015,52.506775607881856,5.90127,0.11,0.016666666666666607,10.000000000000036,59.00000000000021,5.9
n,100000,38,0.01801531632272712,8.819627990032181,52.0525112729723,5.9022,0.11,0.016666666666666607,10.000000000000036,59.00000000000021,5.9
n,100000,39,0.018607901065392222,10.449564591641636,61.612827107634985,5.89642,0.11,0.016666666666666607,10.000000000000036,59.00000000000021,5.9
n,100000,40,0.016100596977010034,10.60379872559527,62.61084718047603,5.90475,0.13,0.016666666666666607,10.000000000000036,59.00000000000021,5.9
n,100000,41,0.013476623651364502,10.610900258449842,62.69440402034075,5.90875,0.11,0.016666666666666607,10.000000000000036,59.00000000000021,5.9
n,100000,42,0.014777183027562526,10.58031687256225,62.51676202841704,5.90911,0.12,0.016666666666666607,10.000000000000036,59.00000000000021,5.9
n,100000,43,0.014431164681471853,10.86774379993741,64.21986183277086,5.90874,0.13,0.016666666666666607,10.000000000000036,59.00000000000021,5.9
n,100000,44,0.01834467227848359,9.58929250472189,56.5488250437456,5.89708,0.11,0.016666666666666607,10.000000000000036,59.00000000000021,5.9
n,100000,45,0.018787977596402383,8.610495770448626,50.69977423092622,5.88834,0.12,0.016666666666666607,10.000000000000036,59.00000000000021,5.9
n,100000,46,0.015022691582515539,11.383914335850134,67.19725646596548,5.90307,0.13,0.016666666666666607,10.000000000000036,59.00000000000021,5.9
n,100000,47,0.018161735137969124,9.650741929224177,56.87641531526868,5.89371,0.13,0.016666666666666607,10.000000000000036,59.00000000000021,5.9
n,100000,48,0.013778513986843086,12.004863798158112,70.87419319109055,5.90412,0.11,0.016666666666666607,10.000000000000036,59.00000000000021,5.9
n,100000,49,0.017140161442499215,9.819467323235955,58.07035988563618,5.91418,0.11,0.016666666666666607,10.000000000000036,59.00000000000021,5.9
n,100000,50,0.016302494490337095,9.406495462616583,55.44308343267111,5.89419,0.12,0.016666666666666607,10.000000000000036,59.00000000000021,5.9
n,100000,51,0.019469363086304897,9.876228225399592,58.170711036027264,5.89028,0.12,0.016666666666666607,10.000000000000036,59.00000000000021,5.9
n,100000,52,0.01610081808006042,12.459052812523533,73.57431998326285,5.90529,0.12,0.016666666666666607,10.000000000000036,59.00000000000021,5.9
n,100000,53,0.013888935898000008,10.090764268424591,59.650316571034466,5.90902,0.11,0.016666666666666607,10.000000000000036,59.00000000000021,5.9
n,100000,54,0.01674893888341538,9.915897557960593,58.47189827976727,5.89709,0.11,0.016666666666666607,10.000000000000036,59.00000000000021,5.9
n,100000,55,0.013256498781478472,13.592816246395586,80.31596675107869,5.9088,0.12,0.016666666666666607,10.000000000000036,59.00000000000021,5.9
n,100000,56,0.01767869955879584,7.854974054951128,46.30597051546655,5.89523,0.12,0.016666666666666607,10.000000000000036,59.00000000000021,5.9
n,100000,57,0.014429616028916821,10.47051210061403,61.81407546318429,5.90383,0.10,0.016666666666666607,10.000000000000036,59.00000000000021,5.9
n,100000,58,0.016073469042278556,10.028966913712164,59.24004746850828,5.90725,0.11,0.016666666666666607,10.000000000000036,59.00000000000021,5.9
n,100000,59,0.01574626941582154,10.659074066973906,62.87012544471781,5.89854,0.11,0.016666666666666607,10.000000000000036,59.00000000000021,5.9
n,100000,60,0.01884394828814767,8.836994538551934,52.084968493792545,5.8942,0.12,0.016666666666666607,10.000000000000036,59.00000000000021,5.9
n,100000,61,0.012709824437526078,12.395316978567335,73.37327179007967,5.91983,0.12,0.016666666666666607,10.000000000000036,59.00000000000021,5.9
n,100000,62,0.013725513436813703,10.320760698749803,60.961714471947936,5.90579,0.13,0.016666666666666607,10.000000000000036,59.00000000000021,5.9
n,100000,63,0.014012967324507972,10.182588142696355,60.18559609565162,5.91024,0.12,0.016666666666666607,10.000000000000036,59.00000000000021,5.9
n,100000,64,0.01986903571938557,7.850186442840415,46.17733974470449,5.88252,0.12,0.016666666666666607,10.000000000000036,59.00000000000021,5.9
n,100000,65,0.01655673482949123,9.589050342215325,56.56559792736098,5.89911,0.12,0.016666666666666607,10.000000000000036,59.00000000000021,5.9
n,100000,66,0.01758497625850271,9.154314766107575,54.01881763819213,5.90106,0.13,0.016666666666666607,10.000000000000036,59.00000000000021,5.9
n,100000,67,0.015163479145989067,12.876403562510909,76.14974044622505,5.91421,0.11,0.016666666666666607,10.000000000000036,59.00000000000021,5.9
n,100000,68,0.01901370941203212,8.66299486356117,51.06914739228634,5.89522,0.11,0.016666666666666607,10.000000000000036,59.00000000000021,5.9
n,100000,69,0.015910214642274163,9.871319374804605,58.29607367298498,5.90564,0.11,0.016666666666666607,10.000000000000036,59.00000000000021,5.9
n,100000,70,0.016588863095672108,10.280596525085551,60.62517023523606,5.89733,0.12,0.016666666666666607,10.000000000000036,59.00000000000021,5.9
n,100000,71,0.017925321065095787,9.73588279877248,57.34613034674587,5.89055,0.10,0.016666666666666607,10.000000000000036,59.00000000000021,5.9
n,100000,72,0.015565763106585789,10.420434638252129,61.566040655784,5.90848,0.13,0.016666666666666607,10.000000000000036,59.00000000000021,5.9
n,100000,73,0.01592588455510762,10.421825678569453,61.57694335394132,5.90862,0.13,0.016666666666666607,10.000000000000036,59.00000000000021,5.9
n,100000,74,0.014391379751706741,10.251163833527944,60.46548300591446,5.89867,0.12,0.016666666666666607,10.000000000000036,59.00000000000021,5.9
n,100000,75,0.01896062532752869,9.18789785418951,54.174967709093316,5.89643,0.12,0.016666666666666607,10.000000000000036,59.00000000000021,5.9
n,100000,76,0.013832987367898349,12.293998651917796,72.78322754137119,5.92063,0.11,0.016666666666666607,10.000000000000036,59.00000000000021,5.9
n,100000,77,0.013558284387424974,13.715359395010458,81.09425283622959,5.91299,0.12,0.016666666666666607,10.000000000000036,59.00000000000021,5.9
n,100000,78,0.019020170954097672,8.421035754200004,49.61153600511191,5.89164,0.11,0.016666666666666607,10.000000000000036,59.00000000000021,5.9
n,100000,79,0.013587172922572261,11.431520320680452,67.46656908987866,5.90189,0.11,0.016666666666666607,10.000000000000036,59.00000000000021,5.9
n,100000,80,0.017390581077961407,9.845282656389175,57.998011508560666,5.89112,0.11,0.016666666666666607,10.000000000000036,59.00000000000021,5.9
n,100000,81,0.015972413137700123,10.18959966517417,60.04060225877746,5.89266,0.12,0.016666666666666607,10.000000000000036,59.00000000000021,5.9
n,100000,82,0.01899385378111311,8.290346403408327,48.826213333369616,5.8898,0.11,0.016666666666666607,10.000000000000036,59.00000000000021,5.9
n,100000,83,0.015713236404225252,10.214116125734353,60.21994172334467,5.89503,0.13,0.016666666666666607,10.000000000000036,59.00000000000021,5.9
n,100000,84,0.018089601273486255,8.98196770639282,53.03769690909749,5.90505,0.11,0.016666666666666607,10.000000000000036,59.00000000000021,5.9
n,100000,85,0.013229604923431164,12.105546460550288,71.50001737922094,5.90645,0.13,0.016666666666666607,10.000000000000036,59.00000000000021,5.9
n,100000,86,0.014827480647490896,12.43075540374146,73.5237011000874,5.91267,0.12,0.016666666666666607,10.000000000000036,59.00000000000021,5.9
n,100000,87,0.016312827229560737,10.839101350032106,64.05140293885114,5.90946,0.13,0.016666666666666607,10.000000000000036,59.00000000000021,5.9
n,100000,88,0.014909773545975748,12.74587963024379,75.36334834691445,5.9129,0.11,0.016666666666666607,10.000000000000036,59.00000000000021,5.9
n,100000,89,0.019793706572821784,7.416430706004743,43.665017780879765,5.88773,0.11,0.016666666666666607,10.000000000000036,59.00000000000021,5.9
n,100000,90,0.019288045453156148,8.769387499127184,51.64657868410182,5.88914,0.12,0.016666666666666607,10.000000000000036,59.00000000000021,5.9
n,100000,91,0.019330445324222824,8.04708296778553,47.460277389657804,5.89795,0.11,0.016666666666666607,10.000000000000036,59.00000000000021,5.9
n,100000,92,0.01998825617823456,8.825215303149216,52.002788246171264,5.89246,0.11,0.016666666666666607,10.000000000000036,59.00000000000021,5.9
n,100000,93,0.01612227699184221,8.728930060501616,51.47713855060963,5.89743,0.11,0.016666666666666607,10.000000000000036,59.00000000000021,5.9
n,100000,94,0.018323781749126793,8.900364762686802,52.490140693334986,5.8978,0.12,0.016666666666666607,10.000000000000036,59.00000000000021,5.9
n,100000,95,0.01543893670002051,12.321375237450635,72.68595014238721,5.89937,0.11,0.016666666666666607,10.000000000000036,59.00000000000021,5.9
n,100000,96,0.02239812272035505,6.771977869869363,39.824082826298955,5.88085,0.11,0.016666666666666607,10.000000000000036,59.00000000000021,5.9
n,100000,97,0.017116662318609796,8.54825090114618,50.460244242752914,5.90302,0.12,0.016666666666666607,10.000000000000036,59.00000000000021,5.9
n,100000,98,0.017612819934278497,9.34829258790322,55.101566502214176,5.89457,0.11,0.016666666666666607,10.000000000000036,59.00000000000021,5.9
n,100000,99,0.01624902180651587,9.643289954491586,56.975594670990276,5.90374,0.13,0.016666666666666607,10.000000000000036,59.00000000000021,5.9
n,100000,100,0.019413309269537132,8.721178145436275,51.41331149607165,5.89544,0.11,0.016666666666666607,10.000000000000036,59.00000000000021,5.9
n,1000000,1,0.017494617386414096,8.968798941560204,52.89923457794525,5.898157,0.59,0.016666666666666607,10.000000000000036,59.00000000000021,5.9
n,1000000,2,0.016458400188644286,9.998604705149681,58.98077928009854,5.898933,0.59,0.016666666666666607,10.000000000000036,59.00000000000021,5.9
n,1000000,3,0.01663672509228219,10.037421685120654,59.22438064218062,5.90038,0.60,0.016666666666666607,10.000000000000036,59.00000000000021,5.9
n,1000000,4,0.01636431742179118,10.732438503640694,63.32101076238758,5.89991,0.59,0.016666666666666607,10.000000000000036,59.00000000000021,5.9
n,1000000,5,0.017698633314882948,9.450025220354075,55.725806489466606,5.896896,0.59,0.016666666666666607,10.000000000000036,59.00000000000021,5.9
n,1000000,6,0.017479083990797787,9.20049240302365,54.25752349253291,5.897277,0.58,0.016666666666666607,10.000000000000036,59.00000000000021,5.9
n,1000000,7,0.017055729101947012,9.871796321843712,58.23204530162696,5.898839,0.58,0.016666666666666607,10.000000000000036,59.00000000000021,5.9
n,1000000,8,0.016613799594241262,9.807091874455704,57.852562144461906,5.899072,0.61,0.016666666666666607,10.000000000000036,59.00000000000021,5.9
n,1000000,9,0.01664768757723235,10.207934869928412,60.21232924904011,5.898597,0.59,0.016666666666666607,10.000000000000036,59.00000000000021,5.9
n,1000000,10,0.0164202956046201,9.775084568944187,57.70618678862788,5.903426,0.61,0.016666666666666607,10.000000000000036,59.00000000000021,5.9
n,1000000,11,0.015673677991297503,11.445369049132719,67.56869995631277,5.903592,0.60,0.016666666666666607,10.000000000000036,59.00000000000021,5.9
n,1000000,12,0.016850084579413498,9.578476304265529,56.48237441376108,5.896825,0.60,0.016666666666666607,10.000000000000036,59.00000000000021,5.9
n,1000000,13,0.015652811880041174,10.044789559079204,59.310467424053,5.904626,0.60,0.016666666666666607,10.000000000000036,59.00000000000021,5.9
n,1000000,14,0.016789962667125884,10.33327631988476,60.96498035252241,5.899894,0.61,0.016666666666666607,10.000000000000036,59.00000000000021,5.9
n,1000000,15,0.016339897529456172,10.123576696804351,59.729334587272696,5.900037,0.59,0.016666666666666607,10.000000000000036,59.00000000000021,5.9
n,1000000,16,0.01704948446058561,9.038708058728979,53.31982211058939,5.899064,0.59,0.016666666666666607,10.000000000000036,59.00000000000021,5.9
n,1000000,17,0.016491283445131413,9.705565145230482,57.25479912022745,5.899177,0.59,0.016666666666666607,10.000000000000036,59.00000000000021,5.9
n,1000000,18,0.017161694131908416,9.70314735432568,57.247863189208374,5.899942,0.59,0.016666666666666607,10.000000000000036,59.00000000000021,5.9
n,1000000,19,0.016460026847165826,10.414605755837009,61.469839936086125,5.902299,0.59,0.016666666666666607,10.000000000000036,59.00000000000021,5.9
n,1000000,20,0.01695650198704505,9.514243501594368,56.12633908115031,5.899212,0.60,0.016666666666666607,10.000000000000036,59.00000000000021,5.9
n,1000000,21,0.01597155687481416,10.266356962636864,60.59487224910349,5.902305,0.58,0.016666666666666607,10.000000000000036,59.00000000000021,5.9
n,1000000,22,0.01652056042331713,10.28018193163448,60.69464848511496,5.904037,0.59,0.016666666666666607,10.000000000000036,59.00000000000021,5.9
n,1000000,23,0.017229462548792738,9.868412840630391,58.21033175319772,5.898675,0.59,0.016666666666666607,10.000000000000036,59.00000000000021,5.9
n,1000000,24,0.016738747003524686,10.127983504330539,59.77015045981942,5.901517,0.59,0.016666666666666607,10.000000000000036,59.00000000000021,5.9
n,1000000,25,0.016606133883290443,10.164079446330346,59.98844626747211,5.902036,0.60,0.016666666666666607,10.000000000000036,59.00000000000021,5.9
n,1000000,26,0.01652544097003235,10.453190851615512,61.65634463310029,5.89836,0.58,0.016666666666666607,10.000000000000036,59.00000000000021,5.9
n,1000000,27,0.015863197892381734,10.23574430296535,60.43485390927027,5.904295,0.59,0.016666666666666607,10.000000000000036,59.00000000000021,5.9
n,1000000,28,0.016575215739625577,10.202910282840651,60.20697138727605,5.900979,0.60,0.016666666666666607,10.000000000000036,59.00000000000021,5.9
n,1000000,29,0.018059649065079834,9.60755832491486,56.64456256386859,5.895851,0.59,0.016666666666666607,10.000000000000036,59.00000000000021,5.9
n,1000000,30,0.016952753848223614,9.784058785330785,57.74363818175971,5.901814,0.60,0.016666666666666607,10.000000000000036,59.00000000000021,5.9
n,1000000,31,0.017622363818709616,9.455918207089503,55.7603974670174,5.896882,0.60,0.016666666666666607,10.000000000000036,59.00000000000021,5.9
n,1000000,32,0.016377925168016515,9.184823365651454,54.21237728826544,5.902396,0.62,0.016666666666666607,10.000000000000036,59.00000000000021,5.9
n,1000000,33,0.01707319884999829,10.07697771522702,59.43804157016325,5.898426,0.58,0.016666666666666607,10.000000000000036,59.00000000000021,5.9
n,1000000,34,0.01701486962933036,9.25593776425899,54.57138582602761,5.895843,0.59,0.016666666666666607,10.000000000000036,59.00000000000021,5.9
n,1000000,35,0.01630296595085972,10.330685443618888,60.94439115592946,5.899356,0.60,0.016666666666666607,10.000000000000036,59.00000000000021,5.9
n,1000000,36,0.016116895560090962,10.222721522045251,60.34688113835296,5.903184,0.59,0.016666666666666607,10.000000000000036,59.00000000000021,5.9
n,1000000,37,0.01645556386045576,10.476113094391476,61.8244154061897,5.901469,0.60,0.016666666666666607,10.000000000000036,59.00000000000021,5.9
n,1000000,38,0.016022243473420614,10.196104296212708,60.15469854836185,5.899798,0.58,0.016666666666666607,10.000000000000036,59.00000000000021,5.9
n,1000000,39,0.017313115816441356,9.539444246348545,56.24774219537542,5.896339,0.58,0.016666666666666607,10.000000000000036,59.00000000000021,5.9
n,1000000,40,0.01618631228056026,10.19081610848639,60.14552813892615,5.901962,0.60,0.016666666666666607,10.000000000000036,59.00000000000021,5.9
n,1000000,41,0.01758726713323511,9.44718342719471,55.72708037336806,5.898813,0.60,0.016666666666666607,10.000000000000036,59.00000000000021,5.9
n,1000000,42,0.01620316895993648,9.566125184078823,56.48493781886295,5.904524,0.59,0.016666666666666607,10.000000000000036,59.00000000000021,5.9
n,1000000,43,0.015597008166854708,10.02890654495033,59.24476930046047,5.907415,0.59,0.016666666666666607,10.000000000000036,59.00000000000021,5.9
n,1000000,44,0.01665916666031073,10.186884809695885,60.10234567867907,5.899995,0.59,0.016666666666666607,10.000000000000036,59.00000000000021,5.9
n,1000000,45,0.016031310040078274,9.649195022115,56.92735539457384,5.899705,0.60,0.016666666666666607,10.000000000000036,59.00000000000021,5.9
n,1000000,46,0.016641781775176487,10.296626070286955,60.761899760335616,5.901171,0.59,0.016666666666666607,10.000000000000036,59.00000000000021,5.9
n,1000000,47,0.015504356766277736,10.625191509821041,62.69955709330113,5.901051,0.59,0.016666666666666607,10.000000000000036,59.00000000000021,5.9
n,1000000,48,0.01594397222879385,10.18193294499213,60.08181562094678,5.900788,0.60,0.016666666666666607,10.000000000000036,59.00000000000021,5.9
n,1000000,49,0.01637220253141394,10.096685348406911,59.591384381525806,5.902077,0.59,0.016666666666666607,10.000000000000036,59.00000000000021,5.9
n,1000000,50,0.016339343015680956,10.517174676685594,62.04397084709708,5.899258,0.60,0.016666666666666607,10.000000000000036,59.00000000000021,5.9
n,1000000,51,0.017560688796477892,9.135824701842047,53.88542337883182,5.898288,0.60,0.016666666666666607,10.000000000000036,59.00000000000021,5.9
n,1000000,52,0.01665280669860984,9.919701309584037,58.53284051212824,5.900687,0.59,0.016666666666666607,10.000000000000036,59.00000000000021,5.9
n,1000000,53,0.01660906197144628,9.594987548927973,56.62681651980331,5.901718,0.59,0.016666666666666607,10.000000000000036,59.00000000000021,5.9
n,1000000,54,0.015737318498643346,11.229179203002287,66.27474507489866,5.902022,0.60,0.016666666666666607,10.000000000000036,59.00000000000021,5.9
n,1000000,55,0.01703485136682699,9.76805216585263,57.60855274103173,5.897674,0.59,0.016666666666666607,10.000000000000036,59.00000000000021,5.9
n,1000000,56,0.01648075878399289,9.80673449381781,57.89437162971885,5.903551,0.61,0.016666666666666607,10.000000000000036,59.00000000000021,5.9
n,1000000,57,0.01677060001868071,9.785204207464412,57.72414353244096,5.899133,0.59,0.016666666666666607,10.000000000000036,59.00000000000021,5.9
n,1000000,58,0.016135986755487698,10.228327904692598,60.34819838378785,5.900104,0.59,0.016666666666666607,10.000000000000036,59.00000000000021,5.9
n,1000000,59,0.015898901931471605,11.809860037009834,69.70816188352099,5.902546,0.58,0.016666666666666607,10.000000000000036,59.00000000000021,5.9
n,1000000,60,0.016835646428538735,9.79454791372728,57.77514973204706,5.898734,0.59,0.016666666666666607,10.000000000000036,59.00000000000021,5.9
n,1000000,61,0.015705239179028378,10.434511002214585,61.599462796423126,5.903444,0.58,0.016666666666666607,10.000000000000036,59.00000000000021,5.9
n,1000000,62,0.015458207904223345,10.652566897640208,62.88600228717259,5.903401,0.60,0.016666666666666607,10.000000000000036,59.00000000000021,5.9
n,1000000,63,0.01661404391838644,9.511097013702438,56.1201328183796,5.90049,0.59,0.016666666666666607,10.000000000000036,59.00000000000021,5.9
n,1000000,64,0.016783127905705797,9.514322464528515,56.144884359128326,5.901105,0.61,0.016666666666666607,10.000000000000036,59.00000000000021,5.9
n,1000000,65,0.017463609779024645,8.955431191629343,52.818538783756715,5.897807,0.60,0.016666666666666607,10.000000000000036,59.00000000000021,5.9
n,1000000,66,0.01728363118012235,9.357812325604927,55.19128196959311,5.897719,0.58,0.016666666666666607,10.000000000000036,59.00000000000021,5.9
n,1000000,67,0.01650145280681735,9.617532729387296,56.77250223206485,5.903056,0.59,0.016666666666666607,10.000000000000036,59.00000000000021,5.9
n,1000000,68,0.016785452336826177,9.530833542058536,56.23955149846494,5.900824,0.61,0.016666666666666607,10.000000000000036,59.00000000000021,5.9
n,1000000,69,0.017400051082345352,9.821504266922778,57.91089140983006,5.896362,0.58,0.016666666666666607,10.000000000000036,59.00000000000021,5.9
n,1000000,70,0.015694580302710474,10.371986629457446,61.22378342033453,5.902802,0.60,0.016666666666666607,10.000000000000036,59.00000000000021,5.9
n,1000000,71,0.016310141762787084,10.615948846033,62.65503284272012,5.901972,0.60,0.016666666666666607,10.000000000000036,59.00000000000021,5.9
n,1000000,72,0.01685602908682697,10.015174849092805,59.095960274138996,5.900678,0.60,0.016666666666666607,10.000000000000036,59.00000000000021,5.9
n,1000000,73,0.017222662742168,9.736885103239386,57.43114860752862,5.898333,0.59,0.016666666666666607,10.000000000000036,59.00000000000021,5.9
n,1000000,74,0.016283862655170036,10.194432518773484,60.16415701806556,5.901671,0.60,0.016666666666666607,10.000000000000036,59.00000000000021,5.9
n,1000000,75,0.016399028396495017,9.899943640659172,58.42914615311649,5.901996,0.58,0.016666666666666607,10.000000000000036,59.00000000000021,5.9
n,1000000,76,0.016104674542937812,10.60653263612976,62.64507893366824,5.905925,0.59,0.016666666666666607,10.000000000000036,59.00000000000021,5.9
n,1000000,77,0.015480219822680347,11.106886786237126,65.53856173252252,5.900756,0.61,0.016666666666666607,10.000000000000036,59.00000000000021,5.9
n,1000000,78,0.017184752116117096,10.122087558537636,59.668308894011766,5.894877,0.58,0.016666666666666607,10.000000000000036,59.00000000000021,5.9
n,1000000,79,0.016143191225102407,9.949937926450362,58.689113622717926,5.898462,0.60,0.016666666666666607,10.000000000000036,59.00000000000021,5.9
n,1000000,80,0.016164239746830424,10.207670681521058,60.26287982902745,5.903711,0.60,0.016666666666666607,10.000000000000036,59.00000000000021,5.9
n,1000000,81,0.015312603006933928,10.644460040022405,62.80957560141216,5.900695,0.59,0.016666666666666607,10.000000000000036,59.00000000000021,5.9
n,1000000,82,0.017034888600818823,9.477220822717415,55.89156189608169,5.897485,0.59,0.016666666666666607,10.000000000000036,59.00000000000021,5.9
n,1000000,83,0.016192741517944528,10.095934386966677,59.57123733447017,5.900545,0.60,0.016666666666666607,10.000000000000036,59.00000000000021,5.9
n,1000000,84,0.01631053877582838,10.418039025895519,61.47926640254358,5.90097,0.60,0.016666666666666607,10.000000000000036,59.00000000000021,5.9
n,1000000,85,0.01701690641142098,10.452864847253563,61.68050364165005,5.90072,0.60,0.016666666666666607,10.000000000000036,59.00000000000021,5.9
n,1000000,86,0.017143993035708262,10.30477815266423,60.808398483765345,5.900959,0.59,0.016666666666666607,10.000000000000036,59.00000000000021,5.9
n,1000000,87,0.016103251053837114,10.908746321265804,64.40382365398136,5.903901,0.60,0.016666666666666607,10.000000000000036,59.00000000000021,5.9
n,1000000,88,0.015938094671841933,10.947828711298477,64.62975874898541,5.903466,0.59,0.016666666666666607,10.000000000000036,59.00000000000021,5.9
n,1000000,89,0.01742843768103071,9.192090216879448,54.23551177047706,5.900242,0.58,0.016666666666666607,10.000000000000036,59.00000000000021,5.9
n,1000000,90,0.01650639219292261,10.276569645435558,60.6291529517218,5.899775,0.59,0.016666666666666607,10.000000000000036,59.00000000000021,5.9
n,1000000,91,0.01819623460093232,9.057273450262734,53.402077556246084,5.896055,0.58,0.016666666666666607,10.000000000000036,59.00000000000021,5.9
n,1000000,92,0.017259177169381038,9.046174000139148,53.36856231167087,5.899586,0.59,0.016666666666666607,10.000000000000036,59.00000000000021,5.9
n,1000000,93,0.01601201472871566,10.138799842069139,59.8466881875295,5.902755,0.59,0.016666666666666607,10.000000000000036,59.00000000000021,5.9
n,1000000,94,0.017493122424404286,9.146230246544983,53.97236732269222,5.901062,0.60,0.016666666666666607,10.000000000000036,59.00000000000021,5.9
n,1000000,95,0.01647470251843288,10.063956473631995,59.3680682680515,5.899105,0.60,0.016666666666666607,10.000000000000036,59.00000000000021,5.9
n,1000000,96,0.017001085453265695,9.69999710111109,57.24615990103441,5.901682,0.58,0.016666666666666607,10.000000000000036,59.00000000000021,5.9
n,1000000,97,0.016550873777784105,10.153601045080256,59.89930919596068,5.899326,0.60,0.016666666666666607,10.000000000000036,59.00000000000021,5.9
n,1000000,98,0.01717059819595922,9.475539431111168,55.86333125574941,5.895543,0.59,0.016666666666666607,10.000000000000036,59.00000000000021,5.9
n,1000000,99,0.016791154851139755,9.565323827314694,56.41875850576618,5.898284,0.60,0.016666666666666607,10.000000000000036,59.00000000000021,5.9
n,1000000,100,0.016378582809695934,10.531363464698435,62.16926235883375,5.903258,0.59,0.016666666666666607,10.000000000000036,59.00000000000021,5.9
n,10000000,1,0.016488837759588783,10.06187028454892,59.37451953326527,5.9009435,5.51,0.016666666666666607,10.000000000000036,59.00000000000021,5.9
n,10000000,2,0.01663382756191633,9.945786643277044,58.672825249873355,5.8992676,5.58,0.016666666666666607,10.000000000000036,59.00000000000021,5.9
n,10000000,3,0.01650885608304527,10.115738512219867,59.69016466947011,5.9007238,5.50,0.016666666666666607,10.000000000000036,59.00000000000021,5.9
n,10000000,4,0.016637630517347138,10.135872068303673,59.807537629461024,5.9005758,5.51,0.016666666666666607,10.000000000000036,59.00000000000021,5.9
n,10000000,5,0.01703175249844296,9.97985234016171,58.874464527112266,5.8993342,5.57,0.016666666666666607,10.000000000000036,59.00000000000021,5.9
n,10000000,6,0.017038789324870806,9.714337265477782,57.29331965401737,5.8978134,5.58,0.016666666666666607,10.000000000000036,59.00000000000021,5.9
n,10000000,7,0.016910655054058244,9.824291934260764,57.9551808586223,5.8991742,5.56,0.016666666666666607,10.000000000000036,59.00000000000021,5.9
n,10000000,8,0.016503511570621,10.058330364459032,59.34351773411944,5.8999383,5.55,0.016666666666666607,10.000000000000036,59.00000000000021,5.9
n,10000000,9,0.016764329253188538,9.836111938833623,58.03395743193574,5.9000929,5.50,0.016666666666666607,10.000000000000036,59.00000000000021,5.9
n,10000000,10,0.016341255600814786,10.278502118627207,60.663471753023806,5.9019761,5.57,0.016666666666666607,10.000000000000036,59.00000000000021,5.9
n,10000000,11,0.016284872144418164,10.357847362242902,61.111569482455614,5.9000279,5.56,0.016666666666666607,10.000000000000036,59.00000000000021,5.9
n,10000000,12,0.01642398900406958,10.120498241420517,59.71828855413275,5.9007285,5.57,0.016666666666666607,10.000000000000036,59.00000000000021,5.9
n,10000000,13,0.016511064932200194,10.060484407540883,59.363594562155114,5.9006733,5.59,0.016666666666666607,10.000000000000036,59.00000000000021,5.9
n,10000000,14,0.01664800826679355,10.092951658221164,59.55855495833665,5.9010062,5.48,0.016666666666666607,10.000000000000036,59.00000000000021,5.9
n,10000000,15,0.01649650714944503,10.317496327337295,60.883348918100324,5.9009825,5.56,0.016666666666666607,10.000000000000036,59.00000000000021,5.9
n,10000000,16,0.01674233770851696,10.018137965559466,59.10908649249237,5.9002095,5.57,0.016666666666666607,10.000000000000036,59.00000000000021,5.9
n,10000000,17,0.01644349561258085,10.304283168564174,60.809517318422316,5.9013851,5.59,0.016666666666666607,10.000000000000036,59.00000000000021,5.9
n,10000000,18,0.01671277307343362,9.966632672424035,58.807179004112086,5.9004092,5.57,0.016666666666666607,10.000000000000036,59.00000000000021,5.9
n,10000000,19,0.016397431948455936,10.002169806007801,59.01859735711585,5.9005825,5.56,0.016666666666666607,10.000000000000036,59.00000000000021,5.9
n,10000000,20,0.016853756045827013,9.832268117221444,58.010155865543425,5.8999786,5.55,0.016666666666666607,10.000000000000036,59.00000000000021,5.9
n,10000000,21,0.01669892578049198,9.893601236979535,58.37668020812323,5.9004514,5.55,0.016666666666666607,10.000000000000036,59.00000000000021,5.9
n,10000000,22,0.01670519720390733,9.85055271136572,58.12998000151949,5.9011635,5.48,0.016666666666666607,10.000000000000036,59.00000000000021,5.9
n,10000000,23,0.01699091361496434,9.807362233894024,57.85135326402992,5.8987705,5.58,0.016666666666666607,10.000000000000036,59.00000000000021,5.9
n,10000000,24,0.016832404027869688,9.824880457568367,57.96270063445663,5.8995851,5.52,0.016666666666666607,10.000000000000036,59.00000000000021,5.9
n,10000000,25,0.016422666813898316,10.205170920832323,60.2197321604403,5.9009052,5.51,0.016666666666666607,10.000000000000036,59.00000000000021,5.9
n,10000000,26,0.01655102785416428,10.152087888274338,59.89622533942785,5.8998934,5.58,0.016666666666666607,10.000000000000036,59.00000000000021,5.9
n,10000000,27,0.0168159401065378,9.754841169982818,57.547776765584835,5.8994085,5.51,0.016666666666666607,10.000000000000036,59.00000000000021,5.9
n,10000000,28,0.016878864305639178,10.022985750219918,59.13358876613733,5.8997986,5.58,0.016666666666666607,10.000000000000036,59.00000000000021,5.9
n,10000000,29,0.01661686464024484,10.237221562145017,60.39645473282051,5.899693,5.59,0.016666666666666607,10.000000000000036,59.00000000000021,5.9
n,10000000,30,0.016780370776829697,9.783723102981781,57.71683159602182,5.8992737,5.60,0.016666666666666607,10.000000000000036,59.00000000000021,5.9
n,10000000,31,0.01680772613860109,9.862523146072727,58.18738772116076,5.8998165,5.49,0.016666666666666607,10.000000000000036,59.00000000000021,5.9
n,10000000,32,0.0165014804108293,9.967007310997662,58.81120594336504,5.9005918,5.57,0.016666666666666607,10.000000000000036,59.00000000000021,5.9
n,10000000,33,0.016752775441317994,9.970101633533389,58.81842600386758,5.8994762,5.49,0.016666666666666607,10.000000000000036,59.00000000000021,5.9
n,10000000,34,0.01659447483175357,9.777490898639247,57.6853592370698,5.8998131,5.54,0.016666666666666607,10.000000000000036,59.00000000000021,5.9
n,10000000,35,0.016696884298142974,10.062066984788554,59.3570529993546,5.8990946,5.51,0.016666666666666607,10.000000000000036,59.00000000000021,5.9
n,10000000,36,0.016619665079798188,10.043895398402405,59.264097004080234,5.90051,5.55,0.016666666666666607,10.000000000000036,59.00000000000021,5.9
n,10000000,37,0.016587043076673212,10.028981030113716,59.169194759913765,5.8998219,5.75,0.016666666666666607,10.000000000000036,59.00000000000021,5.9
n,10000000,38,0.016820608733310954,9.694912015611612,57.18769661105976,5.8987342,5.55,0.016666666666666607,10.000000000000036,59.00000000000021,5.9
n,10000000,39,0.01634975668970894,10.164188434414164,59.97263631319145,5.9003875,5.58,0.016666666666666607,10.000000000000036,59.00000000000021,5.9
n,10000000,40,0.016855822522005747,9.65524624818971,56.95984978319486,5.899368,5.56,0.016666666666666607,10.000000000000036,59.00000000000021,5.9
n,10000000,41,0.01686756178139244,9.771905957201742,57.64864552725046,5.89943,5.55,0.016666666666666607,10.000000000000036,59.00000000000021,5.9
n,10000000,42,0.01637589450678369,10.188962960295937,60.12850384196356,5.9013387,5.49,0.016666666666666607,10.000000000000036,59.00000000000021,5.9
n,10000000,43,0.01686669813691892,9.786208023120958,57.738268196130846,5.8999633,5.48,0.016666666666666607,10.000000000000036,59.00000000000021,5.9
n,10000000,44,0.016798639344232563,9.870878574286804,58.234107514954246,5.8995671,5.51,0.016666666666666607,10.000000000000036,59.00000000000021,5.9
n,10000000,45,0.01636709614608728,10.220840943581106,60.31001484045546,5.9006863,5.56,0.016666666666666607,10.000000000000036,59.00000000000021,5.9
n,10000000,46,0.016754742110584735,9.928530227844073,58.57547357324835,5.8997148,5.51,0.016666666666666607,10.000000000000036,59.00000000000021,5.9
n,10000000,47,0.01621696872055857,10.211687035405053,60.2593949125391,5.9010165,5.56,0.016666666666666607,10.000000000000036,59.00000000000021,5.9
n,10000000,48,0.016656358659526048,10.000781526289886,59.00079851428999,5.8996208,5.53,0.016666666666666607,10.000000000000036,59.00000000000021,5.9
n,10000000,49,0.016432206598931937,10.141097877909887,59.8437973254095,5.9011186,5.56,0.016666666666666607,10.000000000000036,59.00000000000021,5.9
n,10000000,50,0.016714261910408163,9.973133798810974,58.83548899993209,5.899399,5.65,0.016666666666666607,10.000000000000036,59.00000000000021,5.9
n,10000000,51,0.016752182176451462,9.772712456024994,57.65824018294518,5.8999239,5.56,0.016666666666666607,10.000000000000036,59.00000000000021,5.9
n,10000000,52,0.01681286873119777,10.022775023813324,59.127315437024734,5.8992669,5.56,0.016666666666666607,10.000000000000036,59.00000000000021,5.9
n,10000000,53,0.016548177398202402,10.157797718259076,59.94219981905122,5.901097,5.58,0.016666666666666607,10.000000000000036,59.00000000000021,5.9
n,10000000,54,0.016678400964209306,9.991103869482446,58.955420351971554,5.9007935,5.58,0.016666666666666607,10.000000000000036,59.00000000000021,5.9
n,10000000,55,0.016885229053728565,9.885600075958193,58.31960663670015,5.8994521,5.56,0.016666666666666607,10.000000000000036,59.00000000000021,5.9
n,10000000,56,0.0167879468250899,9.851400774881663,58.113401773228155,5.8990001,5.55,0.016666666666666607,10.000000000000036,59.00000000000021,5.9
n,10000000,57,0.016569925198232117,9.983742788311918,58.90547116182218,5.9001413,5.56,0.016666666666666607,10.000000000000036,59.00000000000021,5.9
n,10000000,58,0.01664939445444949,9.901996780318461,58.41924049354415,5.8997461,5.51,0.016666666666666607,10.000000000000036,59.00000000000021,5.9
n,10000000,59,0.01626854137410942,10.32407933150423,60.9162963831972,5.9004122,5.49,0.016666666666666607,10.000000000000036,59.00000000000021,5.9
n,10000000,60,0.016696602465641294,10.075070478197313,59.439120799338305,5.8996254,5.52,0.016666666666666607,10.000000000000036,59.00000000000021,5.9
n,10000000,61,0.01665853289330156,9.934038281430173,58.603557345561086,5.899271,5.51,0.016666666666666607,10.000000000000036,59.00000000000021,5.9
n,10000000,62,0.016532258296834537,10.157887231206189,59.94415452815213,5.9012446,5.50,0.016666666666666607,10.000000000000036,59.00000000000021,5.9
n,10000000,63,0.01632766634895493,10.136411587821016,59.81564661680799,5.9010515,5.49,0.016666666666666607,10.000000000000036,59.00000000000021,5.9
n,10000000,64,0.01686484378333253,9.92014489717881,58.52287442107914,5.8993609,5.50,0.016666666666666607,10.000000000000036,59.00000000000021,5.9
n,10000000,65,0.01674790813667959,9.97920159119232,58.87012122794121,5.899286,5.57,0.016666666666666607,10.000000000000036,59.00000000000021,5.9
n,10000000,66,0.016710011618635858,9.898094648466191,58.39792838018663,5.8999181,5.50,0.016666666666666607,10.000000000000036,59.00000000000021,5.9
n,10000000,67,0.0165620468439137,9.946278277002353,58.69407810918707,5.9011124,5.50,0.016666666666666607,10.000000000000036,59.00000000000021,5.9
n,10000000,68,0.01660098559815543,10.059724727757537,59.364103521514096,5.9011677,5.56,0.016666666666666607,10.000000000000036,59.00000000000021,5.9
n,10000000,69,0.016825259033936224,10.042356238514301,59.250935812973985,5.9001053,5.49,0.016666666666666607,10.000000000000036,59.00000000000021,5.9
n,10000000,70,0.01654919786779631,9.960356696248367,58.768677551660204,5.9002618,5.57,0.016666666666666607,10.000000000000036,59.00000000000021,5.9
n,10000000,71,0.016662918303704654,10.134924467538047,59.79509422370142,5.8999089,5.57,0.016666666666666607,10.000000000000036,59.00000000000021,5.9
n,10000000,72,0.0162848559975757,10.231110888493138,60.3797052363472,5.9015812,5.57,0.016666666666666607,10.000000000000036,59.00000000000021,5.9
n,10000000,73,0.016786552002227957,9.792111031574986,57.76226517551129,5.8988588,5.50,0.016666666666666607,10.000000000000036,59.00000000000021,5.9
n,10000000,74,0.017094376697831395,9.769249231097637,57.63054702245045,5.8991797,5.48,0.016666666666666607,10.000000000000036,59.00000000000021,5.9
n,10000000,75,0.01655905448794391,10.217859487501883,60.30019822057669,5.9014541,5.55,0.016666666666666607,10.000000000000036,59.00000000000021,5.9
n,10000000,76,0.016881818557652133,10.007707885293428,59.0415253610138,5.8996073,5.54,0.016666666666666607,10.000000000000036,59.00000000000021,5.9
n,10000000,77,0.01638425344297565,10.112612341946498,59.67190078249534,5.9007388,5.51,0.016666666666666607,10.000000000000036,59.00000000000021,5.9
n,10000000,78,0.016566536241586338,10.203189468886723,60.19426756283389,5.8995555,5.57,0.016666666666666607,10.000000000000036,59.00000000000021,5.9
n,10000000,79,0.016562007242528428,10.105767600228058,59.62106062217239,5.8997076,5.50,0.016666666666666607,10.000000000000036,59.00000000000021,5.9
n,10000000,80,0.016976156711268276,9.620527809967093,56.74993134469763,5.8988381,5.50,0.016666666666666607,10.000000000000036,59.00000000000021,5.9
n,10000000,81,0.01650725815099002,10.175820153466715,60.04272145727497,5.9005317,5.49,0.016666666666666607,10.000000000000036,59.00000000000021,5.9
n,10000000,82,0.016858824729852128,9.910330663441856,58.459186902088476,5.8988157,5.56,0.016666666666666607,10.000000000000036,59.00000000000021,5.9
n,10000000,83,0.016856756528530532,9.827757643977321,57.981684226986026,5.8997886,5.51,0.016666666666666607,10.000000000000036,59.00000000000021,5.9
n,10000000,84,0.016519450485582034,10.25765642322454,60.51838330419916,5.899827,5.50,0.016666666666666607,10.000000000000036,59.00000000000021,5.9
n,10000000,85,0.016503665855327407,10.107380428000312,59.640991926514936,5.9007375,5.51,0.016666666666666607,10.000000000000036,59.00000000000021,5.9
n,10000000,86,0.01669621647230983,10.163522048055775,59.96345274203452,5.8998696,5.55,0.016666666666666607,10.000000000000036,59.00000000000021,5.9
n,10000000,87,0.016856684122507525,9.91813902719094,58.511624136719405,5.899458,5.56,0.016666666666666607,10.000000000000036,59.00000000000021,5.9
n,10000000,88,0.01636933378845886,10.200309145034515,60.186864980927396,5.9004967,5.51,0.016666666666666607,10.000000000000036,59.00000000000021,5.9
n,10000000,89,0.016753646464219882,9.85609440030975,58.15839405394157,5.9007572,5.51,0.016666666666666607,10.000000000000036,59.00000000000021,5.9
n,10000000,90,0.01650303954250272,10.109386380506715,59.64319812198491,5.8997859,5.56,0.016666666666666607,10.000000000000036,59.00000000000021,5.9
n,10000000,91,0.016722830734796384,9.911125532082405,58.47567202622031,5.9000059,5.51,0.016666666666666607,10.000000000000036,59.00000000000021,5.9
n,10000000,92,0.016577400330124226,10.08941463557408,59.52535664435727,5.8997791,5.49,0.016666666666666607,10.000000000000036,59.00000000000021,5.9
n,10000000,93,0.01661331983549578,9.971119177813241,58.82966799017352,5.9000068,5.56,0.016666666666666607,10.000000000000036,59.00000000000021,5.9
n,10000000,94,0.016851857753176037,9.74264177696813,57.47661144045749,5.899492,5.55,0.016666666666666607,10.000000000000036,59.00000000000021,5.9
n,10000000,95,0.01667808837401275,10.088340036252516,59.51700724475221,5.899585,5.57,0.016666666666666607,10.000000000000036,59.00000000000021,5.9
n,10000000,96,0.016849244391512946,9.862306325006514,58.1788472749948,5.8991132,5.57,0.016666666666666607,10.000000000000036,59.00000000000021,5.9
n,10000000,97,0.016410184499648692,10.256347133294112,60.51745041949438,5.9004882,5.55,0.016666666666666607,10.000000000000036,59.00000000000021,5.9
n,10000000,98,0.016833317283020437,10.087293869768372,59.50653311959138,5.8991581,5.49,0.016666666666666607,10.000000000000036,59.00000000000021,5.9
n,10000000,99,0.016595771683476958,10.097545144388063,59.57701148176358,5.9001354,5.55,0.016666666666666607,10.000000000000036,59.00000000000021,5.9
n,10000000,100,0.016540655968272006,10.07365335505435,59.44544243537521,5.9010598,5.60,0.016666666666666607,10.000000000000036,59.00000000000021,5.9
